"hotelNo","hotelName","address1","address2","postalCode","areaCode","areaName","","","","","","","","","","","","",""
"141356","高濃度炭酸泉　八重桜の湯　スーパーホテルＰｒｅｍｉｅｒ東京駅八重洲中央口","東京都","中央区八重洲2-2-7　 ","104-0028","A","東京駅・銀座・秋葉原・東陽町・葛西","","","","","","","","","","","","",""
"74637","アパホテル＆リゾート〈東京ベイ潮見〉","東京都","江東区潮見2-8-6","135-0052","A","東京駅・銀座・秋葉原・東陽町・葛西","","","","","","","","","","","","",""
"153347","京急ＥＸイン　東銀座","東京都","中央区築地2丁目１５－１５","104-0045","A","東京駅・銀座・秋葉原・東陽町・葛西","","","","","","","","","","","","",""
"40780","京王プレッソイン大手町","東京都","中央区日本橋本石町4-4-1","103-0021","A","東京駅・銀座・秋葉原・東陽町・葛西","","","","","","","","","","","","",""
"151302","京急ＥＸイン　秋葉原","東京都","台東区秋葉原2-1","110-0006","A","東京駅・銀座・秋葉原・東陽町・葛西","","","","","","","","","","","","",""
"160960","京王プレッソイン東京駅八重洲","東京都","中央区京橋1-4-1","104-0031","A","東京駅・銀座・秋葉原・東陽町・葛西","","","","","","","","","","","","",""
"167516","ベルケンホテル・神田","東京都","千代田区神田須田町1-4-7","101-0041","A","東京駅・銀座・秋葉原・東陽町・葛西","","","","","","","","","","","","",""
"367","はとバス直営　銀座キャピタルホテル茜","東京都","中央区築地 ３－１－５","104-0045","A","東京駅・銀座・秋葉原・東陽町・葛西","","","","","","","","","","","","",""
"180271","ホテル　かずさや","東京都","中央区日本橋本町4-7-15","103-0023","A","東京駅・銀座・秋葉原・東陽町・葛西","","","","","","","","","","","","",""
"39646","京王プレッソイン日本橋茅場町","東京都","中央区日本橋茅場町1-3-5","103-0025","A","東京駅・銀座・秋葉原・東陽町・葛西","","","","","","","","","","","","",""
"4822","ホテルイースト２１東京（オークラホテルズ＆リゾーツ）","東京都","江東区東陽6-3-3","135-0016","A","東京駅・銀座・秋葉原・東陽町・葛西","","","","","","","","","","","","",""
"176736","天然温泉　奥湯河原の湯　スーパーホテルＰｒｅｍｉｅｒ秋葉原","東京都","千代田区神田須田町2-25-8","101-0041","A","東京駅・銀座・秋葉原・東陽町・葛西","","","","","","","","","","","","",""
"28576","帝国ホテル東京","東京都","千代田区内幸町1-1-1","100-8558","A","東京駅・銀座・秋葉原・東陽町・葛西","","","","","","","","","","","","",""
"165175","ホテルインターゲート東京京橋","東京都","中央区京橋3-7-8","104-0031","A","東京駅・銀座・秋葉原・東陽町・葛西","","","","","","","","","","","","",""
"167812","天然温泉　奥湯河原の湯　スーパーホテルＰｒｅｍｉｅｒ銀座","東京都","中央区銀座3-11-15","104-0061","A","東京駅・銀座・秋葉原・東陽町・葛西","","","","","","","","","","","","",""
"137869","東京ステーションホテル","東京都","千代田区丸の内1-9-1","100-0005","A","東京駅・銀座・秋葉原・東陽町・葛西","","","","","","","","","","","","",""
"178610","ダイワロイネットホテル東京京橋　ＰＲＥＭＩＥＲ","東京都","中央区京橋2-8-20","104-0031","A","東京駅・銀座・秋葉原・東陽町・葛西","","","","","","","","","","","","",""
"181179","相鉄フレッサイン　神田大手町","東京都","千代田区内神田2-8-4","101-0047","A","東京駅・銀座・秋葉原・東陽町・葛西","","","","","","","","","","","","",""
"178005","ホテル八重の翠東京","東京都","中央区八丁堀2-13-1","104-0032","A","東京駅・銀座・秋葉原・東陽町・葛西","","","","","","","","","","","","",""
"184244","オリンピックイン神田","東京都","千代田区神田富山町30-1","101-0043","A","東京駅・銀座・秋葉原・東陽町・葛西","","","","","","","","","","","","",""
"178446","京急ＥＸイン　東京・日本橋","東京都","中央区日本橋茅場町2-4-8","103-0025","A","東京駅・銀座・秋葉原・東陽町・葛西","","","","","","","","","","","","",""
"176718","ＪＲ東日本ホテルメッツ　プレミア　東京ベイ新木場","東京都","江東区新木場1-6-1","136-0082","A","東京駅・銀座・秋葉原・東陽町・葛西","","","","","","","","","","","","",""
"922","センターホテル東京","東京都","中央区日本橋兜町15-13","103-0026","A","東京駅・銀座・秋葉原・東陽町・葛西","","","","","","","","","","","","",""
"15204","ホテル　サードニクス東京","東京都","中央区八丁堀1-13-7","104-0032","A","東京駅・銀座・秋葉原・東陽町・葛西","","","","","","","","","","","","",""
"8961","八重洲ターミナルホテル","東京都","中央区八重洲1-5-14","103-0028","A","東京駅・銀座・秋葉原・東陽町・葛西","","","","","","","","","","","","",""
"184117","Ｌ　ｓｔａｙ＆ｇｒｏｗ晴海","東京都","中央区晴海3-8-1","104-0053","A","東京駅・銀座・秋葉原・東陽町・葛西","","","","","","","","","","","","",""
"178266","東京イーストサイド　ホテル櫂会","東京都","江東区潮見2-8-11","135-0052","A","東京駅・銀座・秋葉原・東陽町・葛西","","","","","","","","","","","","",""
"17712","西鉄イン日本橋","東京都","中央区日本橋小舟町15-18","103-0024","A","東京駅・銀座・秋葉原・東陽町・葛西","","","","","","","","","","","","",""
"18270","京王プレッソイン神田","東京都","千代田区神田多町2-8","101-0046","A","東京駅・銀座・秋葉原・東陽町・葛西","","","","","","","","","","","","",""
"56634","ホテルメトロポリタン丸の内","東京都","千代田区丸の内1-7-12 サピアタワー27階～34階","100-0005","A","東京駅・銀座・秋葉原・東陽町・葛西","","","","","","","","","","","","",""
"149164","ダイワロイネットホテル銀座　ＰＲＥＭＩＥＲ　２０２６年４月リニューアル","東京都","中央区銀座1丁目13-15","104-0061","A","東京駅・銀座・秋葉原・東陽町・葛西","","","","","","","","","","","","",""
"5309","グランドセントラルホテル＜東京都＞","東京都","千代田区神田司町2-2","101-0048","A","東京駅・銀座・秋葉原・東陽町・葛西","","","","","","","","","","","","",""
"41071","亀島川温泉　新川の湯　ドーミーイン東京八丁堀","東京都","中央区新川2－20－4","104-0033","A","東京駅・銀座・秋葉原・東陽町・葛西","","","","","","","","","","","","",""
"147713","ホテルサンルート銀座","東京都","中央区銀座1-15-11","104-0061","A","東京駅・銀座・秋葉原・東陽町・葛西","","","","","","","","","","","","",""
"193351","ホテルマリナーズコート東京","東京都","中央区晴海4-7-28","104-0053","A","東京駅・銀座・秋葉原・東陽町・葛西","","","","","","","","","","","","",""
"168428","アパホテル〈日本橋馬喰町駅前〉","東京都","中央区日本橋馬喰町1-6-6","103-0002","A","東京駅・銀座・秋葉原・東陽町・葛西","","","","","","","","","","","","",""
"153207","相鉄フレッサイン　銀座七丁目","東京都","中央区銀座7-11-12","104-0061","A","東京駅・銀座・秋葉原・東陽町・葛西","","","","","","","","","","","","",""
"52322","ワシントンＲ＆Ｂホテル東京東陽町","東京都","江東区南砂2-1-5","136-0076","A","東京駅・銀座・秋葉原・東陽町・葛西","","","","","","","","","","","","",""
"181376","Ｌ　ｓｔａｙ＆ｇｒｏｗ南砂町","東京都","江東区南砂7-10‐14","136-0076","A","東京駅・銀座・秋葉原・東陽町・葛西","","","","","","","","","","","","",""
"104554","秋葉原ワシントンホテル","東京都","千代田区神田佐久間町1-8-3","101-0025","A","東京駅・銀座・秋葉原・東陽町・葛西","","","","","","","","","","","","",""
"168314","ホテルＳＵＩ神田ｂｙＡＢＥＳＴ","東京都","千代田区鍛冶町1-9-15","101-0044","A","東京駅・銀座・秋葉原・東陽町・葛西","","","","","","","","","","","","",""
"165857","相鉄フレッサイン東京神田","東京都","千代田区神田紺屋町8-1","101-0035","A","東京駅・銀座・秋葉原・東陽町・葛西","","","","","","","","","","","","",""
"5628","デイナイスホテル東京","東京都","江東区木場2-1-1","135-0042","A","東京駅・銀座・秋葉原・東陽町・葛西","","","","","","","","","","","","",""
"41707","東急ステイ門前仲町","東京都","江東区富岡1-23-2","135-0047","A","東京駅・銀座・秋葉原・東陽町・葛西","","","","","","","","","","","","",""
"68107","レム日比谷","東京都","千代田区有楽町1-2-1","100-0006","A","東京駅・銀座・秋葉原・東陽町・葛西","","","","","","","","","","","","",""
"188764","プレミアホテルーＣＡＢＩＮ　ＰＲＥＳＩＤＥＮＴー東京","東京都","中央区晴海３丁目２番７号","104-0053","A","東京駅・銀座・秋葉原・東陽町・葛西","","","","","","","","","","","","",""
"176544","ＪＲ東日本ホテルメッツ　プレミア　秋葉原","東京都","千代田区外神田一丁目17-4","101-0021","A","東京駅・銀座・秋葉原・東陽町・葛西","","","","","","","","","","","","",""
"161040","明神の湯ドーミーインＰＲＥＭＩＵＭ神田（ドーミーイン・御宿野乃　ホテルズグループ）","東京都","千代田区神田須田町1-16","101-0041","A","東京駅・銀座・秋葉原・東陽町・葛西","","","","","","","","","","","","",""
"4910","パールホテル茅場町","東京都","中央区新川1-2-5","104-0033","A","東京駅・銀座・秋葉原・東陽町・葛西","","","","","","","","","","","","",""
"7342","神田ステーションホテル","東京都","千代田区鍛冶町1-4-3","101-0044","A","東京駅・銀座・秋葉原・東陽町・葛西","","","","","","","","","","","","",""
"129632","アパホテル〈人形町駅北〉","東京都","中央区日本橋堀留町2-9-4","103-0012","A","東京駅・銀座・秋葉原・東陽町・葛西","","","","","","","","","","","","",""
"188130","アパホテル〈茅場町八丁堀駅前〉","東京都","中央区日本橋茅場町3-8-5","103-0025			","A","東京駅・銀座・秋葉原・東陽町・葛西","","","","","","","","","","","","",""
"1494","ホテル銀座ダイエー","東京都","中央区銀座3-12-2","104-0061","A","東京駅・銀座・秋葉原・東陽町・葛西","","","","","","","","","","","","",""
"191560","東京豊洲　万葉倶楽部","東京都","江東区豊洲6-5-1","135-0061","A","東京駅・銀座・秋葉原・東陽町・葛西","","","","","","","","","","","","",""
"167815","はとバス直営　銀座キャピタルホテル萌木","東京都","中央区築地3-3-1","104-0045","A","東京駅・銀座・秋葉原・東陽町・葛西","","","","","","","","","","","","",""
"18164","ワシントンＲ＆Ｂホテル東日本橋","東京都","中央区東日本橋2-15-6","103-0004","A","東京駅・銀座・秋葉原・東陽町・葛西","","","","","","","","","","","","",""
"187176","トーセイホテル　ココネ築地銀座プレミア","東京都","中央区築地6-23-8","104-0045","A","東京駅・銀座・秋葉原・東陽町・葛西","","","","","","","","","","","","",""
"184685","パレスホテル東京","東京都","千代田区丸の内1-1-1","100-0005","A","東京駅・銀座・秋葉原・東陽町・葛西","","","","","","","","","","","","",""
"142746","アパホテル＜銀座　新富町駅前＞【２０２６年３月客室設備リニューアル】","東京都","中央区新富2-5-10","104-0041","A","東京駅・銀座・秋葉原・東陽町・葛西","","","","","","","","","","","","",""
"149481","東急ステイ銀座","東京都","中央区銀座4-10-5","104-0061","A","東京駅・銀座・秋葉原・東陽町・葛西","","","","","","","","","","","","",""
"134799","ソラリア西鉄ホテル銀座","東京都","中央区銀座4丁目9-2","104-0061","A","東京駅・銀座・秋葉原・東陽町・葛西","","","","","","","","","","","","",""
"158347","伝馬の湯　ドーミーインＰＲＥＭＩＵＭ東京小伝馬町（ドーミーイン・御宿野乃　ホテルズグループ）","東京都","中央区日本橋小伝馬町2-3","103-0001","A","東京駅・銀座・秋葉原・東陽町・葛西","","","","","","","","","","","","",""
"178293","東京ベイ潮見プリンスホテル","東京都","江東区潮見2-8-16","135-0052","A","東京駅・銀座・秋葉原・東陽町・葛西","","","","","","","","","","","","",""
"1990","スマイルホテル日本橋三越前","東京都","中央区日本橋本町1-4-14","103-0023","A","東京駅・銀座・秋葉原・東陽町・葛西","","","","","","","","","","","","",""
"50461","スマイルホテル東京西葛西","東京都","江戸川区西葛西3-15-5","134-0088","A","東京駅・銀座・秋葉原・東陽町・葛西","","","","","","","","","","","","",""
"20242","ホテル　ルミエール葛西","東京都","江戸川区中葛西5-41-20","134-0083","A","東京駅・銀座・秋葉原・東陽町・葛西","","","","","","","","","","","","",""
"39980","すえひろの湯　ドーミーイン秋葉原（ドーミーイン・御宿野乃　ホテルズグループ）","東京都","千代田区外神田4-12-5","101-0021","A","東京駅・銀座・秋葉原・東陽町・葛西","","","","","","","","","","","","",""
"41069","三井ガーデンホテル銀座プレミア","東京都","中央区銀座8－13－1","104-0061","A","東京駅・銀座・秋葉原・東陽町・葛西","","","","","","","","","","","","",""
"15041","銀座ベルビューホテル","東京都","中央区銀座6-4-14","104-0061","A","東京駅・銀座・秋葉原・東陽町・葛西","","","","","","","","","","","","",""
"192884","アパホテル〈東京西葛西駅前〉","東京都","江戸川区西葛西5-5-18","134-0088","A","東京駅・銀座・秋葉原・東陽町・葛西","","","","","","","","","","","","",""
"109470","アパホテル〈日本橋浜町駅南〉","東京都","中央区日本橋浜町3-43-8","103-0007","A","東京駅・銀座・秋葉原・東陽町・葛西","","","","","","","","","","","","",""
"958","スマイルホテル東京日本橋","東京都","中央区日本橋茅場町2-13-5","103-0025","A","東京駅・銀座・秋葉原・東陽町・葛西","","","","","","","","","","","","",""
"139945","相鉄フレッサイン　東京東陽町駅前","東京都","江東区東陽4-4-3","135-0016","A","東京駅・銀座・秋葉原・東陽町・葛西","","","","","","","","","","","","",""
"40568","東急ステイ日本橋","東京都","中央区日本橋本町4-7-9","103-0023","A","東京駅・銀座・秋葉原・東陽町・葛西","","","","","","","","","","","","",""
"76496","ホテル龍名館東京","東京都","中央区八重洲1-3-22","103-0028","A","東京駅・銀座・秋葉原・東陽町・葛西","","","","","","","","","","","","",""
"69217","コンフォートホテル東京神田","東京都","千代田区神田東松下町11-2","101-0042","A","東京駅・銀座・秋葉原・東陽町・葛西","","","","","","","","","","","","",""
"134922","相鉄フレッサイン　東京京橋","東京都","中央区京橋2-11-1","104-0031","A","東京駅・銀座・秋葉原・東陽町・葛西","","","","","","","","","","","","",""
"188020","アパホテル〈八丁堀駅前〉","東京都","中央区八丁堀2-26-3","104-0032","A","東京駅・銀座・秋葉原・東陽町・葛西","","","","","","","","","","","","",""
"16727","ホテルルートインＧｒａｎｄ東京東陽町","東京都","江東区東陽2-3-12","135-0016","A","東京駅・銀座・秋葉原・東陽町・葛西","","","","","","","","","","","","",""
"5562","丸ノ内ホテル","東京都","千代田区丸の内1-6-3","100-0005","A","東京駅・銀座・秋葉原・東陽町・葛西","","","","","","","","","","","","",""
"41702","東急ステイ築地（旧：東急ステイ東銀座）","東京都","中央区築地4-11-5","104-0045","A","東京駅・銀座・秋葉原・東陽町・葛西","","","","","","","","","","","","",""
"1566","ロイヤルパークホテル","東京都","中央区日本橋蛎殻町2-1-1","103-8520","A","東京駅・銀座・秋葉原・東陽町・葛西","","","","","","","","","","","","",""
"166134","アパホテル〈日本橋　馬喰町駅北〉","東京都","千代田区東神田1-14-1","101-0031","A","東京駅・銀座・秋葉原・東陽町・葛西","","","","","","","","","","","","",""
"164859","変なホテル東京　西葛西","東京都","江戸川区西葛西5-4-7","134-0088","A","東京駅・銀座・秋葉原・東陽町・葛西","","","","","","","","","","","","",""
"167921","ホテルリソル秋葉原","東京都","千代田区神田須田町2-25-12","101-0041","A","東京駅・銀座・秋葉原・東陽町・葛西","","","","","","","","","","","","",""
"31972","コンフォートホテル東京清澄白河","東京都","江東区白河1-6-12","135-0021","A","東京駅・銀座・秋葉原・東陽町・葛西","","","","","","","","","","","","",""
"172447","Ｊホテル東京ジオ","東京都","中央区日本橋本石町3-1-6","103-0021","A","東京駅・銀座・秋葉原・東陽町・葛西","","","","","","","","","","","","",""
"179996","アパホテル〈日本橋　馬喰横山駅前〉","東京都","中央区日本橋横山町5-6","103-0003","A","東京駅・銀座・秋葉原・東陽町・葛西","","","","","","","","","","","","",""
"147027","アパホテル〈東日本橋駅前〉","東京都","中央区東日本橋3-12-14","103-0004","A","東京駅・銀座・秋葉原・東陽町・葛西","","","","","","","","","","","","",""
"135970","アパホテル〈小伝馬町駅前〉","東京都","中央区日本橋大伝馬町14-20","103-0011","A","東京駅・銀座・秋葉原・東陽町・葛西","","","","","","","","","","","","",""
"168392","ＴＨＥ　ＧＡＴＥ　ＨＯＴＥＬ（ザ・ゲートホテル）　東京　ｂｙ　ＨＵＬＩＣ","東京都","千代田区有楽町2-2-3","100-0006","A","東京駅・銀座・秋葉原・東陽町・葛西","","","","","","","","","","","","",""
"864","銀座国際ホテル","東京都","中央区銀座8-7-13","104-0061","A","東京駅・銀座・秋葉原・東陽町・葛西","","","","","","","","","","","","",""
"165001","アパホテル〈ＴＫＰ東京西葛西〉","東京都","江戸川区西葛西6-15-24","134-0088","A","東京駅・銀座・秋葉原・東陽町・葛西","","","","","","","","","","","","",""
"5001","ホテルモントレ　ラ・スールギンザ","東京都","中央区銀座1-10-18","104-0061","A","東京駅・銀座・秋葉原・東陽町・葛西","","","","","","","","","","","","",""
"128268","ヴィアイン秋葉原（ＪＲ西日本グループ）","東京都","千代田区神田須田町2丁目19番4号","101-0041","A","東京駅・銀座・秋葉原・東陽町・葛西","","","","","","","","","","","","",""
"158639","ＨＯＴＥＬ　ＡＸＡＳ　ＮＩＨＯＮＢＡＳＨＩ（ホテルアクサス日本橋）","東京都","中央区日本橋箱崎町20-12 ホテルアクサス日本橋","103-0015","A","東京駅・銀座・秋葉原・東陽町・葛西","","","","","","","","","","","","",""
"172409","ＤＤＤ　ＨＯＴＥＬ","東京都","中央区日本橋馬喰町2-2-1","103-0002","A","東京駅・銀座・秋葉原・東陽町・葛西","","","","","","","","","","","","",""
"181069","ＭＵＪＩ　ＨＯＴＥＬ　ＧＩＮＺＡ","東京都","中央区銀座3-3-5　6F","104-0061","A","東京駅・銀座・秋葉原・東陽町・葛西","","","","","","","","","","","","",""
"129539","アパホテル〈築地駅南〉","東京都","中央区築地7丁目10番11号","104-0045","A","東京駅・銀座・秋葉原・東陽町・葛西","","","","","","","","","","","","",""
"165193","アパホテル〈神田駅前〉","東京都","千代田区鍛冶町2-10-3","101-0044","A","東京駅・銀座・秋葉原・東陽町・葛西","","","","","","","","","","","","",""
"182801","天然温泉　七宝の湯　ドーミーインＰＲＥＭＩＵＭ銀座","東京都","中央区銀座6-16-8","104-0061","A","東京駅・銀座・秋葉原・東陽町・葛西","","","","","","","","","","","","",""
"172210","ｈｏｔｅｌ　ＭＯＮｄａｙ　東京西葛西","東京都","江戸川区西葛西6-8-7","134-0088","A","東京駅・銀座・秋葉原・東陽町・葛西","","","","","","","","","","","","",""
"4913","銀座クレストン（旧東京新阪急ホテル）","東京都","中央区明石町８番　聖路加タワー内","104-0044","A","東京駅・銀座・秋葉原・東陽町・葛西","","","","","","","","","","","","",""
"138036","アパホテル〈秋葉原駅前〉","東京都","千代田区神田佐久間町2-13-20","101-0025","A","東京駅・銀座・秋葉原・東陽町・葛西","","","","","","","","","","","","",""
"168198","ザ・スクエアホテル銀座","東京都","中央区銀座2-11-6","104-0061","A","東京駅・銀座・秋葉原・東陽町・葛西","","","","","","","","","","","","",""
"70295","コンフォートホテル東京東日本橋","東京都","中央区日本橋馬喰町1-10-11","103-0002","A","東京駅・銀座・秋葉原・東陽町・葛西","","","","","","","","","","","","",""
"1835","アルモントイン東京日本橋","東京都","中央区日本橋小網町4-6","103-0016","A","東京駅・銀座・秋葉原・東陽町・葛西","","","","","","","","","","","","",""
"161025","全館禁煙　レンブラントスタイル東京西葛西グランデ","東京都","江戸川区西葛西6-19-18","134-0088","A","東京駅・銀座・秋葉原・東陽町・葛西","","","","","","","","","","","","",""
"178644","アパホテル〈人形町駅東〉","東京都","中央区日本橋富沢町2-11","103-0006","A","東京駅・銀座・秋葉原・東陽町・葛西","","","","","","","","","","","","",""
"168463","エスペリアイン日本橋箱崎","東京都","中央区日本橋中洲4-9","103-0008","A","東京駅・銀座・秋葉原・東陽町・葛西","","","","","","","","","","","","",""
"9364","ホテル日本橋サイボー","東京都","中央区日本橋人形町3-3-16","103-0013","A","東京駅・銀座・秋葉原・東陽町・葛西","","","","","","","","","","","","",""
"182883","ホテルリソルステイ秋葉原","東京都","千代田区神田須田町2-17-10","101-0041","A","東京駅・銀座・秋葉原・東陽町・葛西","","","","","","","","","","","","",""
"191718","アパホテル〈秋葉原末広町駅前〉（電気街）","東京都","千代田区外神田3-15-7","101-0021","A","東京駅・銀座・秋葉原・東陽町・葛西","","","","","","","","","","","","",""
"197683","Ｐｒｅｍｉｕｍ　ｈｏｔｅｌ　ＭＯＮｄａｙ　舞浜ビューⅠ","東京都","江戸川区南葛西6-2-22","134-0085","A","東京駅・銀座・秋葉原・東陽町・葛西","","","","","","","","","","","","",""
"181104","アパホテル〈秋葉原駅北〉","東京都","台東区台東一丁目29番2号","110-0016","A","東京駅・銀座・秋葉原・東陽町・葛西","","","","","","","","","","","","",""
"166354","アパホテル〈八丁堀　新富町〉","東京都","中央区新富1-17-8","104-0041","A","東京駅・銀座・秋葉原・東陽町・葛西","","","","","","","","","","","","",""
"165557","ホテルミュッセ銀座名鉄","東京都","中央区銀座七丁目12番9号","104-0061","A","東京駅・銀座・秋葉原・東陽町・葛西","","","","","","","","","","","","",""
"129892","ホテルシーサイド江戸川","東京都","江戸川区臨海町6-2-2","134-0086","A","東京駅・銀座・秋葉原・東陽町・葛西","","","","","","","","","","","","",""
"164860","変なホテル東京　銀座","東京都","中央区築地2-2-1","104-0045","A","東京駅・銀座・秋葉原・東陽町・葛西","","","","","","","","","","","","",""
"144960","アパホテル〈銀座京橋南〉（東京駅八重洲南口）２０２６年５月客室設備リニューアル","東京都","中央区京橋3-11-2","104-0031","A","東京駅・銀座・秋葉原・東陽町・葛西","","","","","","","","","","","","",""
"189226","ホテル　イルフィオーレ葛西　ＡＮＮＥＸ","東京都","江戸川区東葛西6-1-7","134-0084","A","東京駅・銀座・秋葉原・東陽町・葛西","","","","","","","","","","","","",""
"153370","女性だけが泊まれるカプセルホテル　秋葉原ＢＡＹ　ＨＯＴＥＬ（秋葉原ベイホテル）","東京都","千代田区神田練塀町44-4","101-0022","A","東京駅・銀座・秋葉原・東陽町・葛西","","","","","","","","","","","","",""
"562","住庄ほてる","東京都","中央区日本橋小舟町9-14","103-0024","A","東京駅・銀座・秋葉原・東陽町・葛西","","","","","","","","","","","","",""
"109469","アパホテル〈八丁堀駅南〉","東京都","中央区新富1-14-7","104-0041","A","東京駅・銀座・秋葉原・東陽町・葛西","","","","","","","","","","","","",""
"165087","ホテルイルフィオーレ葛西","東京都","江戸川区東葛西6-5-8","134-0084","A","東京駅・銀座・秋葉原・東陽町・葛西","","","","","","","","","","","","",""
"136289","スーパーホテル東京・日本橋三越前","東京都","中央区日本橋小舟町14-13","103-0024","A","東京駅・銀座・秋葉原・東陽町・葛西","","","","","","","","","","","","",""
"136820","アパホテル〈神田駅東〉","東京都","千代田区岩本町2-1-1","101-0032","A","東京駅・銀座・秋葉原・東陽町・葛西","","","","","","","","","","","","",""
"160785","コンフォートホテルＥＲＡ東京東神田","東京都","千代田区東神田1-9-10","101-0031","A","東京駅・銀座・秋葉原・東陽町・葛西","","","","","","","","","","","","",""
"183213","アパホテル〈秋葉原駅東〉","東京都","千代田区神田佐久間町3-2","101-0025","A","東京駅・銀座・秋葉原・東陽町・葛西","","","","","","","","","","","","",""
"171899","ＨＡＭＡＣＨＯ　ＨＯＴＥＬ　ＴＯＫＹＯ（浜町ホテル　東京）","東京都","中央区日本橋浜町3-20-2","103-0007","A","東京駅・銀座・秋葉原・東陽町・葛西","","","","","","","","","","","","",""
"162836","アパホテル〈秋葉原駅電気街口〉","東京都","千代田区外神田3-11-4","101-0021","A","東京駅・銀座・秋葉原・東陽町・葛西","","","","","","","","","","","","",""
"15759","ＫＫＲホテル東京（国家公務員共済組合連合会東京共済会館）","東京都","千代田区大手町1-4-1","100-0004","A","東京駅・銀座・秋葉原・東陽町・葛西","","","","","","","","","","","","",""
"164568","相鉄フレッサイン　銀座三丁目","東京都","中央区銀座3-8-4","104-0061","A","東京駅・銀座・秋葉原・東陽町・葛西","","","","","","","","","","","","",""
"187298","ブルガリ　ホテル　東京","東京都","中央区八重洲2-2-1","104-0028","A","東京駅・銀座・秋葉原・東陽町・葛西","","","","","","","","","","","","",""
"67866","ホテル　ルミエール西葛西","東京都","江戸川区西葛西6-20-3","134-0088","A","東京駅・銀座・秋葉原・東陽町・葛西","","","","","","","","","","","","",""
"171942","京成リッチモンドホテル東京門前仲町","東京都","江東区門前仲町2-8-9","135-0048","A","東京駅・銀座・秋葉原・東陽町・葛西","","","","","","","","","","","","",""
"41851","ホテルマイステイズ神田","東京都","千代田区岩本町1丁目2-2","101-0032","A","東京駅・銀座・秋葉原・東陽町・葛西","","","","","","","","","","","","",""
"142653","安心お宿　Ｔｏｋｙｏ　Ｍａｎ　秋葉原電気街店","東京都","千代田区外神田1-2-12","101-0021","A","東京駅・銀座・秋葉原・東陽町・葛西","","","","","","","","","","","","",""
"80764","住友不動産ホテル　ヴィラフォンテーヌ東京日本橋三越前","東京都","中央区日本橋本町1-7-6","103-0023","A","東京駅・銀座・秋葉原・東陽町・葛西","","","","","","","","","","","","",""
"158365","アパホテル〈銀座　新富町駅前北〉","東京都","中央区新富１丁目12番11号","104-0041","A","東京駅・銀座・秋葉原・東陽町・葛西","","","","","","","","","","","","",""
"184122","ＫＯＫＯ　ＨＯＴＥＬ　Ｐｒｅｍｉｅｒ　日本橋浜町","東京都","中央区日本橋浜町2-30-4","103-0007","A","東京駅・銀座・秋葉原・東陽町・葛西","","","","","","","","","","","","",""
"197912","ふふ　東京　銀座（２０２５年１１月１６日開業）","東京都","中央区銀座1-7-10","104-0061","A","東京駅・銀座・秋葉原・東陽町・葛西","","","","","","","","","","","","",""
"198376","東京海員会館","東京都","中央区晴海3-7-1","104-0053","A","東京駅・銀座・秋葉原・東陽町・葛西","","","","","","","","","","","","",""
"80761","住友不動産ホテル　ヴィラフォンテーヌ東京大手町","東京都","千代田区内神田1-8-8","101-0047","A","東京駅・銀座・秋葉原・東陽町・葛西","","","","","","","","","","","","",""
"176563","ヴィアインプライム日本橋人形町（ＪＲ西日本グループ）","東京都","中央区日本橋小網町16番12号","103-0016","A","東京駅・銀座・秋葉原・東陽町・葛西","","","","","","","","","","","","",""
"166107","三井ガーデンホテル日本橋プレミア","東京都","中央区日本橋室町3丁目4番地4号","103-0022","A","東京駅・銀座・秋葉原・東陽町・葛西","","","","","","","","","","","","",""
"192117","ネストホテル東京八重洲","東京都","中央区日本橋兜町18-3","103-0026","A","東京駅・銀座・秋葉原・東陽町・葛西","","","","","","","","","","","","",""
"168396","レム東京京橋","東京都","中央区京橋2-6-21","104-0031","A","東京駅・銀座・秋葉原・東陽町・葛西","","","","","","","","","","","","",""
"151505","三井ガーデンホテル京橋","東京都","中央区京橋1-3-6","104-0031","A","東京駅・銀座・秋葉原・東陽町・葛西","","","","","","","","","","","","",""
"41073","相鉄フレッサイン　日本橋茅場町","東京都","中央区日本橋茅場町1-3-10","103-0025","A","東京駅・銀座・秋葉原・東陽町・葛西","","","","","","","","","","","","",""
"162965","ホテルＳＵＩ銀座京橋ｂｙＡＢＥＳＴ","東京都","中央区京橋3-9-1","104-0031","A","東京駅・銀座・秋葉原・東陽町・葛西","","","","","","","","","","","","",""
"130007","ヴィアイン東銀座（ＪＲ西日本グループ）","東京都","中央区築地2丁目15番13号","104-0045","A","東京駅・銀座・秋葉原・東陽町・葛西","","","","","","","","","","","","",""
"183932","東横ＩＮＮ東西線木場駅","東京都","江東区木場5-6-4","135-0042","A","東京駅・銀座・秋葉原・東陽町・葛西","","","","","","","","","","","","",""
"179937","アゴーラ　東京銀座","東京都","中央区銀座5-14-7","104-0061","A","東京駅・銀座・秋葉原・東陽町・葛西","","","","","","","","","","","","",""
"184598","ザ・ペニンシュラ東京","東京都","千代田区有楽町1-8-1","100-0006","A","東京駅・銀座・秋葉原・東陽町・葛西","","","","","","","","","","","","",""
"184009","マンダリン　オリエンタル　東京","東京都","中央区日本橋室町2-1-1","103-8328","A","東京駅・銀座・秋葉原・東陽町・葛西","","","","","","","","","","","","",""
"11315","ホテル奉仕会館","東京都","中央区日本橋横山町5-8-5F","103-0003","A","東京駅・銀座・秋葉原・東陽町・葛西","","","","","","","","","","","","",""
"184530","Ｔａｂｉｓｔ　銀座","東京都","中央区銀座7-17-7","104-0061","A","東京駅・銀座・秋葉原・東陽町・葛西","","","","","","","","","","","","",""
"10831","ＢＡＮ　ＨＯＴＥＬ　築地銀座","東京都","中央区築地3-17-10","104-0045","A","東京駅・銀座・秋葉原・東陽町・葛西","","","","","","","","","","","","",""
"70356","東横ＩＮＮ東西線西葛西","東京都","江戸川区西葛西5-11-12","134-0088","A","東京駅・銀座・秋葉原・東陽町・葛西","","","","","","","","","","","","",""
"147093","ミレニアム三井ガーデンホテル東京","東京都","中央区銀座5-11-1","104-0061","A","東京駅・銀座・秋葉原・東陽町・葛西","","","","","","","","","","","","",""
"183323","ホテル　モンテ　エルマーナ東京","東京都","中央区日本橋3-3-15","103-0027","A","東京駅・銀座・秋葉原・東陽町・葛西","","","","","","","","","","","","",""
"176635","レムプラス銀座","東京都","中央区銀座8-11-11","104-0061","A","東京駅・銀座・秋葉原・東陽町・葛西","","","","","","","","","","","","",""
"160831","ＬＹＵＲＯ　東京清澄　ｂｙ　ＴＨＥ　ＳＨＡＲＥ　ＨＯＴＥＬＳ","東京都","江東区清澄1-1-7 ","135-0024","A","東京駅・銀座・秋葉原・東陽町・葛西","","","","","","","","","","","","",""
"5002","ホテルモントレ銀座","東京都","中央区銀座2-10-2","104-0061","A","東京駅・銀座・秋葉原・東陽町・葛西","","","","","","","","","","","","",""
"130521","ホテルリブマックスＢＵＤＧＥＴ東京木場","東京都","江東区東陽1-27-6","135-0016","A","東京駅・銀座・秋葉原・東陽町・葛西","","","","","","","","","","","","",""
"166074","三井ガーデンホテル大手町","東京都","千代田区内神田2-1-2","101-0047","A","東京駅・銀座・秋葉原・東陽町・葛西","","","","","","","","","","","","",""
"183800","ＥＬＥ　ｈｏｔｅｌ　Ｇｉｎｚａ　Ｅａｓｔ","東京都","中央区新富1-15-10","104-0041","A","東京駅・銀座・秋葉原・東陽町・葛西","","","","","","","","","","","","",""
"172702","御徒町アーバンホテル","東京都","千代田区外神田6-16-8","101-0021","A","東京駅・銀座・秋葉原・東陽町・葛西","","","","","","","","","","","","",""
"1420","ビジネスホテル堀留ヴィラ","東京都","中央区日本橋堀留町1-10-10","103-0012","A","東京駅・銀座・秋葉原・東陽町・葛西","","","","","","","","","","","","",""
"165588","ＧＬＡＮＳＩＴ　ＡＫＩＨＡＢＡＲＡ（グランジット　秋葉原）","東京都","千代田区外神田4-4-6","101-0021","A","東京駅・銀座・秋葉原・東陽町・葛西","","","","","","","","","","","","",""
"166080","ホテル京阪　築地銀座　グランデ","東京都","中央区築地3丁目5-4","104-0045","A","東京駅・銀座・秋葉原・東陽町・葛西","","","","","","","","","","","","",""
"179205","イチホテル東京八丁堀","東京都","中央区八丁堀3-26-11","104-0032","A","東京駅・銀座・秋葉原・東陽町・葛西","","","","","","","","","","","","",""
"177433","ホテルリブマックス日本橋小網町","東京都","中央区日本橋小網町10-7","103-0016","A","東京駅・銀座・秋葉原・東陽町・葛西","","","","","","","","","","","","",""
"75217","東横ＩＮＮ東京駅新大橋前","東京都","中央区日本橋浜町2-58-2","103-0007","A","東京駅・銀座・秋葉原・東陽町・葛西","","","","","","","","","","","","",""
"164923","トーセイホテルココネ神田","東京都","千代田区内神田3-2-10","101-0047","A","東京駅・銀座・秋葉原・東陽町・葛西","","","","","","","","","","","","",""
"172931","三井ガーデンホテル銀座五丁目","東京都","中央区銀座5-13-15","104-0061","A","東京駅・銀座・秋葉原・東陽町・葛西","","","","","","","","","","","","",""
"28558","ホテルマイステイズ清澄白河","東京都","江東区常盤1-12-16","135-0006","A","東京駅・銀座・秋葉原・東陽町・葛西","","","","","","","","","","","","",""
"178893","ホテルビスタ東京［築地］","東京都","中央区築地4-3-9","104-0045","A","東京駅・銀座・秋葉原・東陽町・葛西","","","","","","","","","","","","",""
"53403","ホテルグレイスリー銀座","東京都","中央区銀座7-10-1 フロント3階","104-0061","A","東京駅・銀座・秋葉原・東陽町・葛西","","","","","","","","","","","","",""
"140740","相鉄フレッサイン　日本橋人形町","東京都","中央区日本橋蛎殻町1-15-4","103-0014","A","東京駅・銀座・秋葉原・東陽町・葛西","","","","","","","","","","","","",""
"68657","東横ＩＮＮ門前仲町永代橋","東京都","江東区永代1-15-3","135-0034","A","東京駅・銀座・秋葉原・東陽町・葛西","","","","","","","","","","","","",""
"80754","住友不動産ホテル　ヴィラフォンテーヌ東京茅場町","東京都","中央区新川1-8-2","104-0033","A","東京駅・銀座・秋葉原・東陽町・葛西","","","","","","","","","","","","",""
"191480","三井ガーデンホテル銀座築地","東京都","中央区築地4-7-1","104-0045","A","東京駅・銀座・秋葉原・東陽町・葛西","","","","","","","","","","","","",""
"183393","イビススタイルズ東京銀座","東京都","中央区銀座7-10-9","104-0061","A","東京駅・銀座・秋葉原・東陽町・葛西","","","","","","","","","","","","",""
"182882","ＫＯＫＯ　ＨＯＴＥＬ　築地　銀座","東京都","中央区築地6-8-8","104-0045","A","東京駅・銀座・秋葉原・東陽町・葛西","","","","","","","","","","","","",""
"80763","住友不動産ホテル　ヴィラフォンテーヌ東京八丁堀","東京都","中央区日本橋茅場町3-3-3","103-0025","A","東京駅・銀座・秋葉原・東陽町・葛西","","","","","","","","","","","","",""
"161123","ホテルリブマックス東京潮見駅前","東京都","江東区潮見2-8-8","135-0052","A","東京駅・銀座・秋葉原・東陽町・葛西","","","","","","","","","","","","",""
"162998","ナインアワーズウーマン神田","東京都","千代田区鍛治町2-9-4","101-0044","A","東京駅・銀座・秋葉原・東陽町・葛西","","","","","","","","","","","","",""
"181420","ＫＯＫＯ　ＨＯＴＥＬ　銀座一丁目","東京都","中央区銀座1-9-5","104-0061","A","東京駅・銀座・秋葉原・東陽町・葛西","","","","","","","","","","","","",""
"108353","東横ＩＮＮ日本橋人形町","東京都","中央区日本橋蛎殻町１－１０－２","103-0014","A","東京駅・銀座・秋葉原・東陽町・葛西","","","","","","","","","","","","",""
"80765","住友不動産ホテル　ヴィラフォンテーヌ東京日本橋箱崎","東京都","中央区日本橋箱崎町20-10","103-0015","A","東京駅・銀座・秋葉原・東陽町・葛西","","","","","","","","","","","","",""
"197075","ＫＯＫＯ　ＨＯＴＥＬ　東京西葛西","東京都","江戸川区西葛西6-17-9","134-0088","A","東京駅・銀座・秋葉原・東陽町・葛西","","","","","","","","","","","","",""
"182693","ホテルグランバッハ東京銀座","東京都","中央区銀座5丁目13番12号","104-0061","A","東京駅・銀座・秋葉原・東陽町・葛西","","","","","","","","","","","","",""
"184630","ナインアワーズ人形町","東京都","中央区日本橋人形町3-6-1","103-0013","A","東京駅・銀座・秋葉原・東陽町・葛西","","","","","","","","","","","","",""
"187116","銀座ホテルｂｙグランベル","東京都","中央区銀座7丁目2番18号","104-0061","A","東京駅・銀座・秋葉原・東陽町・葛西","","","","","","","","","","","","",""
"161244","ホテル庵築地","東京都","中央区築地3-10-4","104-0045","A","東京駅・銀座・秋葉原・東陽町・葛西","","","","","","","","","","","","",""
"153534","ホテルリブマックス葛西駅前","東京都","江戸川区東葛西6-1-3","134-0084","A","東京駅・銀座・秋葉原・東陽町・葛西","","","","","","","","","","","","",""
"191615","ＥＬＥ　Ｈｏｔｅｌ　東日本橋","東京都","中央区日本橋久松町10-4","103-0005","A","東京駅・銀座・秋葉原・東陽町・葛西","","","","","","","","","","","","",""
"28648","ＢｕｍＢ（ぶんぶ）東京スポーツ文化館","東京都","江東区夢の島2-1-3","136-0081","A","東京駅・銀座・秋葉原・東陽町・葛西","","","","","","","","","","","","",""
"195991","ＧＲＡＮＤ　ＨＯＳＴＥＬ　ＬＤＫ　東京西葛西（ＴＯＫＹＯ　ＮＩＳＨＩＫＡＳＡＩ）","東京都","江戸川区西葛西6-9-5","134-0088","A","東京駅・銀座・秋葉原・東陽町・葛西","","","","","","","","","","","","",""
"187916","東横ＩＮＮ茅場町駅","東京都","中央区茅場町1-4-9","103-0025","A","東京駅・銀座・秋葉原・東陽町・葛西","","","","","","","","","","","","",""
"172838","ホテルリブマックス東京神田駅前","東京都","千代田区鍛冶町2-4-3","101-0044","A","東京駅・銀座・秋葉原・東陽町・葛西","","","","","","","","","","","","",""
"173153","ＴＳＵＫＩ　東京","東京都","中央区築地1-9-4","104-0045","A","東京駅・銀座・秋葉原・東陽町・葛西","","","","","","","","","","","","",""
"20609","東京ビュック","東京都","中央区勝どき2-8-12","104-0054","A","東京駅・銀座・秋葉原・東陽町・葛西","","","","","","","","","","","","",""
"158805","ホテルリブマックス茅場町","東京都","中央区日本橋茅場町3-7-3","103-0025","A","東京駅・銀座・秋葉原・東陽町・葛西","","","","","","","","","","","","",""
"188447","ザ　ロイヤルパークホテル　銀座６丁目","東京都","中央区銀座六丁目16番14号","104-0061","A","東京駅・銀座・秋葉原・東陽町・葛西","","","","","","","","","","","","",""
"168397","からくさホテル　ＴＯＫＹＯ　ＳＴＡＴＩＯＮ","東京都","中央区八重洲1-5-3","103-0028","A","東京駅・銀座・秋葉原・東陽町・葛西","","","","","","","","","","","","",""
"49336","ファミリーロッジ旅籠屋・東京新木場店","東京都","江東区新木場1-9-9","136-0082","A","東京駅・銀座・秋葉原・東陽町・葛西","","","","","","","","","","","","",""
"168230","ザ　ロイヤルパーク　キャンバス　銀座８","東京都","中央区銀座8-9-4","104-0061","A","東京駅・銀座・秋葉原・東陽町・葛西","","","","","","","","","","","","",""
"181705","ＭＯＮｄａｙ　Ａｐａｒｔ　Ｐｒｅｍｉｕｍ　秋葉原","東京都","千代田区神田佐久間町4-5","101-0025","A","東京駅・銀座・秋葉原・東陽町・葛西","","","","","","","","","","","","",""
"176983","クインテッサホテル東京銀座","東京都","中央区銀座4丁目11-4","104-0061","A","東京駅・銀座・秋葉原・東陽町・葛西","","","","","","","","","","","","",""
"108323","東横ＩＮＮ日本橋馬喰町","東京都","中央区日本橋大伝馬町14-16","103-0011","A","東京駅・銀座・秋葉原・東陽町・葛西","","","","","","","","","","","","",""
"187427","イビススタイルズ東京銀座Ｅａｓｔ","東京都","中央区新富1-2-13","104-0041","A","東京駅・銀座・秋葉原・東陽町・葛西","","","","","","","","","","","","",""
"168235","ホテルリブマックス東京新富町","東京都","中央区新富1-7-12","104-0041","A","東京駅・銀座・秋葉原・東陽町・葛西","","","","","","","","","","","","",""
"161216","アスコット丸の内東京","東京都","千代田区大手町1-1-1　大手町パークビルディング22階～29階","100-0004","A","東京駅・銀座・秋葉原・東陽町・葛西","","","","","","","","","","","","",""
"5025","シティペンション　ゼム","東京都","中央区日本橋蛎殻町2-16-9","103-0014","A","東京駅・銀座・秋葉原・東陽町・葛西","","","","","","","","","","","","",""
"164924","ＣＩＴＡＮ　Ｈｏｓｔｅｌ","東京都","中央区日本橋大伝馬町15-2","103-0011","A","東京駅・銀座・秋葉原・東陽町・葛西","","","","","","","","","","","","",""
"160990","ホテルザセレスティン銀座","東京都","中央区銀座8-4-22","104-0061","A","東京駅・銀座・秋葉原・東陽町・葛西","","","","","","","","","","","","",""
"179212","アロフト・バイ・マリオット東京銀座（旧：アロフト東京銀座（マリオットグループ））","東京都","中央区銀座6-14-3","104-0061","A","東京駅・銀座・秋葉原・東陽町・葛西","","","","","","","","","","","","",""
"179995","ｕｎｉｔｏ　ＣＨＩＹＯＤＡ","東京都","千代田区東神田1-7-10","101-0031","A","東京駅・銀座・秋葉原・東陽町・葛西","","","","","","","","","","","","",""
"108322","東横ＩＮＮ日本橋浜町明治座前","東京都","中央区日本橋浜町1-1-4","103-0007","A","東京駅・銀座・秋葉原・東陽町・葛西","","","","","","","","","","","","",""
"177581","ホテルリブマックス東京神田ＥＡＳＴ","東京都","千代田区岩本町２丁目２－１","101-0032","A","東京駅・銀座・秋葉原・東陽町・葛西","","","","","","","","","","","","",""
"70253","レム秋葉原","東京都","千代田区神田佐久間町1-6-5","101-0025","A","東京駅・銀座・秋葉原・東陽町・葛西","","","","","","","","","","","","",""
"167561","ホテルリブマックス秋葉原北","東京都","台東区台東2-5-2","110-0016","A","東京駅・銀座・秋葉原・東陽町・葛西","","","","","","","","","","","","",""
"108382","東横ＩＮＮ神田秋葉原","東京都","中央区日本橋馬喰町２－２－４","103-0002","A","東京駅・銀座・秋葉原・東陽町・葛西","","","","","","","","","","","","",""
"161014","ホテルリブマックス東京馬喰町","東京都","中央区日本橋馬喰町1-7-20","103-0002","A","東京駅・銀座・秋葉原・東陽町・葛西","","","","","","","","","","","","",""
"181990","Ｍｉｎｎ葛西","東京都","江戸川区中葛西3-32-13","134-0083","A","東京駅・銀座・秋葉原・東陽町・葛西","","","","","","","","","","","","",""
"172841","ホテルリブマックス日本橋人形町","東京都","中央区日本橋人形町1-19-9","103-0013","A","東京駅・銀座・秋葉原・東陽町・葛西","","","","","","","","","","","","",""
"184899","からくさホテルカラーズ東京八重洲","東京都","中央区日本橋3-5-13","103-0027","A","東京駅・銀座・秋葉原・東陽町・葛西","","","","","","","","","","","","",""
"151119","ホテルリブマックス東銀座","東京都","中央区築地2-12-1","104-0045","A","東京駅・銀座・秋葉原・東陽町・葛西","","","","","","","","","","","","",""
"168694","ｂｎｂ＋　Ｋａｎｄａ　Ｔｅｒｒａｃｅ　Ｏｇａｗａｍａｃｈｉ","東京都","千代田区神田錦町1-14-13　ＬＡＮＤＰＯＯＬ　ＫＡＮＤＡ　ＴＥＲＡＣＥ　6Ｆ","101-0054","A","東京駅・銀座・秋葉原・東陽町・葛西","","","","","","","","","","","","",""
"147844","ホテルリブマックス日本橋箱崎","東京都","中央区日本橋箱崎町29-5","103-0015","A","東京駅・銀座・秋葉原・東陽町・葛西","","","","","","","","","","","","",""
"199049","ＭＡＮＧＡ　ＡＲＴ　ＨＯＴＥＬ，　ＴＯＫＹＯ","東京都","千代田区神田錦町1-14-13 LANDPOOL KANDATERRACE 5階","101-0054","A","東京駅・銀座・秋葉原・東陽町・葛西","","","","","","","","","","","","",""
"153310","ホテル　アマネク　銀座イースト","東京都","中央区新富2-4-13","104-0041","A","東京駅・銀座・秋葉原・東陽町・葛西","","","","","","","","","","","","",""
"181784","ｔｈｅ　ｂ　銀座（ザビー　ぎんざ）","東京都","中央区銀座8-12-13","104-0061","A","東京駅・銀座・秋葉原・東陽町・葛西","","","","","","","","","","","","",""
"183868","ザ　ロイヤルパーク　キャンバス　銀座コリドー","東京都","中央区銀座6-2-11","104-0061","A","東京駅・銀座・秋葉原・東陽町・葛西","","","","","","","","","","","","",""
"180274","ＭＯＮｄａｙ　Ａｐａｒｔ　Ｐｒｅｍｉｕｍ　日本橋","東京都","中央区日本橋本町4-1-5","103-0023","A","東京駅・銀座・秋葉原・東陽町・葛西","","","","","","","","","","","","",""
"178697","ＵＮＤＥＲ　ＲＡＩＬ　ＷＡＹ　ＨＯＴＥＬ　ＡＫＩＨＡＢＡＲＡ","東京都","千代田区神田練塀町15-1","101-0022","A","東京駅・銀座・秋葉原・東陽町・葛西","","","","","","","","","","","","",""
"180276","Ｍｉｎｎ西葛西","東京都","江戸川区西葛西3-13-17","134-0088","A","東京駅・銀座・秋葉原・東陽町・葛西","","","","","","","","","","","","",""
"145335","コートヤード・バイ・マリオット　東京ステーション","東京都","中央区京橋2-1-3","104-0031","A","東京駅・銀座・秋葉原・東陽町・葛西","","","","","","","","","","","","",""
"188688","Ｔｏｋｙｏ　Ｇｕｅｓｔｈｏｕｓｅ　ＨＩＶＥ","東京都","中央区日本橋馬喰町1-5-6　ツカキスクエア馬喰町ＩＩ","103-0002","A","東京駅・銀座・秋葉原・東陽町・葛西","","","","","","","","","","","","",""
"179292","ＡＣホテル・バイ・マリオット東京銀座","東京都","中央区銀座6-14-7","104-0061","A","東京駅・銀座・秋葉原・東陽町・葛西","","","","","","","","","","","","",""
"195484","大手町かもんホテル　＾","東京都","千代田区神田錦町2-11-16　カモンビル","101-0054","A","東京駅・銀座・秋葉原・東陽町・葛西","","","","","","","","","","","","",""
"201745","ファーストキャビン秋葉原","東京都","千代田区佐久間町3-38","101-0025","A","東京駅・銀座・秋葉原・東陽町・葛西","","","","","","","","","","","","",""
"180275","ＭＯＮｄａｙ　Ａｐａｒｔ　日本橋人形町","東京都","中央区日本橋蛎殻町1-34-5","103-0014","A","東京駅・銀座・秋葉原・東陽町・葛西","","","","","","","","","","","","",""
"196396","フォーポイント　フレックス　ｂｙ　シェラトン　東京東神田","東京都","千代田区東神田1-3-8","101-0031","A","東京駅・銀座・秋葉原・東陽町・葛西","","","","","","","","","","","","",""
"177630","東京櫻子Ｈａｔｃｈｏｂｏｒｉ","東京都","中央区湊1-7-6","104-0043","A","東京駅・銀座・秋葉原・東陽町・葛西","","","","","","","","","","","","",""
"180362","Ｐｒｉｍｅ　Ｓｕｉｔｅｓ　Ｔｏｋｙｏ","東京都","江東区深川1-8-13","135-0033","A","東京駅・銀座・秋葉原・東陽町・葛西","","","","","","","","","","","","",""
"165948","＆ＡＮＤ　ＨＯＳＴＥＬ　ＡＫＩＨＡＢＡＲＡ","東京都","千代田区神田佐久間町3-9-1","101-0025","A","東京駅・銀座・秋葉原・東陽町・葛西","","","","","","","","","","","","",""
"168468","Ｏｎｅ　Ｍｏｒｅ　Ｈｅａｒｔ　築地１","東京都","中央区明石町3-6","104-0044","A","東京駅・銀座・秋葉原・東陽町・葛西","","","","","","","","","","","","",""
"188755","ｌｙｆ銀座東京（ライフ銀座東京）","東京都","中央区京橋2-5-4","104-0031","A","東京駅・銀座・秋葉原・東陽町・葛西","","","","","","","","","","","","",""
"130232","東横ＩＮＮ日本橋税務署前","東京都","中央区日本橋富沢町１１－５","103-0006","A","東京駅・銀座・秋葉原・東陽町・葛西","","","","","","","","","","","","",""
"168767","ＭＩＭＡＲＵ東京　八丁堀","東京都","中央区日本橋茅場町3-8-8","103-0025","A","東京駅・銀座・秋葉原・東陽町・葛西","","","","","","","","","","","","",""
"188132","メルキュール東京日比谷","東京都","千代田区内幸町1-5-2","100-0011","A","東京駅・銀座・秋葉原・東陽町・葛西","","","","","","","","","","","","",""
"194240","マーベラス東神田　＾","東京都","千代田区東神田2-8-5　マ-ベラス東神田　＾","101-0031","A","東京駅・銀座・秋葉原・東陽町・葛西","","","","","","","","","","","","",""
"187083","ＫＬＡＳＳＯ東京住吉","東京都","江東区猿江2-2-2","135-0003","A","東京駅・銀座・秋葉原・東陽町・葛西","","","","","","","","","","","","",""
"194809","Ｔｕｎｅ　Ｉｎｎ　Ｒｅｓｉｄｅｎｃｅ　Ｎｉｈｏｎｂａｓｈｉ　＾","東京都","中央区日本橋小伝馬町17-15　小伝馬町ビル201号室","103-0001","A","東京駅・銀座・秋葉原・東陽町・葛西","","","","","","","","","","","","",""
"1187","コートヤード・マリオット　銀座東武ホテル","東京都","中央区銀座6-14-10","104-0061","A","東京駅・銀座・秋葉原・東陽町・葛西","","","","","","","","","","","","",""
"196570","Ｐｒｅｍｉｕｍ　Ａｐａｒｔ　ＭＯＮｄａｙ　銀座ＥＡＳＴ","東京都","中央区入船1-9-12","104-0042","A","東京駅・銀座・秋葉原・東陽町・葛西","","","","","","","","","","","","",""
"182779","５４Ｊｏｕｒｎｅｙ　東京大手町","東京都","千代田区内神田１－６－３南特許ビルディング5階","101-0047","A","東京駅・銀座・秋葉原・東陽町・葛西","","","","","","","","","","","","",""
"199506","茅場町つくしホテル　＾","東京都","中央区日本橋茅場町2-14-10","103-0025","A","東京駅・銀座・秋葉原・東陽町・葛西","","","","","","","","","","","","",""
"187242","Ｍｉｎｎ日本橋","東京都","中央区日本橋久松町5-1","103-0005","A","東京駅・銀座・秋葉原・東陽町・葛西","","","","","","","","","","","","",""
"183477","ＳＰＡＴＩＵＭ　ＧＩＮＺＡ　ＰＯＮＹ","東京都","中央区築地6-6-11","104-0045","A","東京駅・銀座・秋葉原・東陽町・葛西","","","","","","","","","","","","",""
"181912","ＭＯＮｄａｙ　Ａｐａｒｔ　Ｐｒｅｍｉｕｍ　銀座新富町","東京都","中央区入船3-4-1","104-0042","A","東京駅・銀座・秋葉原・東陽町・葛西","","","","","","","","","","","","",""
"164975","ｂｎｂ＋　Ａｋｉｈａｂａｒａ　秋葉原店　（女性専用ホステル）","東京都","千代田区岩本町3-7-11　神田ＫＳビル4Ｆ","101-0032","A","東京駅・銀座・秋葉原・東陽町・葛西","","","","","","","","","","","","",""
"108404","東横ＩＮＮ日本橋三越前Ａ４","東京都","中央区日本橋小舟町１１－１２","103-0024","A","東京駅・銀座・秋葉原・東陽町・葛西","","","","","","","","","","","","",""
"180694","７　Ｒｏｏｍｓ　Ｈｏｔｅｌ　＆　Ｃａｆｅ","東京都","江戸川区中葛西3-9-11","134-0083","A","東京駅・銀座・秋葉原・東陽町・葛西","","","","","","","","","","","","",""
"161083","ｏｂｉ　Ｈｏｓｔｅｌ","東京都","中央区日本橋横山町3-14","103-0003","A","東京駅・銀座・秋葉原・東陽町・葛西","","","","","","","","","","","","",""
"162820","東横ＩＮＮ東京駅八重洲北口","東京都","中央区八重洲1-5-5","103-0028","A","東京駅・銀座・秋葉原・東陽町・葛西","","","","","","","","","","","","",""
"176767","サクラクロスホテル秋葉原","東京都","千代田区神田須田町2-9-1","101-0041","A","東京駅・銀座・秋葉原・東陽町・葛西","","","","","","","","","","","","",""
"197519","ＳＯＩＬ　Ｎｉｈｏｎｂａｓｈｉ　Ｈｏｔｅｌ","東京都","中央区日本橋人形町3-2-4","103-0013","A","東京駅・銀座・秋葉原・東陽町・葛西","","","","","","","","","","","","",""
"167464","Ｈｏｔｅｌ　Ｖｉｎｔａｇｅ　東京　築地","東京都","中央区入船2-10-7","104-0042","A","東京駅・銀座・秋葉原・東陽町・葛西","","","","","","","","","","","","",""
"160825","東横ＩＮＮ東京大手町","東京都","千代田区内神田1-8-10","101-0047","A","東京駅・銀座・秋葉原・東陽町・葛西","","","","","","","","","","","","",""
"185206","Ｈｏｔａｋｕ　ＨＯＴＥＬ　＾","東京都","千代田区岩本町2-13-1　Ｈｏｔａｋｕ　ＨＯＴＥＬ","101-0032","A","東京駅・銀座・秋葉原・東陽町・葛西","","","","","","","","","","","","",""
"173410","Ｈｉｚ　Ｒｅｓｉｄｅｎｃｅ　Ｇｉｎｚａ　＾","東京都","中央区新富1-3-3","104-0041","A","東京駅・銀座・秋葉原・東陽町・葛西","","","","","","","","","","","","",""
"197540","Ｂｌｉｇｈｔｏｎ三好","東京都","江東区三好3-10-13","135-0022","A","東京駅・銀座・秋葉原・東陽町・葛西","","","","","","","","","","","","",""
"185680","Ｔｏｋｙｏ　ｓｔａｙ　Ｈｕｔ　ＳＡＲＩ　＾","東京都","江戸川区北葛西4-2-40　Ｔｏｋｙｏ　ｓｔａｙ　Ｈｕｔ　ＳＡＲＩ","134-0081","A","東京駅・銀座・秋葉原・東陽町・葛西","","","","","","","","","","","","",""
"177983","サクラクロスホテル東京茅場町","東京都","中央区新川1-14-13","104-0033","A","東京駅・銀座・秋葉原・東陽町・葛西","","","","","","","","","","","","",""
"197459","キャプション　ｂｙ　Ｈｙａｔｔ　兜町　東京","東京都","中央区日本橋兜町12-1","103-0026","A","東京駅・銀座・秋葉原・東陽町・葛西","","","","","","","","","","","","",""
"196490","Ｍｉｎｎ　日本橋水天宮前","東京都","中央区日本橋箱崎町44-6","103-0015","A","東京駅・銀座・秋葉原・東陽町・葛西","","","","","","","","","","","","",""
"187257","アマネセルホテル","東京都","中央区東日本橋2-26-2","103-0004","A","東京駅・銀座・秋葉原・東陽町・葛西","","","","","","","","","","","","",""
"174189","レジデンストーキョー築地／民泊","東京都","中央区築地6-15-4","104-0045","A","東京駅・銀座・秋葉原・東陽町・葛西","","","","","","","","","","","","",""
"195122","スペースエアービル５Ｆ／民泊","東京都","中央区月島4-13-11　スペースエアービル5F","104-0052","A","東京駅・銀座・秋葉原・東陽町・葛西","","","","","","","","","","","","",""
"186737","スペースエアービル３Ｆ／民泊","東京都","中央区月島4-13-11　スペースエアービル3Ｆ","104-0052","A","東京駅・銀座・秋葉原・東陽町・葛西","","","","","","","","","","","","",""
"197530","Ｒｉｖｅｒ　Ｒｅｓｉｄｅｎｃｅ　ＢＯＴＡＮ","東京都","江東区牡丹3-30-5","135-0046","A","東京駅・銀座・秋葉原・東陽町・葛西","","","","","","","","","","","","",""
"197533","Ｓｏｌａｒｉａ常盤","東京都","江東区常盤2-14-11","135-0006","A","東京駅・銀座・秋葉原・東陽町・葛西","","","","","","","","","","","","",""
"197545","清澄ＳＯＨＯ","東京都","江東区高橋14-13","135-0005","A","東京駅・銀座・秋葉原・東陽町・葛西","","","","","","","","","","","","",""
"185694","都バス停徒歩１分以内、１棟４室アパート　Ｄ－ｐｄａｌ　Ｉｎｎ　２Ｆ　＾","東京都","江東区南砂5-3-14　Ｄ-ｐｄａｌ　Ｉｎｎ","136-0076","A","東京駅・銀座・秋葉原・東陽町・葛西","","","","","","","","","","","","",""
"185814","都バス停徒歩１分以内、１棟４室アパート　Ｄ－ｐｄａｌ　Ｉｎｎ　１Ｆ／民泊","東京都","江東区南砂5-3-14　Ｄ-ｐｄａｌ　Ｉｎｎ　　1Ｆ","136-0076","A","東京駅・銀座・秋葉原・東陽町・葛西","","","","","","","","","","","","",""
"175404","錦の館　＾","東京都","江東区毛利2-8-7 ","135-0001","A","東京駅・銀座・秋葉原・東陽町・葛西","","","","","","","","","","","","",""
"191991","ＭＡＮＧＡ　ＡＲＴ　ＨＯＴＥＬ，　ＢＡＫＵＲＯＣＨＯ","東京都","中央区日本橋馬喰町1-10-12","103-0002","A","東京駅・銀座・秋葉原・東陽町・葛西","","","","","","","","","","","","",""
"198691","ＷＡＹＰＯＩＮＴ　ＴＳＵＫＩＪＩ　ＴＯＫＹＯ","東京都","中央区築地2-9-3","104-0045","A","東京駅・銀座・秋葉原・東陽町・葛西","","","","","","","","","","","","",""
"199778","Ｆ－Ｃｉｔｙ　中葛西　Ｉ／民泊","東京都","江戸川区中葛西5-32-12-101 F-City Nakakasai I","134-0083","A","東京駅・銀座・秋葉原・東陽町・葛西","","","","","","","","","","","","",""
"166365","ＭＩＭＡＲＵ東京　日本橋水天宮前","東京都","中央区日本橋箱崎町17-6","103-0015","A","東京駅・銀座・秋葉原・東陽町・葛西","","","","","","","","","","","","",""
"200454","ＫＡＮＤＡ　ＵＲＢＡＮ　ＳＵＩＴＥＳ／民泊","東京都","千代田区内神田1-5-9　村田ビル","101-0047","A","東京駅・銀座・秋葉原・東陽町・葛西","","","","","","","","","","","","",""
"195007","ＶＩＶＯ銀座／民泊","東京都","中央区新富2-1-1","104-0041","A","東京駅・銀座・秋葉原・東陽町・葛西","","","","","","","","","","","","",""
"170192","木場の鶴ＣｒａｎｅＨｏｔｅｌ　＾","東京都","江東区東陽3-7-8　Ｋｉｂａ　ｎｏ　Ｔｓｕｒｕ　Ｃａｒａｎｅ　Ｈｏｔｅｌ","135-0016","A","東京駅・銀座・秋葉原・東陽町・葛西","","","","","","","","","","","","",""
"189144","Ｎ＋ＨＯＴＥＬ秋葉原","東京都","台東区台東1-6-2","110-0016","A","東京駅・銀座・秋葉原・東陽町・葛西","","","","","","","","","","","","",""
"190033","ＬＡＮＧ　浪　ｈｏｔｅｌ　銀座　＾","東京都","中央区銀座2-12-4　浪　ＬＡＮＧ","104-0061","A","東京駅・銀座・秋葉原・東陽町・葛西","","","","","","","","","","","","",""
"196568","ＧＲＡＮＤ　ＭＯＮｄａｙ　銀座","東京都","中央区八丁堀3-10-5","104-0032","A","東京駅・銀座・秋葉原・東陽町・葛西","","","","","","","","","","","","",""
"183941","ＭＩＭＡＲＵ東京　ＳＴＡＴＩＯＮ　ＥＡＳＴ","東京都","中央区八丁堀1-12-8","104-0032","A","東京駅・銀座・秋葉原・東陽町・葛西","","","","","","","","","","","","",""
"177734","ＭＩＭＡＲＵ東京銀座ＥＡＳＴ","東京都","中央区新富1-4-4","104-0041","A","東京駅・銀座・秋葉原・東陽町・葛西","","","","","","","","","","","","",""
"189909","Ｒｅｓｉｄｅｎｃｉａｌ　Ｖｏｙａｎ　南砂町　＾","東京都","江東区南砂3-8-40　Ｒｅｓｉｄｅｎｃｉａｌ　Ｖｏｙａｎ　南砂町","136-0076","A","東京駅・銀座・秋葉原・東陽町・葛西","","","","","","","","","","","","",""
"188205","Ｈｏｔｅｌ　Ｒａｋｕｒａｇｕ","東京都","中央区日本橋本町1-7-9","103-0023","A","東京駅・銀座・秋葉原・東陽町・葛西","","","","","","","","","","","","",""
"184451","ＭＩＭＡＲＵ　ＳＵＩＴＥＳ　東京日本橋","東京都","中央区日本橋堀留町2-10-9","103-0012","A","東京駅・銀座・秋葉原・東陽町・葛西","","","","","","","","","","","","",""
"178593","ＮＯＨＧＡ　ＨＯＴＥＬ　ＡＫＩＨＡＢＡＲＡ　ＴＯＫＹＯ（ノーガホテル　秋葉原　東京）","東京都","千代田区外神田3丁目10-11","101-0021","A","東京駅・銀座・秋葉原・東陽町・葛西","","","","","","","","","","","","",""
"165685","オークウッドプレミア東京","東京都","千代田区丸の内1-8-2","100-0005","A","東京駅・銀座・秋葉原・東陽町・葛西","","","","","","","","","","","","",""
"197772","ＵＲＮＡ　ＳＡＮＤＳ　ＨＯＴＥＬ","東京都","江東区北砂3-16-22","136-0073","A","東京駅・銀座・秋葉原・東陽町・葛西","","","","","","","","","","","","",""
"188212","東京エディション銀座","東京都","中央区銀座2-8-13","104-0061","A","東京駅・銀座・秋葉原・東陽町・葛西","","","","","","","","","","","","",""
"767","銀座グランドホテル","東京都","中央区銀座8-6-15","104-0061","A","東京駅・銀座・秋葉原・東陽町・葛西","","","","","","","","","","","","",""
"146114","ホテルニュータウン秋葉原","東京都","千代田区神田佐久間町2-12-8","101-0025","A","東京駅・銀座・秋葉原・東陽町・葛西","","","","","","","","","","","","",""
"166944","伊東旅館","東京都","中央区日本橋人形町2-31-3","103-0013","A","東京駅・銀座・秋葉原・東陽町・葛西","","","","","","","","","","","","",""
"167231","かきがら　旅館","東京都","中央区日本橋蛎殻町1-2-10","103-0014","A","東京駅・銀座・秋葉原・東陽町・葛西","","","","","","","","","","","","",""
"167564","ＬＡＲＧＯ","東京都","江戸川区中葛西2-13-5","134-0083","A","東京駅・銀座・秋葉原・東陽町・葛西","","","","","","","","","","","","",""
"168358","ｈｏｓｔｅｌ　ＤＥＮ","東京都","中央区日本橋本町4-13-8","103-0023","A","東京駅・銀座・秋葉原・東陽町・葛西","","","","","","","","","","","","",""
"169372","ｉｎｔｈｅＨｏｏｄ　Ｔｓｕｋｉｊｉ　＾","東京都","中央区築地6-1-4　ｉｎｔｈｅＨｏｏｄ　Ｔｓｕｋｉｊｉ","104-0045","A","東京駅・銀座・秋葉原・東陽町・葛西","","","","","","","","","","","","",""
"169656","ｉｎｔｈｅＨｏｏｄ　Ｎｉｈｏｎｂａｓｈｉ　＾","東京都","中央区日本橋堀留町2-1-7アルテシモトゥーラ　ｉｎｔｈｅＨｏｏｄ　Ｎｉｈｏｎｂａｓｈｉ","103-0012","A","東京駅・銀座・秋葉原・東陽町・葛西","","","","","","","","","","","","",""
"171137","ＨＵＢＨＵＢ日本橋人形町　＾","東京都","中央区日本橋堀留町1-8-9　ＨＵＢＨＵＢ日本橋人形町","103-0012","A","東京駅・銀座・秋葉原・東陽町・葛西","","","","","","","","","","","","",""
"171257","ホテルプレジール秋葉原　＾","東京都","千代田区神田佐久間町3-29-9　ホテルプレジール秋葉原","101-1025","A","東京駅・銀座・秋葉原・東陽町・葛西","","","","","","","","","","","","",""
"171387","プラスホステル　＾","東京都","江東区永代2-14-5　Ｐｌｕｓ　Ｈｏｓｔｅｌ","135-0034","A","東京駅・銀座・秋葉原・東陽町・葛西","","","","","","","","","","","","",""
"171821","サマセット銀座イースト東京／民泊","東京都","中央区築地4-1-12　サマセット銀座イースト東京","104-0045","A","東京駅・銀座・秋葉原・東陽町・葛西","","","","","","","","","","","","",""
"174432","Ｎｅｓｔｌｅ　Ｔｏｋｙｏ　Ｄｅｌｕｘｅ　Ａｋｉｈａｂａｒａ／民泊","東京都","千代田区東神田3-2-1 パリセイド東神田","101-0031","A","東京駅・銀座・秋葉原・東陽町・葛西","","","","","","","","","","","","",""
"175265","Ｓｐａｔｉｕｍ　Ｇｉｎｚａ　＾","東京都","中央区築地7-13-10　SpatiumGinza","104-0045","A","東京駅・銀座・秋葉原・東陽町・葛西","","","","","","","","","","","","",""
"175487","ＴＡＳＵＫＩ／民泊","東京都","台東区台東2-31-5 ","110-0016","A","東京駅・銀座・秋葉原・東陽町・葛西","","","","","","","","","","","","",""
"176176","Ｌａｆｆｉｔｔｅ　Ｏｋａｃｈｉｍａｃｈｉ／民泊","東京都","台東区台東2－20－11　Ｌａｆｆｉｔｔｅ　Ｏｋａｃｈｉｍａｃｈｉ","110-0016","A","東京駅・銀座・秋葉原・東陽町・葛西","","","","","","","","","","","","",""
"176181","セクションＬ　銀座東　＾","東京都","中央区新富1－14－5　Ｓｅｃｔｉｏｎ　Ｌ：　Ｇｉｎｚａ　Ｅａｓｔ","104-0041","A","東京駅・銀座・秋葉原・東陽町・葛西","","","","","","","","","","","","",""
"177424","α　Ｏｎｅ　Ｍｏｒｅ　Ｈｅａｒｔ　Ｈｏｔｅｌ","東京都","中央区新富1-15-10","104-0041","A","東京駅・銀座・秋葉原・東陽町・葛西","","","","","","","","","","","","",""
"177450","楽途ホテル秋葉原駅前店","東京都","千代田区神田佐久間町3-37-42","101-0025","A","東京駅・銀座・秋葉原・東陽町・葛西","","","","","","","","","","","","",""
"178700","ＨＯＴＥＬ　Ｋ５","東京都","中央区日本橋兜町3-5","103-0026","A","東京駅・銀座・秋葉原・東陽町・葛西","","","","","","","","","","","","",""
"180426","バードプレイスｌｏｇ東京","東京都","江東区常盤2-14-14","135-0006","A","東京駅・銀座・秋葉原・東陽町・葛西","","","","","","","","","","","","",""
"182507","Ｋｅｙ　Ｈｏｔｅｌ　秋葉原","東京都","台東区台東1-32-6","110-0016","A","東京駅・銀座・秋葉原・東陽町・葛西","","","","","","","","","","","","",""
"183707","楽途ホテル　東神田","東京都","千代田区岩本町2-19-4　楽途ビル","101-0032","A","東京駅・銀座・秋葉原・東陽町・葛西","","","","","","","","","","","","",""
"184658","ウル東京","東京都","江東区佐賀1-1-9","135-0031","A","東京駅・銀座・秋葉原・東陽町・葛西","","","","","","","","","","","","",""
"185289","ＴＯＫＹＯＧＵＥＳＴ　Ｎｉｈｏｎｂａｓｈｉ　ＨＯＴＥＬ　＾","東京都","中央区日本橋小舟町4-9-マルコウ日本橋三越前ビル3階　Ａｋｉｈａｂａｒａ　ＨＯＴＥＬ","103-0024","A","東京駅・銀座・秋葉原・東陽町・葛西","","","","","","","","","","","","",""
"186738","東京一之江ハウス　＾","東京都","江戸川区一之江3-2-6　一之江ハウス","132-0024","A","東京駅・銀座・秋葉原・東陽町・葛西","","","","","","","","","","","","",""
"187166","Ｈｏｔｅｌ　Ｃｏｍｆｙｂｅｄ　Ｇｉｎｚａ","東京都","中央区新富2-2-2　Comfybed Ginza","104-0041","A","東京駅・銀座・秋葉原・東陽町・葛西","","","","","","","","","","","","",""
"195042","北川・秋葉原／民泊","東京都","千代田区神田須田町2-15-3　215ビル","101-0041","A","東京駅・銀座・秋葉原・東陽町・葛西","","","","","","","","","","","","",""
"198515","Ｔｓｕｍｕｇｉ　Ｙａｄｏ〜ｎｉｓｈｉｋａｓａｉ〜","東京都","江戸川区西葛西3-2-9　ASPビル6階","134-0088","A","東京駅・銀座・秋葉原・東陽町・葛西","","","","","","","","","","","","",""
"199296","ホテルハナミチ","東京都","江戸川区南葛西6-22-5","134-0085","A","東京駅・銀座・秋葉原・東陽町・葛西","","","","","","","","","","","","",""
"199439","ＡＫＡ　ＨＯＴＥＬ","東京都","千代田区神田司町2-6-8","101-0048","A","東京駅・銀座・秋葉原・東陽町・葛西","","","","","","","","","","","","",""
"199779","Ｆ－Ｃｉｔｙ　中葛西　ＩＩＩ／民泊","東京都","江戸川区中葛西3-15-3-2F F-City Nakakasai III","134-0083","A","東京駅・銀座・秋葉原・東陽町・葛西","","","","","","","","","","","","",""
"199862","旅館　すずり　＾","東京都","江東区古石場1-1-5 鈴木ビルディング","135-0045","A","東京駅・銀座・秋葉原・東陽町・葛西","","","","","","","","","","","","",""
"201932","沐雅","東京都","江戸川区一之江町2981-1 2F","134-0092","A","東京駅・銀座・秋葉原・東陽町・葛西","","","","","","","","","","","","",""
"179638","ＭＡＣ　ＨＯＴＥＬ","東京都","千代田区岩本町1-9-4","101-0032","A","東京駅・銀座・秋葉原・東陽町・葛西","","","","","","","","","","","","",""
"179986","コロンホテル","東京都","千代田区外神田6-10-3","101-0021","A","東京駅・銀座・秋葉原・東陽町・葛西","","","","","","","","","","","","",""
"76373","相鉄グランドフレッサ東京ベイ有明","東京都","江東区有明3-6-6","135-0063","B","新橋・汐留・浜松町・お台場","","","","","","","","","","","","",""
"172591","ダイワロイネットホテル新橋","東京都","港区新橋1-17-2","105-0004","B","新橋・汐留・浜松町・お台場","","","","","","","","","","","","",""
"162999","京王プレッソイン浜松町","東京都","港区芝大門1-1-26","105-0012","B","新橋・汐留・浜松町・お台場","","","","","","","","","","","","",""
"1177","東京ベイ有明ワシントンホテル","東京都","江東区有明3-7-11","135-0063","B","新橋・汐留・浜松町・お台場","","","","","","","","","","","","",""
"145444","東急ステイ新橋","東京都","港区新橋4-23-1","105-0004","B","新橋・汐留・浜松町・お台場","","","","","","","","","","","","",""
"183390","ラビスタ東京ベイ（共立リゾート）","東京都","江東区豊洲6-4-40","135-0061","B","新橋・汐留・浜松町・お台場","","","","","","","","","","","","",""
"398","チサンホテル浜松町","東京都","港区芝浦1-3-10","105-0023","B","新橋・汐留・浜松町・お台場","","","","","","","","","","","","",""
"168419","京急ＥＸイン　浜松町・大門駅前","東京都","港区芝大門1-15-4","105-0012","B","新橋・汐留・浜松町・お台場","","","","","","","","","","","","",""
"176773","ファーイーストビレッジホテル東京有明","東京都","江東区有明1-2-43","135-0063","B","新橋・汐留・浜松町・お台場","","","","","","","","","","","","",""
"178230","住友不動産ホテル　ヴィラフォンテーヌグランド東京有明","東京都","江東区有明2-1-5","135-0063","B","新橋・汐留・浜松町・お台場","","","","","","","","","","","","",""
"147101","三交インＧｒａｎｄｅ東京浜松町","東京都","港区浜松町2丁目7番18号","105-0013","B","新橋・汐留・浜松町・お台場","","","","","","","","","","","","",""
"69354","ホテルトラスティ東京ベイサイド","東京都","江東区有明3-1-15","135-0063","B","新橋・汐留・浜松町・お台場","","","","","","","","","","","","",""
"1917","グランドニッコー東京　台場","東京都","港区台場2-6-1","135-8701","B","新橋・汐留・浜松町・お台場","","","","","","","","","","","","",""
"176833","ホテルＪＡＬシティ東京　豊洲","東京都","江東区豊洲6-4-20","135-0061","B","新橋・汐留・浜松町・お台場","","","","","","","","","","","","",""
"165753","変なホテル東京　浜松町","東京都","港区浜松町1-24-11","105-0013","B","新橋・汐留・浜松町・お台場","","","","","","","","","","","","",""
"179869","東京エディション虎ノ門","東京都","港区虎ノ門4-1-1","105-0001","B","新橋・汐留・浜松町・お台場","","","","","","","","","","","","",""
"149347","名鉄イン浜松町","東京都","港区浜松町1-19-14","105-0013","B","新橋・汐留・浜松町・お台場","","","","","","","","","","","","",""
"168492","ｈｏｔｅｌ　ＭＯＮｄａｙ　Ｐｒｅｍｉｕｍ　豊洲","東京都","江東区東雲1-2-11","135-0062","B","新橋・汐留・浜松町・お台場","","","","","","","","","","","","",""
"140984","相鉄フレッサイン　新橋日比谷口","東京都","港区新橋1-14-3","105-0004","B","新橋・汐留・浜松町・お台場","","","","","","","","","","","","",""
"28484","チェックイン新橋","東京都","港区新橋2-15-17","105-0004","B","新橋・汐留・浜松町・お台場","","","","","","","","","","","","",""
"67905","リッチモンドホテル東京芝","東京都","港区芝公園2-3-4","105-0011","B","新橋・汐留・浜松町・お台場","","","","","","","","","","","","",""
"198421","ホテル　オリエンタル　エクスプレス　銀座ウエスト（２０２６年４月１日グランドオープン）","東京都","港区新橋4-10-2","105-0004","B","新橋・汐留・浜松町・お台場","","","","","","","","","","","","",""
"164614","ＣＡＮＤＥＯ　ＨＯＴＥＬＳ（カンデオホテルズ）東京新橋","東京都","港区新橋3-6-8","105-0004","B","新橋・汐留・浜松町・お台場","","","","","","","","","","","","",""
"160797","ベイサイドホテルアジュール竹芝・浜松町","東京都","港区海岸1-11-2","105-0022","B","新橋・汐留・浜松町・お台場","","","","","","","","","","","","",""
"168701","スーパーホテル東京・浜松町","東京都","港区浜松町2-2-1","105-0013","B","新橋・汐留・浜松町・お台場","","","","","","","","","","","","",""
"28506","東京プリンスホテル","東京都","港区芝公園3-3-1","105-8560","B","新橋・汐留・浜松町・お台場","","","","","","","","","","","","",""
"145305","アパホテル〈新橋　虎ノ門〉２０２６年５月客室設備リニューアル","東京都","港区西新橋2-6-9","105-0003","B","新橋・汐留・浜松町・お台場","","","","","","","","","","","","",""
"129907","アパホテル〈新橋　御成門〉","東京都","港区新橋6-10-3","105-0004","B","新橋・汐留・浜松町・お台場","","","","","","","","","","","","",""
"56758","三井ガーデンホテル汐留イタリア街","東京都","港区東新橋2-14-24","105-0021","B","新橋・汐留・浜松町・お台場","","","","","","","","","","","","",""
"18100","ザ　ロイヤルパークホテル　アイコニック　東京汐留","東京都","港区東新橋1-6-3","105-8333","B","新橋・汐留・浜松町・お台場","","","","","","","","","","","","",""
"8492","ヒルトン東京お台場","東京都","港区台場1-9-1","135-8625","B","新橋・汐留・浜松町・お台場","","","","","","","","","","","","",""
"134923","相鉄フレッサイン　浜松町大門","東京都","港区芝大門1-2-7","105-0012","B","新橋・汐留・浜松町・お台場","","","","","","","","","","","","",""
"135973","ホテル新橋三番館","東京都","港区新橋3-10-9","105-0004","B","新橋・汐留・浜松町・お台場","","","","","","","","","","","","",""
"70852","スーパーホテル新橋・烏森口","東京都","港区新橋5-16-4","105-0004","B","新橋・汐留・浜松町・お台場","","","","","","","","","","","","",""
"184874","レンブラントキャビン＆スパ新橋","東京都","港区新橋2-15-14","105-0004","B","新橋・汐留・浜松町・お台場","","","","","","","","","","","","",""
"146557","ＴＨＥ　ＨＯＴＥＬ　ＳＨＩＮＢＡＳＨＩ（ザ　ホテル新橋）","東京都","港区新橋4-20-1","105-0004","B","新橋・汐留・浜松町・お台場","","","","","","","","","","","","",""
"172231","ＨＯＴＥＬ　ＴＡＶＩＮＯＳ　Ｈａｍａｍａｔｓｕｃｈｏ（ホテルタビノス浜松町）","東京都","港区海岸1丁目13番3号","105-0022","B","新橋・汐留・浜松町・お台場","","","","","","","","","","","","",""
"67930","ザ・プリンス　パークタワー東京","東京都","港区芝公園4-8-1","105-8563","B","新橋・汐留・浜松町・お台場","","","","","","","","","","","","",""
"1799","ホテル　インターコンチネンタル東京ベイ　ｂｙ　ＩＨＧ","東京都","港区海岸1-16-2","105-8576","B","新橋・汐留・浜松町・お台場","","","","","","","","","","","","",""
"74635","くれたけインプレミアム浜松町","東京都","港区芝1-8-18","105-0014","B","新橋・汐留・浜松町・お台場","","","","","","","","","","","","",""
"164544","ｔｈｅ　ｂ　新橋（ザビー　しんばし）","東京都","港区西新橋1-17-13","105-0003","B","新橋・汐留・浜松町・お台場","","","","","","","","","","","","",""
"172984","新橋アーバンホテル","東京都","港区新橋2-11-9","105-0004","B","新橋・汐留・浜松町・お台場","","","","","","","","","","","","",""
"151216","東京有明ＢＡＹ　ＨＯＴＥＬ（東京有明ベイホテル）","東京都","江東区東雲2-10-17","135-0062","B","新橋・汐留・浜松町・お台場","","","","","","","","","","","","",""
"39247","アネックス　チェックイン新橋","東京都","港区新橋3丁目10-10","105-0004","B","新橋・汐留・浜松町・お台場","","","","","","","","","","","","",""
"184582","オークラ東京","東京都","港区虎ノ門2-10-4","105-0001","B","新橋・汐留・浜松町・お台場","","","","","","","","","","","","",""
"181166","アンダーズ東京","東京都","港区虎ノ門1-23-4 虎ノ門ヒルズ 森タワー","105-0001","B","新橋・汐留・浜松町・お台場","","","","","","","","","","","","",""
"178674","三井ガーデンホテル豊洲プレミア","東京都","江東区豊洲2-2-1","135-0061","B","新橋・汐留・浜松町・お台場","","","","","","","","","","","","",""
"80756","住友不動産ホテル　ヴィラフォンテーヌグランド東京汐留","東京都","港区東新橋1-9-2 ","105-0021","B","新橋・汐留・浜松町・お台場","","","","","","","","","","","","",""
"80766","住友不動産ホテル　ヴィラフォンテーヌ東京浜松町","東京都","港区芝1-6-5","105-0014","B","新橋・汐留・浜松町・お台場","","","","","","","","","","","","",""
"73984","ホテルマイステイズ浜松町","東京都","港区浜松町1-18-14","105-0013","B","新橋・汐留・浜松町・お台場","","","","","","","","","","","","",""
"183893","ホテルリラサーレ東京","東京都","港区浜松町2-7-10","105-0013","B","新橋・汐留・浜松町・お台場","","","","","","","","","","","","",""
"184035","メズム東京、オートグラフ　コレクション","東京都","港区海岸1-10-30","105-0022","B","新橋・汐留・浜松町・お台場","","","","","","","","","","","","",""
"183362","相鉄フレッサイン　大門駅前","東京都","港区芝大門2-6-2","105-0012","B","新橋・汐留・浜松町・お台場","","","","","","","","","","","","",""
"128267","安心お宿　Ｔｏｋｙｏ　Ｍａｎ　新橋駅前店","東京都","港区新橋3-21-6","105-0004","B","新橋・汐留・浜松町・お台場","","","","","","","","","","","","",""
"158890","安心お宿　Ｔｏｋｙｏ　Ｗｏｍａｎ　銀座汐留店","東京都","港区東新橋2-7-8","105-0021","B","新橋・汐留・浜松町・お台場","","","","","","","","","","","","",""
"172074","ＫＯＫＯ　ＨＯＴＥＬ　新橋御成門","東京都","港区新橋6-20-8","105-0004","B","新橋・汐留・浜松町・お台場","","","","","","","","","","","","",""
"172877","ＴＨＥ　ＢＬＯＳＳＯＭ　ＨＩＢＩＹＡ（ザ　ブラッサム日比谷）","東京都","港区新橋1-1-13","105-0004","B","新橋・汐留・浜松町・お台場","","","","","","","","","","","","",""
"198011","住友不動産ホテル　ヴィラフォンテーヌ東京日比谷","東京都","港区西新橋2-8-10","105-0003","B","新橋・汐留・浜松町・お台場","","","","","","","","","","","","",""
"149402","ＦＩＲＳＴ　ＣＡＢＩＮ（ファーストキャビン）愛宕山","東京都","港区西新橋3-10-7","105-0003","B","新橋・汐留・浜松町・お台場","","","","","","","","","","","","",""
"183714","ｉｎｕｍｏ　芝公園　ｂｙ　Ｖｉｌｌａ　Ｆｏｎｔａｉｎｅ","東京都","港区芝公園1-6-6","105-0000","B","新橋・汐留・浜松町・お台場","","","","","","","","","","","","",""
"180720","ＢＡＹ　ＨＯＴＥＬ東京浜松町","東京都","港区浜松町1-16-9","105-0013","B","新橋・汐留・浜松町・お台場","","","","","","","","","","","","",""
"165002","ホテルリブマックス豊洲駅前","東京都","江東区豊洲5-5-34","135-0061","B","新橋・汐留・浜松町・お台場","","","","","","","","","","","","",""
"716","ホテルマイステイズプレミア浜松町","東京都","港区浜松町1-8-5","105-0013","B","新橋・汐留・浜松町・お台場","","","","","","","","","","","","",""
"2876","第一ホテル東京","東京都","港区新橋1-2-6","105-8621","B","新橋・汐留・浜松町・お台場","","","","","","","","","","","","",""
"193175","ダブルツリーｂｙヒルトン東京有明","東京都","江東区有明3-7-3","135-0063","B","新橋・汐留・浜松町・お台場","","","","","","","","","","","","",""
"177964","ナインアワーズ浜松町","東京都","港区浜松町1-25-10","105-0013","B","新橋・汐留・浜松町・お台場","","","","","","","","","","","","",""
"140859","ホテルリブマックスＢＵＤＧＥＴ新橋","東京都","港区新橋6-20-1","105-0004","B","新橋・汐留・浜松町・お台場","","","","","","","","","","","","",""
"197361","ホテルリブマックス汐留","東京都","港区東新橋2-3-16","105-0021","B","新橋・汐留・浜松町・お台場","","","","","","","","","","","","",""
"167130","ホテル１８９９東京","東京都","港区新橋6-4-1","105-0004","B","新橋・汐留・浜松町・お台場","","","","","","","","","","","","",""
"197156","ＹＯＴＥＬ東京銀座","東京都","港区新橋1-7-7","105-0004","B","新橋・汐留・浜松町・お台場","","","","","","","","","","","","",""
"189165","ホテル虎ノ門ヒルズ","東京都","港区虎ノ門2-6-4","105-0001","B","新橋・汐留・浜松町・お台場","","","","","","","","","","","","",""
"186830","カプセルイン浜松町　＾","東京都","港区芝大門1-16-6　Ｃａｐｓｕｌｅ　Ｉｎｎ　Ｈａｍａｍａｔｓｕｃｈｏ","105-0012","B","新橋・汐留・浜松町・お台場","","","","","","","","","","","","",""
"18239","パークホテル東京","東京都","港区東新橋１丁目７－１ 汐留メディアタワー フロント 25F","105-7227","B","新橋・汐留・浜松町・お台場","","","","","","","","","","","","",""
"17938","レインボーホテル","東京都","港区新橋4-15-6","105-0004","B","新橋・汐留・浜松町・お台場","","","","","","","","","","","","",""
"198392","虎ノ門ホリックホテル（２０２６年４月２４日オープン）","東京都","港区西新橋２丁目１３－４","105-0003","B","新橋・汐留・浜松町・お台場","","","","","","","","","","","","",""
"172180","Ｈｏｔｅｌ　ｏｗｌ　Ｔｏｋｙｏ　Ｓｈｉｎｂａｓｈｉ","東京都","港区新橋3-15-7","105-0004","B","新橋・汐留・浜松町・お台場","","","","","","","","","","","","",""
"178889","島嶼会館","東京都","港区海岸1-4-15","105-0022","B","新橋・汐留・浜松町・お台場","","","","","","","","","","","","",""
"78151","コンラッド東京","東京都","港区東新橋1-9-1","105-7337","B","新橋・汐留・浜松町・お台場","","","","","","","","","","","","",""
"191916","ＬＯＦホテル新橋","東京都","港区新橋5-23-4","105-0004","B","新橋・汐留・浜松町・お台場","","","","","","","","","","","","",""
"198765","Ｐｒｅｍｉｕｍ　Ａｐａｒｔ　ＭＯＮｄａｙ　浜松町ステーション","東京都","港区浜松町1-15-4","105-0013","B","新橋・汐留・浜松町・お台場","","","","","","","","","","","","",""
"183596","ｂｎｂ＋　新橋店","東京都","港区新橋5-1-5　3Ｆ","105-0004","B","新橋・汐留・浜松町・お台場","","","","","","","","","","","","",""
"179366","Ｔｅｍｐｌｅ　Ｈｏｔｅｌ　正伝寺","東京都","港区芝1-12-12","105-0014","B","新橋・汐留・浜松町・お台場","","","","","","","","","","","","",""
"168398","からくさホテルプレミア東京銀座","東京都","港区新橋1-6-6","105-0004","B","新橋・汐留・浜松町・お台場","","","","","","","","","","","","",""
"803","芝パークホテル","東京都","港区芝公園１丁目５－１０","105-0011","B","新橋・汐留・浜松町・お台場","","","","","","","","","","","","",""
"195785","新橋コンホテル　＾","東京都","港区新橋3-4-4　新橋3ビル","105-0004","B","新橋・汐留・浜松町・お台場","","","","","","","","","","","","",""
"191633","ｕｎｉｔｏ　ｌｉｇｈｔ　ＳＨＩＭＢＡＳＨＩ","東京都","港区新橋5-20-1　ル・グラシエルビル5号館　4Ｆ","105-0004","B","新橋・汐留・浜松町・お台場","","","","","","","","","","","","",""
"190467","Ｓ・Ｆハイツ／民泊","東京都","港区芝5-23-17　Ｓ・Ｆハイツ","105-0014","B","新橋・汐留・浜松町・お台場","","","","","","","","","","","","",""
"193423","新橋ホテル将","東京都","港区新橋2-10-9","105-0004","B","新橋・汐留・浜松町・お台場","","","","","","","","","","","","",""
"198341","ｉｌｌｉ　Ｎｏａ　Ｈａｍａｍａｔｓｕｃｈｏ","東京都","港区浜松町1-19-4　佐藤ビル4F","105-0013","B","新橋・汐留・浜松町・お台場","","","","","","","","","","","","",""
"198343","ｉｌｌｉ　Ｅｍｅ　Ｔｏｋｙｏ－Ｔｏｒａｎｏｍｏｎ","東京都","港区虎ノ門5-1-4　東都ビル4F","105-0001","B","新橋・汐留・浜松町・お台場","","","","","","","","","","","","",""
"185452","Ｔｕｎｅ　Ｉｎｎ　Ｔｏｋｙｏ　Ｂａｙ　＾","東京都","港区海岸3-17-9　ＲＥＧＡＬＯ芝浦","108-0022","B","新橋・汐留・浜松町・お台場","","","","","","","","","","","","",""
"180277","ＭＯＮｄａｙ　Ａｐａｒｔ　浜松町大門","東京都","港区芝大門1-10-4","105-0012","B","新橋・汐留・浜松町・お台場","","","","","","","","","","","","",""
"192987","ｉｌｌｉ　Ｓｕｒｐ　Ｓｈｉｂａ－Ｐａｒｋ","東京都","港区芝大門1-10-12","105-0012","B","新橋・汐留・浜松町・お台場","","","","","","","","","","","","",""
"180279","ＭＯＮｄａｙ　Ａｐａｒｔ　Ｐｒｅｍｉｕｍ　浜松町","東京都","港区芝1-13-19","105-0014","B","新橋・汐留・浜松町・お台場","","","","","","","","","","","","",""
"192986","ｉｌｌｉ　Ｒｏｍ　Ｈａｍａｍａｔｓｕｃｈｏ","東京都","港区芝大門2-7-8　TRUST VALUE SHIBA DAIMON","105-0012","B","新橋・汐留・浜松町・お台場","","","","","","","","","","","","",""
"196845","ｉｌｌｉ　Ｒｕｇ　Ｈａｍａｍａｔｓｕｃｈｏ","東京都","港区浜松町1-12-5　Ｒａｐｐｏｔ　Ｂｌｄｇ．","105-0013","B","新橋・汐留・浜松町・お台場","","","","","","","","","","","","",""
"198761","ｉｌｌｉ　Ｔｏａｓ　Ｔｏｋｙｏ－Ｔｏｒａｎｏｍｏｎ","東京都","港区虎ノ門3-22-11　虎ノ門豊澄ビル","105-0001","B","新橋・汐留・浜松町・お台場","","","","","","","","","","","","",""
"199825","コクウ　東京都港区芝　隠れ家編／民泊","東京都","港区芝1-9-10 Ｋｏｋｕｕ　Ｍｉｎａｔｏ－ｋｕ　Ｔｏｋｙｏ　Ｓｈｉｂａ　Ｋａｋｕｒｅｇａｈｅｎ","105-0014","B","新橋・汐留・浜松町・お台場","","","","","","","","","","","","",""
"175272","ＥＡＳＴ　ＴＯＲＡＮＯＭＯＮ－寛道－／民泊","東京都","港区西新橋1-19-5　East Toranomon 2F","105-0003","B","新橋・汐留・浜松町・お台場","","","","","","","","","","","","",""
"180477","レジデンシャルホテル　東武ハイライン大門２０１","東京都","港区浜松町1-12-2　東武ハイライン大門201号室","105-0013","B","新橋・汐留・浜松町・お台場","","","","","","","","","","","","",""
"193459","フェアモント東京","東京都","港区芝浦1-1-1 BLUE FRONT SHIBAURA TOWER S","105-0023","B","新橋・汐留・浜松町・お台場","","","","","","","","","","","","",""
"201931","ＳＴＡＮＤ　ＨＯＴＥＬ　ＳＨＩＭＢＡＳＨＩ","東京都","港区東新橋2-3-1","105-0021","B","新橋・汐留・浜松町・お台場","","","","","","","","","","","","",""
"181660","Ｔｈｅ　Ｔｅｒｒａｃｅ　Ｈｏｓｔｅｌ　Ｓｈｉｎｂａｓｈｉ","東京都","港区新橋4-15-7 ル・グランシエルBLDG34　 3、4、5階","105-0004","B","新橋・汐留・浜松町・お台場","","","","","","","","","","","","",""
"201945","ＨＯＴＥＬ　みなと　虎ノ門","東京都","港区新橋4-6-8","105-0004","B","新橋・汐留・浜松町・お台場","","","","","","","","","","","","",""
"180334","アパホテル〈六本木ＳＩＸ〉","東京都","港区六本木2-3-11","106-0032","C","赤坂・六本木・霞ヶ関・永田町","","","","","","","","","","","","",""
"184462","アパホテル＆リゾート〈六本木駅東〉","東京都","港区六本木3-18-6","106-0032","C","赤坂・六本木・霞ヶ関・永田町","","","","","","","","","","","","",""
"164774","ホテルヒラリーズ赤坂","東京都","港区赤坂3-12-5","107-0052","C","赤坂・六本木・霞ヶ関・永田町","","","","","","","","","","","","",""
"147781","高濃度炭酸泉　茜草の湯　スーパーホテルＰｒｅｍｉｅｒ赤坂","東京都","港区赤坂3-16-7","107-0052","C","赤坂・六本木・霞ヶ関・永田町","","","","","","","","","","","","",""
"171998","アパホテルプライド〈赤坂国会議事堂前〉","東京都","千代田区永田町2-10‐2","100-0014","C","赤坂・六本木・霞ヶ関・永田町","","","","","","","","","","","","",""
"28439","ホテルニューオータニ","東京都","千代田区紀尾井町4-1","102-8578","C","赤坂・六本木・霞ヶ関・永田町","","","","","","","","","","","","",""
"183334","オリンピックイン麻布","東京都","港区南麻布1-7-37","106-0047","C","赤坂・六本木・霞ヶ関・永田町","","","","","","","","","","","","",""
"29186","全国町村会館（帝国ホテルグループ）","東京都","千代田区永田町1-11-35","100-0014","C","赤坂・六本木・霞ヶ関・永田町","","","","","","","","","","","","",""
"54866","ホテルモントレ赤坂","東京都","港区赤坂4-9-24","107-0052","C","赤坂・六本木・霞ヶ関・永田町","","","","","","","","","","","","",""
"31951","アパホテル〈赤坂見附〉","東京都","港区赤坂3-19-10","107-0052","C","赤坂・六本木・霞ヶ関・永田町","","","","","","","","","","","","",""
"147727","京王プレッソイン赤坂（２０２６年３月リニューアル）","東京都","港区赤坂6-2-13","107-0052","C","赤坂・六本木・霞ヶ関・永田町","","","","","","","","","","","","",""
"64045","ザ・リッツ・カールトン東京","東京都","港区赤坂9-7-1　東京ミッドタウン","107-6245","C","赤坂・六本木・霞ヶ関・永田町","","","","","","","","","","","","",""
"145463","アパホテル〈永田町半蔵門駅前〉","東京都","千代田区平河町1-3-5","102-0093","C","赤坂・六本木・霞ヶ関・永田町","","","","","","","","","","","","",""
"1815","マロウドイン赤坂","東京都","港区赤坂６丁目１５番１７号","107-0052","C","赤坂・六本木・霞ヶ関・永田町","","","","","","","","","","","","",""
"165752","変なホテル東京　赤坂","東京都","港区赤坂2-6-14","107-0052","C","赤坂・六本木・霞ヶ関・永田町","","","","","","","","","","","","",""
"2533","都市センターホテル（リーガロイヤルホテルグループ）","東京都","千代田区平河町2-4-1","102-0093","C","赤坂・六本木・霞ヶ関・永田町","","","","","","","","","","","","",""
"19925","ホテルルポール麹町（地方職員共済組合麹町会館）","東京都","千代田区平河町2-4-3","102-0093","C","赤坂・六本木・霞ヶ関・永田町","","","","","","","","","","","","",""
"8591","アパホテル〈西麻布〉","東京都","港区西麻布4-4-5","106-0031","C","赤坂・六本木・霞ヶ関・永田町","","","","","","","","","","","","",""
"11039","ホテルグランドアーク半蔵門","東京都","千代田区隼町1-1","102-0092","C","赤坂・六本木・霞ヶ関・永田町","","","","","","","","","","","","",""
"149399","アパホテル〈六本木駅前〉","東京都","港区六本木6-7-8","106-0032","C","赤坂・六本木・霞ヶ関・永田町","","","","","","","","","","","","",""
"142841","センチュリオンホテルグランド赤坂","東京都","港区赤坂3-19-3","107-0052","C","赤坂・六本木・霞ヶ関・永田町","","","","","","","","","","","","",""
"181523","コンフォートイン東京六本木","東京都","港区六本木3-9-8","106-0032","C","赤坂・六本木・霞ヶ関・永田町","","","","","","","","","","","","",""
"153298","ホテルマイステイズプレミア赤坂","東京都","港区赤坂2-17-54","107-0052","C","赤坂・六本木・霞ヶ関・永田町","","","","","","","","","","","","",""
"153693","レム六本木","東京都","港区六本木7丁目14-4","106-0032","C","赤坂・六本木・霞ヶ関・永田町","","","","","","","","","","","","",""
"165237","ネストホテル東京半蔵門","東京都","千代田区隼町2-18","102-0092","C","赤坂・六本木・霞ヶ関・永田町","","","","","","","","","","","","",""
"108080","ザ・キャピトルホテル東急","東京都","千代田区永田町二丁目10-3","100-0014","C","赤坂・六本木・霞ヶ関・永田町","","","","","","","","","","","","",""
"163186","ＣＡＮＤＥＯ　ＨＯＴＥＬＳ（カンデオホテルズ）東京六本木","東京都","港区六本木6-7-11","106-0032","C","赤坂・六本木・霞ヶ関・永田町","","","","","","","","","","","","",""
"65197","ホテルニューオータニ　エグゼクティブハウス　禅","東京都","千代田区紀尾井町4-1","102-8578","C","赤坂・六本木・霞ヶ関・永田町","","","","","","","","","","","","",""
"177460","赤坂アーバンホテル　アネックス","東京都","港区赤坂2-10-1","107-0052","C","赤坂・六本木・霞ヶ関・永田町","","","","","","","","","","","","",""
"183995","ヴィアインプライム赤坂＜茜音の湯＞（ＪＲ西日本グループ）","東京都","港区赤坂2丁目6番17号","107-0052","C","赤坂・六本木・霞ヶ関・永田町","","","","","","","","","","","","",""
"5021","ＡＮＡインターコンチネンタルホテル東京　ｂｙ　ＩＨＧ","東京都","港区赤坂1-12-33","107-0052","C","赤坂・六本木・霞ヶ関・永田町","","","","","","","","","","","","",""
"139857","ＲＯＰＰＯＮＧＩ　ＨＯＴＥＬ　Ｓ（六本木　ホテル　Ｓ）","東京都","港区西麻布1-11-6　ホテル＆レジデンス六本木","106-0031","C","赤坂・六本木・霞ヶ関・永田町","","","","","","","","","","","","",""
"177558","三井ガーデンホテル六本木プレミア","東京都","港区六本木3-15-17","106-0032","C","赤坂・六本木・霞ヶ関・永田町","","","","","","","","","","","","",""
"7629","赤坂陽光ホテル","東京都","港区赤坂6-14-12","107-0052","C","赤坂・六本木・霞ヶ関・永田町","","","","","","","","","","","","",""
"9580","ホテルアジア会館","東京都","港区赤坂8-10-32","107-0052","C","赤坂・六本木・霞ヶ関・永田町","","","","","","","","","","","","",""
"168313","ホテルＳＵＩ赤坂ｂｙＡＢＥＳＴ","東京都","港区赤坂2-17-55","107-0052","C","赤坂・六本木・霞ヶ関・永田町","","","","","","","","","","","","",""
"70987","センチュリオンホテル・レジデンシャル・赤坂","東京都","港区赤坂3-12-3","107-0052","C","赤坂・六本木・霞ヶ関・永田町","","","","","","","","","","","","",""
"135999","相鉄フレッサイン東京赤坂","東京都","港区赤坂6-3-17","107-0052","C","赤坂・六本木・霞ヶ関・永田町","","","","","","","","","","","","",""
"68491","ｔｈｅ　ｂ　赤坂見附（ザビー　あかさかみつけ）","東京都","港区赤坂3-21-7","107-0052","C","赤坂・六本木・霞ヶ関・永田町","","","","","","","","","","","","",""
"163072","相鉄フレッサイン　東京六本木","東京都","港区六本木3-10-1","106-0032","C","赤坂・六本木・霞ヶ関・永田町","","","","","","","","","","","","",""
"151352","ファーストキャビン赤坂","東京都","港区赤坂3-13-7","107-0052","C","赤坂・六本木・霞ヶ関・永田町","","","","","","","","","","","","",""
"240","ｔｈｅ　ｂ　赤坂（ザビー　あかさか）","東京都","港区赤坂7-6-13 ","107-0052","C","赤坂・六本木・霞ヶ関・永田町","","","","","","","","","","","","",""
"80767","住友不動産ホテル　ヴィラフォンテーヌグランド東京六本木","東京都","港区六本木1-6-2","106-0032","C","赤坂・六本木・霞ヶ関・永田町","","","","","","","","","","","","",""
"181329","ホテルリブマックス赤坂ＧＲＡＮＤＥ","東京都","港区赤坂6-4-7","107-0052","C","赤坂・六本木・霞ヶ関・永田町","","","","","","","","","","","","",""
"182080","ＨＯＴＥＬ　みなと　麻布十番","東京都","港区東麻布2-26-9","106-0044","C","赤坂・六本木・霞ヶ関・永田町","","","","","","","","","","","","",""
"177494","ザ・ライブリー東京麻布十番（ＴＨＥ　ＬＩＶＥＬＹ　東京麻布十番）","東京都","港区麻布十番1-5-23","106-0045","C","赤坂・六本木・霞ヶ関・永田町","","","","","","","","","","","","",""
"162902","ザ・センチュリオン　クラシック赤坂","東京都","港区赤坂3-11-8","107-0052","C","赤坂・六本木・霞ヶ関・永田町","","","","","","","","","","","","",""
"188871","サウナ＆キャビン　テルマー湯　西麻布","東京都","港区西麻布1-7-2　地下1階～3階","106-0031","C","赤坂・六本木・霞ヶ関・永田町","","","","","","","","","","","","",""
"188313","ＡＬＦＩＴ　ＨＯＴＥＬ　＆　ＢＡＲ　ＡＫＡＳＡＫＡ","東京都","港区赤坂2-14-34","107-0052","C","赤坂・六本木・霞ヶ関・永田町","","","","","","","","","","","","",""
"166450","ナインアワーズ赤坂","東京都","港区赤坂4-3-14","107-0052","C","赤坂・六本木・霞ヶ関・永田町","","","","","","","","","","","","",""
"197569","スゴイサウナ＆ステイ麻布十番駅前","東京都","港区東麻布3-6-11  THE CITY 麻布十番 EAST 1階","106-0044","C","赤坂・六本木・霞ヶ関・永田町","","","","","","","","","","","","",""
"158329","赤坂アーバンホテル","東京都","港区赤坂2-12-2","107-0052","C","赤坂・六本木・霞ヶ関・永田町","","","","","","","","","","","","",""
"184904","ＨＯＴＥＬ　みなと－ＭＩＮＡＴＯ－","東京都","港区西麻布1-13-17","106-0031","C","赤坂・六本木・霞ヶ関・永田町","","","","","","","","","","","","",""
"172011","ホテルリブマックス赤坂","東京都","港区赤坂7-9-4","107-0052","C","赤坂・六本木・霞ヶ関・永田町","","","","","","","","","","","","",""
"56803","赤坂グランベルホテル","東京都","港区赤坂3丁目10-9","107-0052","C","赤坂・六本木・霞ヶ関・永田町","","","","","","","","","","","","",""
"183079","オークウッドホテル＆アパートメンツ麻布","東京都","港区東麻布3-10-5","106-0044","C","赤坂・六本木・霞ヶ関・永田町","","","","","","","","","","","","",""
"149327","ホテルリズベリオ赤坂","東京都","港区赤坂3-18-1","107-0052","C","赤坂・六本木・霞ヶ関・永田町","","","","","","","","","","","","",""
"176964","ザ・キタノホテル東京","東京都","千代田区平河町2-16-15","102-0093","C","赤坂・六本木・霞ヶ関・永田町","","","","","","","","","","","","",""
"179122","六本木プラザホテル","東京都","港区六本木7-15-13　六本木ダイヤハイツ6Ｆ","106-0032","C","赤坂・六本木・霞ヶ関・永田町","","","","","","","","","","","","",""
"180552","グランドハイアット東京","東京都","港区六本木6-10-3","106-0032","C","赤坂・六本木・霞ヶ関・永田町","","","","","","","","","","","","",""
"153152","ザ・プリンスギャラリー　東京紀尾井町，ラグジュアリーコレクションホテル","東京都","千代田区紀尾井町1-2","102-8585","C","赤坂・六本木・霞ヶ関・永田町","","","","","","","","","","","","",""
"184084","ＣＯＣＯＳＨＵＫＵ　赤坂　Ｐｒｅｍｉｕｍ","東京都","港区赤坂3-6-20　赤坂ポールスタービル","107-0052","C","赤坂・六本木・霞ヶ関・永田町","","","","","","","","","","","","",""
"188321","Ａｋａｓａｋａ　Ｔｈｅ　Ｈｏｓｔｅｌ","東京都","港区赤坂2-13-21 関根ビル 4 階","107-0052","C","赤坂・六本木・霞ヶ関・永田町","","","","","","","","","","","","",""
"164827","Ｔｏｋｙｏ　Ｔｏｗｅｒ　Ｖｉｅｗ　Ｇｕｅｓｔ　Ｈｏｕｓｅ","東京都","港区東麻布1-17-9","106-0044","C","赤坂・六本木・霞ヶ関・永田町","","","","","","","","","","","","",""
"153390","安らぎの女子宿　赤坂の里","東京都","港区赤坂4-3-13","107-0052","C","赤坂・六本木・霞ヶ関・永田町","","","","","","","","","","","","",""
"178161","ベストウェスタンホテルフィーノ東京赤坂","東京都","港区赤坂3丁目7番12号","107-0052","C","赤坂・六本木・霞ヶ関・永田町","","","","","","","","","","","","",""
"167137","赤坂の里Ｐｒｅｍｉｕｍ","東京都","港区赤坂4-3-13　三泉社ビル1Ｆ","107-0052","C","赤坂・六本木・霞ヶ関・永田町","","","","","","","","","","","","",""
"193512","Ｇｕｅｓｔｈｏｕｓｅ　Ａｋａｓａｋａ","東京都","港区赤坂2-14-1赤坂山王会館5階","107-0052","C","赤坂・六本木・霞ヶ関・永田町","","","","","","","","","","","","",""
"108397","東横ＩＮＮ溜池山王駅官邸南","東京都","千代田区永田町２－４－１４","100-0014","C","赤坂・六本木・霞ヶ関・永田町","","","","","","","","","","","","",""
"151252","カスカータ（ＨＯＴＥＬ　ＧＬＡＮＺ　ＣＡＳＣＡＴＡ）","東京都","港区西麻布1-3-2","106-0031","C","赤坂・六本木・霞ヶ関・永田町","","","","","","","","","","","","",""
"191514","５４Ｊｏｕｒｎｅｙ六本木ホステル","東京都","港区六本木4-1-26　六本木4126ビル","106-0032","C","赤坂・六本木・霞ヶ関・永田町","","","","","","","","","","","","",""
"201688","Ｇｕｅｓｔｈｏｕｓｅ　ＡｋａｓａｋａＩＩ","東京都","港区赤坂2-14-1 赤坂山王会館  4階","107-0052","C","赤坂・六本木・霞ヶ関・永田町","","","","","","","","","","","","",""
"195488","山本ビル　＾","東京都","港区東麻布1-3-3　山本ビル2階","106-0044","C","赤坂・六本木・霞ヶ関・永田町","","","","","","","","","","","","",""
"187216","Ｖｉｌｌａ　Ｒｏｐｐｏｎｇｉ","東京都","港区六本木7-10-19","106-0032","C","赤坂・六本木・霞ヶ関・永田町","","","","","","","","","","","","",""
"194683","Ａｐｔ＃０１２　麻布十番駅徒歩３分・東京タワー六本木徒歩圏内の好立地／６０１　＾","東京都","港区麻布十番2-13-2　アザブクマイビル601","106-0045","C","赤坂・六本木・霞ヶ関・永田町","","","","","","","","","","","","",""
"191976","Ａｋａｓａｋａ　Ｇｕｅｓｔｈｏｕｓｅ　ＨＩＶＥ","東京都","港区赤坂2-7-2　赤坂ＲＳビル","107-0052","C","赤坂・六本木・霞ヶ関・永田町","","","","","","","","","","","","",""
"183784","５４　Ｊｏｕｒｎｅｙ　東京赤坂","東京都","港区赤坂2-13-14","107-0052","C","赤坂・六本木・霞ヶ関・永田町","","","","","","","","","","","","",""
"197973","山本ビル","東京都","港区東麻布1-3-7","106-0044","C","赤坂・六本木・霞ヶ関・永田町","","","","","","","","","","","","",""
"195268","Ｔｒａｖｅｌｅｒｚ　Ａｋａｓａｋａ３０２　＾","東京都","港区赤坂2-20-7 　第2成光ビル302号室","107-0052","C","赤坂・六本木・霞ヶ関・永田町","","","","","","","","","","","","",""
"195269","Ｔｒａｖｅｌｅｒｚ　Ｔｏｋｙｏ　Ａｋａｓａｋａ　３０１　＾","東京都","港区赤坂2-20-7　第2成光ビル301","107-0052","C","赤坂・六本木・霞ヶ関・永田町","","","","","","","","","","","","",""
"193408","ｉｌｌｉ　Ｇｒａｎ　Ａｚａｂｕｊｕｂａｎ","東京都","港区麻布十番2-5-1　5階","106-0045","C","赤坂・六本木・霞ヶ関・永田町","","","","","","","","","","","","",""
"190764","じゃるだんビル／民泊","東京都","港区六本木3-8-10　じゃるだんビル2Ｆ","106-0032","C","赤坂・六本木・霞ヶ関・永田町","","","","","","","","","","","","",""
"166096","ＭＩＭＡＲＵ東京　赤坂","東京都","港区赤坂7-9-6","107-0052","C","赤坂・六本木・霞ヶ関・永田町","","","","","","","","","","","","",""
"195351","Ｒｏｐｐｏｎｇｉ　Ｈｏｕｓｅ　ｂｙ　Ｕ／民泊","東京都","港区六本木4-6-3-401,501,B1　Roppongi House by U","106-0032","C","赤坂・六本木・霞ヶ関・永田町","","","","","","","","","","","","",""
"186307","六本木駅徒歩７分／９０平米２ＬＤＫ／デザイナーズ戸建／民泊","東京都","港区西麻布1-11-3","106-0031","C","赤坂・六本木・霞ヶ関・永田町","","","","","","","","","","","","",""
"199947","ケンズプレイス南麻布／民泊","東京都","港区南麻布 Ｋｅｎ’ｓ　Ｐｌａｃｅ　Ｍｉｎａｍｉ－Ａｚａｂｕ","106-0047","C","赤坂・六本木・霞ヶ関・永田町","","","","","","","","","","","","",""
"186236","ＬｉｖｅＧＲＡＣＥ　Ｈｏｔｅｌ　麻布芝公園　＾","東京都","港区東麻布1-13-7　ＬｉｖｅＧＲＡＣＥ　麻布芝公園　Ｈｏｔｅｌ","106-0044","C","赤坂・六本木・霞ヶ関・永田町","","","","","","","","","","","","",""
"190891","六本木麻布　ＬＵＸＵＲＹ　ＶＩＬＬＡＳ　ＳＫＹ　ＧＡＴＥ　ＡＺＡＢＵ　＾","東京都","港区麻布十番　2-8-16　ＩＳＩビル6階","106-0045","C","赤坂・六本木・霞ヶ関・永田町","","","","","","","","","","","","",""
"199965","Ｋｅｎ＇ｓ　Ｐｌａｃｅ　Ａｚａｂｕ－Ｊｕｂａｎ／民泊","東京都","港区南麻布1-13-9 Ｋｅｎ＇ｓ　Ｐｌａｃｅ　Ａｚａｂｕ－Ｊｕｂａｎ","106-0047","C","赤坂・六本木・霞ヶ関・永田町","","","","","","","","","","","","",""
"170701","南麻布ＭＯＮＯ　＾","東京都","港区南麻布3-2-4　ＭＯＮＯ","106-0047","C","赤坂・六本木・霞ヶ関・永田町","","","","","","","","","","","","",""
"69287","HOTEL　THE　GLANZ（ホテル　ザ　グランツ）","東京都","港区麻布十番2-21-3","106-0045","C","赤坂・六本木・霞ヶ関・永田町","","","","","","","","","","","","",""
"196064","Ｃｉｅｌ南麻布","東京都","港区南麻布5-15-8","106-0047","C","赤坂・六本木・霞ヶ関・永田町","","","","","","","","","","","","",""
"195656","ＳＴＵＭＰ　ＳＡ　ＭｉｎａｍｉＡｚａｂｕ／民泊","東京都","港区南麻布2-13-21　S.POINT南麻布","106-0047","C","赤坂・六本木・霞ヶ関・永田町","","","","","","","","","","","","",""
"166122","アクトホテル六本木","東京都","港区六本木7-17-15","106-0032","C","赤坂・六本木・霞ヶ関・永田町","","","","","","","","","","","","",""
"169365","ｉｎｔｈｅＨｏｏｄ　Ｈｉｇａｓｈｉ　Ａｚａｂｕ　＾","東京都","港区東麻布1-27-7　ｉｎｔｈｅＨｏｏｄ　Ｈｉｇａｓｈｉ　Ａｚａｂｕ","106-0044","C","赤坂・六本木・霞ヶ関・永田町","","","","","","","","","","","","",""
"169665","スペース六本木／民泊","東京都","港区六本木7-1-17　Ｓｐａｃｅ　Ｒｏｐｐｏｎｇｉ","106-0032","C","赤坂・六本木・霞ヶ関・永田町","","","","","","","","","","","","",""
"169746","Ｈｉｇａｓｈｉ　Ａｚａｂｕ　ＦＬＥＧ／民泊","東京都","港区東麻布1-24-4　Ｆｌｅｇ　Ｈｉｇａｓｈｉａｚａｂｕ","106-0044","C","赤坂・六本木・霞ヶ関・永田町","","","","","","","","","","","","",""
"170619","Ａｋａｓａｋａ／民泊","東京都","港区赤坂3-15-6　ホーヨー東京レジデンス赤坂3","107-0052","C","赤坂・六本木・霞ヶ関・永田町","","","","","","","","","","","","",""
"170666","２０１９年新築・高機能を追求した新型高級マンション＃赤坂見附駅徒歩４分／民泊","東京都","港区赤坂4-7-1　乾航赤坂レジデンス","107-0052","C","赤坂・六本木・霞ヶ関・永田町","","","","","","","","","","","","",""
"170854","三田ハウス／民泊","東京都","港区三田2-10-12　Ｍｉｔａ　Ｇｕｅｓｔ　ｈｏｕｓｅ","108-0073","C","赤坂・六本木・霞ヶ関・永田町","","","","","","","","","","","","",""
"171113","東京華館／民泊","東京都","港区南麻布2-7-25ストーク麻布201　Ｔｏｋｙｏ　Ｋａｋａｎ","106-0047","C","赤坂・六本木・霞ヶ関・永田町","","","","","","","","","","","","",""
"174442","六本木森ハウス／民泊","東京都","港区麻布十番1-2-9 新一の橋ハイツ501号","106-0045","C","赤坂・六本木・霞ヶ関・永田町","","","","","","","","","","","","",""
"174443","六本木猫ハウス／民泊","東京都","港区麻布十番1-2-9 新一の橋ハイツ601","106-0045","C","赤坂・六本木・霞ヶ関・永田町","","","","","","","","","","","","",""
"174444","六本木Ｃｌａｓｓｙハウス／民泊","東京都","港区麻布十番1-2-9 新一の橋ハイツ902","106-0045","C","赤坂・六本木・霞ヶ関・永田町","","","","","","","","","","","","",""
"174447","六本木ジャパンハウス／民泊","東京都","港区麻布十番1-2-9 新一の橋ハイツ602","106-0045","C","赤坂・六本木・霞ヶ関・永田町","","","","","","","","","","","","",""
"175949","【記念日旅行、家族旅行、グループ旅行、女子会に最適！】空を見上げると東京タワーが目の前に！／民泊","東京都","港区東麻布2-15-9　Ａｚａｂｕ　Ｍｏｄｅｒｎ　Ｈｏｕｓｅ","106-0044","C","赤坂・六本木・霞ヶ関・永田町","","","","","","","","","","","","",""
"178502","Ｂｉｎｅｍｕ","東京都","港区東麻布3-4-16","106-0044","C","赤坂・六本木・霞ヶ関・永田町","","","","","","","","","","","","",""
"180808","マツリホテル第２クワムラビル４Ｆ","東京都","港区赤坂3-9-15　第2クワムラビル4階","107-0052","C","赤坂・六本木・霞ヶ関・永田町","","","","","","","","","","","","",""
"183144","ケンズプレイス麻布台","東京都","港区東麻布2-9-5","106-0064","C","赤坂・六本木・霞ヶ関・永田町","","","","","","","","","","","","",""
"183563","Ｌ＆Ｐ　ＨＯＴＥＬ","東京都","港区赤坂4-7-1","107-0052","C","赤坂・六本木・霞ヶ関・永田町","","","","","","","","","","","","",""
"185125","Ａｌｔ　Ｓｔａｙ麻布Ｅａｓｔ／民泊","東京都","港区東麻布2-4-11　Ａｌｔ　Ｓｔａｙ麻布Ｅａｓｔ","106-0044","C","赤坂・六本木・霞ヶ関・永田町","","","","","","","","","","","","",""
"190456","ＴＲＡＶＥＬＥＲＺ　ＡＫＡＳＡＫＡ　３０２／民泊","東京都","港区赤坂2-20-7　第2成光ビル302","107-0052","C","赤坂・六本木・霞ヶ関・永田町","","","","","","","","","","","","",""
"190459","ＴＲＡＶＥＬＥＲＺ　ＡＫＡＳＡＫＡ　３０１／民泊","東京都","港区赤坂2-20-7　第2成光ビル３0１","107-0052","C","赤坂・六本木・霞ヶ関・永田町","","","","","","","","","","","","",""
"197710","ホテル木下　赤坂","東京都","港区赤坂3-15-13","107-0052","C","赤坂・六本木・霞ヶ関・永田町","","","","","","","","","","","","",""
"199442","Ｒｅｓｉｄｅｎｃｅ　＆　Ｓｔａｙ　半蔵門","東京都","千代田区平河町1-9-10 MEIKOUビル","102-0093","C","赤坂・六本木・霞ヶ関・永田町","","","","","","","","","","","","",""
"197434","ＨＯＴＥＬ　ＥＮＳＯ　ＴＯＫＹＯ　赤坂","東京都","港区赤坂3-9-3　赤坂見附駅前ビル4F","107-0052","C","赤坂・六本木・霞ヶ関・永田町","","","","","","","","","","","","",""
"70328","東急ステイ青山プレミア","東京都","港区南青山2-27-18","107-0062","D","渋谷・恵比寿・目黒・二子玉川","","","","","","","","","","","","",""
"41704","東急ステイ目黒・祐天寺","東京都","目黒区祐天寺2-15-7","153-0052","D","渋谷・恵比寿・目黒・二子玉川","","","","","","","","","","","","",""
"14112","ＪＲ東日本ホテルメッツ渋谷","東京都","渋谷区渋谷3-29-17","150-0002","D","渋谷・恵比寿・目黒・二子玉川","","","","","","","","","","","","",""
"41705","東急ステイ用賀","東京都","世田谷区用賀4-4-1","158-0097","D","渋谷・恵比寿・目黒・二子玉川","","","","","","","","","","","","",""
"5531","ホテルサーブ渋谷","東京都","目黒区大橋 2-24-4","153-0044","D","渋谷・恵比寿・目黒・二子玉川","","","","","","","","","","","","",""
"183333","オリンピックイン渋谷","東京都","目黒区大橋2-22-6","153-0044","D","渋谷・恵比寿・目黒・二子玉川","","","","","","","","","","","","",""
"29764","サクラ・フルール　青山","東京都","渋谷区渋谷2-14-15","150-0002","D","渋谷・恵比寿・目黒・二子玉川","","","","","","","","","","","","",""
"138039","アパホテル〈渋谷道玄坂上〉","東京都","渋谷区円山町20-1","150-0044","D","渋谷・恵比寿・目黒・二子玉川","","","","","","","","","","","","",""
"137045","ホテルアベスト目黒","東京都","品川区上大崎2-26-5","141-0021","D","渋谷・恵比寿・目黒・二子玉川","","","","","","","","","","","","",""
"136846","ドーミーインＰＲＥＭＩＵＭ渋谷神宮前（ドーミーイン・御宿野乃　ホテルズグループ）","東京都","渋谷区神宮前6-24-4","150-0001","D","渋谷・恵比寿・目黒・二子玉川","","","","","","","","","","","","",""
"11275","セルリアンタワー東急ホテル","東京都","渋谷区桜丘町26-1","150-8512","D","渋谷・恵比寿・目黒・二子玉川","","","","","","","","","","","","",""
"68640","ネストホテルオルト目黒駅前","東京都","目黒区下目黒1-2-19","153-0064","D","渋谷・恵比寿・目黒・二子玉川","","","","","","","","","","","","",""
"1746","ｔｈｅ　ｂ　三軒茶屋（ザビー　さんげんぢゃや）","東京都","世田谷区太子堂2-17-9","154-0004","D","渋谷・恵比寿・目黒・二子玉川","","","","","","","","","","","","",""
"12695","ドーミーインＥＸＰＲＥＳＳ目黒青葉台（ドーミーイン・御宿野乃　ホテルズグループ）","東京都","目黒区青葉台3-21-8 ","153-0042","D","渋谷・恵比寿・目黒・二子玉川","","","","","","","","","","","","",""
"17506","ＫＫＲホテル中目黒（国家公務員共済組合連合会目黒宿泊所）","東京都","目黒区東山 1-27-15","153-0043","D","渋谷・恵比寿・目黒・二子玉川","","","","","","","","","","","","",""
"147553","二子玉川エクセルホテル東急","東京都","世田谷区玉川1-14-1","158-0094","D","渋谷・恵比寿・目黒・二子玉川","","","","","","","","","","","","",""
"178375","目黒ホリックホテル","東京都","目黒区目黒1-3-14","153-0063","D","渋谷・恵比寿・目黒・二子玉川","","","","","","","","","","","","",""
"197838","東急ステイ渋谷　恵比寿（２０２６年３月１７日オープン）","東京都","渋谷区恵比寿西1-9-5","150-0021","D","渋谷・恵比寿・目黒・二子玉川","","","","","","","","","","","","",""
"41703","東急ステイ渋谷新南口","東京都","渋谷区渋谷3-26-21","150-0002","D","渋谷・恵比寿・目黒・二子玉川","","","","","","","","","","","","",""
"179886","由縁別邸　代田","東京都","世田谷区代田2-31-26","155-0033","D","渋谷・恵比寿・目黒・二子玉川","","","","","","","","","","","","",""
"4778","渋谷エクセルホテル東急","東京都","渋谷区道玄坂1-12-2（渋谷マークシティ内）","150-0043","D","渋谷・恵比寿・目黒・二子玉川","","","","","","","","","","","","",""
"187581","ホテルレジデンス大橋会館　ｂｙ　Ｒｅ－ｒｅｎｔ　Ｒｅｓｉｄｅｎｃｅ","東京都","目黒区東山3-7-11","153-0043","D","渋谷・恵比寿・目黒・二子玉川","","","","","","","","","","","","",""
"167550","ＳＨＩＢＵＹＡ　ＳＴＲＥＡＭ　ＨＯＴＥＬ","東京都","渋谷区渋谷3-21-3","150-0002","D","渋谷・恵比寿・目黒・二子玉川","","","","","","","","","","","","",""
"178212","Ｔａｂｉｓｔ　ホテルニューワシントン　渋谷","東京都","渋谷区神山町6-2","150-0047","D","渋谷・恵比寿・目黒・二子玉川","","","","","","","","","","","","",""
"1770","渋谷東武ホテル","東京都","渋谷区宇田川町3-1","150-0042","D","渋谷・恵比寿・目黒・二子玉川","","","","","","","","","","","","",""
"135362","ドシー恵比寿","東京都","渋谷区恵比寿1-8-1","150-0013","D","渋谷・恵比寿・目黒・二子玉川","","","","","","","","","","","","",""
"1133","シェラトン都ホテル東京","東京都","港区白金台1-1-50","108-8640","D","渋谷・恵比寿・目黒・二子玉川","","","","","","","","","","","","",""
"509","渋谷東急ＲＥＩホテル","東京都","渋谷区渋谷1-24-10","150-0002","D","渋谷・恵比寿・目黒・二子玉川","","","","","","","","","","","","",""
"183706","ａｌｌ　ｄａｙ　ｐｌａｃｅ　ｓｈｉｂｕｙａ","東京都","渋谷区渋谷1-17-1","150-0002","D","渋谷・恵比寿・目黒・二子玉川","","","","","","","","","","","","",""
"166445","ザ・ワンファイブ東京渋谷","東京都","渋谷区神南1-8-11","150-0041","D","渋谷・恵比寿・目黒・二子玉川","","","","","","","","","","","","",""
"179471","プリンス　スマート　イン　恵比寿","東京都","渋谷区恵比寿南３丁目１１番２５号","150-0022","D","渋谷・恵比寿・目黒・二子玉川","","","","","","","","","","","","",""
"149006","ＣＯＭＭＵＮ　ＳＨＩＢＵＹＡ（コミュン　渋谷）","東京都","渋谷区桜丘町22-19","150-0031","D","渋谷・恵比寿・目黒・二子玉川","","","","","","","","","","","","",""
"20608","ビジネスホテル経堂","東京都","世田谷区経堂1-26-12","156-0052","D","渋谷・恵比寿・目黒・二子玉川","","","","","","","","","","","","",""
"41708","東急ステイ渋谷　（道玄坂上）","東京都","渋谷区神泉町8-14","150-0045","D","渋谷・恵比寿・目黒・二子玉川","","","","","","","","","","","","",""
"179182","ｓｅｑｕｅｎｃｅ　ＭＩＹＡＳＨＩＴＡ　ＰＡＲＫ","東京都","渋谷区神宮前6-20-10　MIYASHITA PARK North","150-0001","D","渋谷・恵比寿・目黒・二子玉川","","","","","","","","","","","","",""
"19745","渋谷クレストンホテル","東京都","渋谷区神山町10-8","150-0047","D","渋谷・恵比寿・目黒・二子玉川","","","","","","","","","","","","",""
"164463","ａｌｍｏｎｄ　ｈｏｓｔｅｌ　＆　ｃａｆｅ","東京都","渋谷区元代々木町1-7","151-0062","D","渋谷・恵比寿・目黒・二子玉川","","","","","","","","","","","","",""
"27747","フレックステイイン白金","東京都","港区白金5-10-15","108-0072","D","渋谷・恵比寿・目黒・二子玉川","","","","","","","","","","","","",""
"146136","やどかん","東京都","世田谷区代田3-58-1","155-0033","D","渋谷・恵比寿・目黒・二子玉川","","","","","","","","","","","","",""
"7536","ウェスティンホテル東京","東京都","目黒区三田1-4-1 恵比寿ガーデンプレイス内","153-8580","D","渋谷・恵比寿・目黒・二子玉川","","","","","","","","","","","","",""
"52992","渋谷グランベルホテル","東京都","渋谷区桜丘町15-17","150-0031","D","渋谷・恵比寿・目黒・二子玉川","","","","","","","","","","","","",""
"188439","ホテルグラフィー渋谷（ＨＯＴＥＬ　ＧＲＡＰＨＹ　渋谷）","東京都","渋谷区東1-29-3","150-0011","D","渋谷・恵比寿・目黒・二子玉川","","","","","","","","","","","","",""
"158899","サウナ＆カプセルミナミ　学芸大店","東京都","目黒区鷹番3-9-9","152-0004","D","渋谷・恵比寿・目黒・二子玉川","","","","","","","","","","","","",""
"166349","ザ　ミレニアルズ渋谷（ＴＨＥ　ＭＩＬＬＥＮＮＩＡＬＳ）","東京都","渋谷区神南1-20-13","150-0041","D","渋谷・恵比寿・目黒・二子玉川","","","","","","","","","","","","",""
"182685","ＭＵＳＴＡＲＤ　ＨＯＴＥＬ　ＳＨＩＭＯＫＩＴＡＺＡＷＡ","東京都","世田谷区北沢3-9-19","155-0031","D","渋谷・恵比寿・目黒・二子玉川","","","","","","","","","","","","",""
"167308","恵比寿ホリックホテル","東京都","渋谷区恵比寿南1-16-8　","150-0022","D","渋谷・恵比寿・目黒・二子玉川","","","","","","","","","","","","",""
"166090","Ｔｕｒｎ　Ｔａｂｌｅ","東京都","渋谷区神泉町10-3","150-0045","D","渋谷・恵比寿・目黒・二子玉川","","","","","","","","","","","","",""
"184642","ホテル　ダイヤモンド","東京都","渋谷区道玄坂2-28-9","150-0043","D","渋谷・恵比寿・目黒・二子玉川","","","","","","","","","","","","",""
"192928","ｌｙｆ渋谷東京（ライフ渋谷東京）","東京都","渋谷区宇田川町4-3","150-0042","D","渋谷・恵比寿・目黒・二子玉川","","","","","","","","","","","","",""
"197707","ＢｏｏｋＴｅａＢｅｄ　渋谷","東京都","渋谷区円山町1-17","150-0044","D","渋谷・恵比寿・目黒・二子玉川","","","","","","","","","","","","",""
"197443","フォーポイント　フレックス　ｂｙ　シェラトン　東京渋谷ウエスト","東京都","目黒区大橋2-22-7","153-0044","D","渋谷・恵比寿・目黒・二子玉川","","","","","","","","","","","","",""
"194937","目黒みどりホテル　＾","東京都","品川区上大崎2-13-41　目黒みどりホテル","141-0021","D","渋谷・恵比寿・目黒・二子玉川","","","","","","","","","","","","",""
"198970","ＴＩＭＥ　ＬＵＸＥ　三軒茶屋　　〜刻ノ間（ときのま）〜","東京都","世田谷区太子堂5-20-3","154-0004","D","渋谷・恵比寿・目黒・二子玉川","","","","","","","","","","","","",""
"18739","ＳＨＩＢＵＹＡ　ＨＯＴＥＬ　ＥＮ（渋谷ホテル　エン）","東京都","渋谷区円山町1-1","150-0044","D","渋谷・恵比寿・目黒・二子玉川","","","","","","","","","","","","",""
"187915","ホテルインディゴ東京渋谷　ｂｙ　ＩＨＧ","東京都","渋谷区道玄坂2-25-12","150-0043","D","渋谷・恵比寿・目黒・二子玉川","","","","","","","","","","","","",""
"188089","ＩＮＮ　ＴＨＥ　ＯＭＯＴＥＳＡＮＤＯ","東京都","港区南青山5-1-25 メゾン・ド・ラミアビル7階","107-0062","D","渋谷・恵比寿・目黒・二子玉川","","","","","","","","","","","","",""
"196150","東急バケーションズ東京　二子玉川","東京都","世田谷区玉川1-14-1　二子玉川エクセルホテル東急内","158-0094","D","渋谷・恵比寿・目黒・二子玉川","","","","","","","","","","","","",""
"180690","ｗａｖｅｓ　ｎａｋａｍｅｇｕｒｏ","東京都","目黒区上目黒3-7-6　松村第二ビル3Ｆ","153-0051","D","渋谷・恵比寿・目黒・二子玉川","","","","","","","","","","","","",""
"199093","ｉｌｌｉ　Ｈｏｔｅｌｓ　Ｌｕｍｅ　Ｓｈｉｂｕｙａ","東京都","渋谷区道玄坂2-20-22","150-0043","D","渋谷・恵比寿・目黒・二子玉川","","","","","","","","","","","","",""
"195463","ＡＱＵＡ　ＲＥＳＩＤＥＮＣＥ　三軒茶屋　＾","東京都","世田谷区太子堂1-13-1　AQUA RESIDENCE 三軒茶屋 105","154-0004","D","渋谷・恵比寿・目黒・二子玉川","","","","","","","","","","","","",""
"197551","世田谷千利休マンション","東京都","世田谷区世田谷1-16-24","154-0017","D","渋谷・恵比寿・目黒・二子玉川","","","","","","","","","","","","",""
"181525","南青山１ｓｔ","東京都","港区南青山1-4-3　南青山ファースト201","107-0062","D","渋谷・恵比寿・目黒・二子玉川","","","","","","","","","","","","",""
"162859","ＷＩＳＥ　ＯＷＬ　ＨＯＳＴＥＬＳ　ＳＨＩＢＵＹＡ","東京都","目黒区青葉台4-9-10","153-0042","D","渋谷・恵比寿・目黒・二子玉川","","","","","","","","","","","","",""
"196204","ｉｌｌｉ　Ａｍｕ　Ｓｈｉｍｏｋｉｔａｚａｗａ","東京都","世田谷区代沢5-30-2　A*G下北沢","155-0032","D","渋谷・恵比寿・目黒・二子玉川","","","","","","","","","","","","",""
"197552","Ｐｉａｚｚａ－Ｕ　祐天寺","東京都","目黒区五本木1-29-1 ピアッツァユー","153-0053","D","渋谷・恵比寿・目黒・二子玉川","","","","","","","","","","","","",""
"193103","ＳＬＥＥＰＬＡＢ　ＴＨＥ　ＳＴＡＹ　渋谷","東京都","渋谷区道玄坂2-19-6　901号室","150-0043","D","渋谷・恵比寿・目黒・二子玉川","","","","","","","","","","","","",""
"197738","ルイーゴ世田谷","東京都","世田谷区世田谷4-15-12","154-0017","D","渋谷・恵比寿・目黒・二子玉川","","","","","","","","","","","","",""
"195985","ｉｌｌｉ　Ｔｅｘ　Ａｏｙａｍａ","東京都","港区南青山2-14-15　ＡＯＹＡＭＡ　ＦＵＳＩＯＮビル","107-0062","D","渋谷・恵比寿・目黒・二子玉川","","","","","","","","","","","","",""
"199132","ｉｌｌｉ　Ａｔｒａ　Ａｏｙａｍａ","東京都","港区南青山6-4-14  1F","107-0062","D","渋谷・恵比寿・目黒・二子玉川","","","","","","","","","","","","",""
"195013","フラットＫ　プラム　梅ヶ丘　＾","東京都","世田谷区梅丘1-16-5","154-0022","D","渋谷・恵比寿・目黒・二子玉川","","","","","","","","","","","","",""
"185356","【下北沢で人気のお部屋】シモキタステイ　＾","東京都","世田谷区北沢2-27-2　ＫＩＴＡＺＡＷＡ　ＣＳ　ＨＯＵＳＥ","155-0031","D","渋谷・恵比寿・目黒・二子玉川","","","","","","","","","","","","",""
"190758","渋谷へ電車で４分！芸能人御用達の街、三軒茶屋駅へ徒歩１０分／ゆったり４８平米ＷｉＦｉ有！車も便利　＾","東京都","世田谷区三軒茶屋2-55-8　パレグレイス301号室","154-0024","D","渋谷・恵比寿・目黒・二子玉川","","","","","","","","","","","","",""
"191563","ＯＬＤ　ＨＥＲＩＴＡＧＥ　ＳＨＩＢＵＹＡ","東京都","渋谷区円山町7-15","150-0044","D","渋谷・恵比寿・目黒・二子玉川","","","","","","","","","","","","",""
"197682","マロンハイツ３７","東京都","目黒区中町1-17-8","153-0065","D","渋谷・恵比寿・目黒・二子玉川","","","","","","","","","","","","",""
"190807","築浅デザイナーズ！新宿まで１２分！渋谷、下北沢にも好アクセス！赤ちゃん大歓迎！光ｗｉ－ｆｉ有　＾","東京都","世田谷区宮坂2-12-4　ザ・マスターズステイ302号室","156-0051","D","渋谷・恵比寿・目黒・二子玉川","","","","","","","","","","","","",""
"170889","パレスマーシー１０５／民泊","東京都","世田谷区南烏山1-13-8　パレスマーシー105","157-0062","D","渋谷・恵比寿・目黒・二子玉川","","","","","","","","","","","","",""
"197972","ベリエ三軒茶屋","東京都","世田谷区太子堂2-24-3","154-0004","D","渋谷・恵比寿・目黒・二子玉川","","","","","","","","","","","","",""
"180730","エトワール祖師谷大蔵","東京都","世田谷区祖師谷3-24-5　エトワール祖師谷大蔵2F","157-0072","D","渋谷・恵比寿・目黒・二子玉川","","","","","","","","","","","","",""
"197543","目黒本町","東京都","目黒区目黒本町6-9-13","152-0002","D","渋谷・恵比寿・目黒・二子玉川","","","","","","","","","","","","",""
"197564","グランデュオ白金","東京都","港区白金3-9-12","108-0072","D","渋谷・恵比寿・目黒・二子玉川","","","","","","","","","","","","",""
"180495","ＫＹＯＤＯ　ＨＯＵＳＥ","東京都","世田谷区経堂2-13-19　信長君の砦3F","156-0052","D","渋谷・恵比寿・目黒・二子玉川","","","","","","","","","","","","",""
"190826","２０２４新ＯＰＥＮ！シティパール桜新町　渋谷・新宿・自由が丘に便利なアクセス／民泊","東京都","世田谷区用賀3-6-17　シティパル桜新町","158-0097","D","渋谷・恵比寿・目黒・二子玉川","","","","","","","","","","","","",""
"174316","グランディオーソ初台／民泊","東京都","渋谷区本町1-47-3","151-0071","D","渋谷・恵比寿・目黒・二子玉川","","","","","","","","","","","","",""
"197496","Ｄｏｇｅｎ　Ｓａｕｎａ　＆　Ｓｔａｙ","東京都","渋谷区道玄坂1-19-14COERU渋谷2F/3F","150-0043","D","渋谷・恵比寿・目黒・二子玉川","","","","","","","","","","","","",""
"175673","さくらすてい用賀＃２０１　＾","東京都","世田谷区用賀4－16－6　川村ビル","158-0097","D","渋谷・恵比寿・目黒・二子玉川","","","","","","","","","","","","",""
"175832","さくらすてい用賀＃３０１　＾","東京都","世田谷区用賀4－16－6　川村ビル","158-0097","D","渋谷・恵比寿・目黒・二子玉川","","","","","","","","","","","","",""
"170988","ＡＯＣＡ　Ｋａｍｉｎｏｇｅ／民泊","東京都","世田谷区上野毛3-14-13　ＡＯＣＡ　Ｋａｍｉｎｏｇｅ","158-0093","D","渋谷・恵比寿・目黒・二子玉川","","","","","","","","","","","","",""
"200269","パレグレイス　＾","東京都","世田谷区三軒茶屋2-55-8　パレグレイス７０２．７０３　Ｐａｌｅｇｒａｉｓ","154-0024","D","渋谷・恵比寿・目黒・二子玉川","","","","","","","","","","","","",""
"199164","ｉｌｌｉ　Ｈａｒｂ　Ｓｈｉｂｕｙａ－Ｅｂｉｓｕ","東京都","渋谷区恵比寿1-12-5 4F","150-0013","D","渋谷・恵比寿・目黒・二子玉川","","","","","","","","","","","","",""
"189395","Ｔｕｎｅ　Ｉｎｎ　Ｅｂｉｓｕ　＾","東京都","渋谷区恵比寿3-5-9号　イートス恵比寿201","150-0013","D","渋谷・恵比寿・目黒・二子玉川","","","","","","","","","","","","",""
"188901","ｉｌｌｉ　Ｃｏｍ　Ｓｈｉｍｏｋｉｔａｚａｗａ","東京都","世田谷区北沢2-15-17　4／5Ｆ","155-0031","D","渋谷・恵比寿・目黒・二子玉川","","","","","","","","","","","","",""
"188920","旅館ＹＵＲＩ","東京都","世田谷区南烏山6-35-5","157-0062","D","渋谷・恵比寿・目黒・二子玉川","","","","","","","","","","","","",""
"200267","ＯＲＩＥＮＳ　ＳＨＩＢＵＹＡ　＾","東京都","渋谷区東2-21-13　オリエンス　シブヤ２０１．２０２．２０３．３０１．３０２　ＯＲＩＥＮＳ　ＳＨＩＢＵＹＡ","150-0011","D","渋谷・恵比寿・目黒・二子玉川","","","","","","","","","","","","",""
"186875","レガリアヒルズ／民泊","東京都","渋谷区円山町7-4　レガリアヒルズ渋谷道玄坂","150-0044","D","渋谷・恵比寿・目黒・二子玉川","","","","","","","","","","","","",""
"197541","ＭＡＴＳＵＭＩＺＡＫＡ　ＨＩＬＬ","東京都","目黒区駒場1-4-3","153-0041","D","渋谷・恵比寿・目黒・二子玉川","","","","","","","","","","","","",""
"194277","レガリアヒルズ２０１／民泊","東京都","渋谷区円山町7-4　レガリアヒルズ渋谷道玄坂","150-0044","D","渋谷・恵比寿・目黒・二子玉川","","","","","","","","","","","","",""
"195449","夢玄坂　＾","東京都","渋谷区桜丘町29-22　夢玄坂201","150-0031","D","渋谷・恵比寿・目黒・二子玉川","","","","","","","","","","","","",""
"199717","サンティエコート下目黒　＾","東京都","目黒区下目黒3-14-11　サンティエコート","153-0064","D","渋谷・恵比寿・目黒・二子玉川","","","","","","","","","","","","",""
"169667","下北沢・池の上　＾","東京都","世田谷区北沢1-31-1　Ｔ-ＢＡＳＥ","155-0031","D","渋谷・恵比寿・目黒・二子玉川","","","","","","","","","","","","",""
"189228","ｉｌｌｉ　Ｍａｎｉ　Ｓｈｉｂｕｙａ","東京都","渋谷区宇田川町37-10　麻仁ビル","150-0042","D","渋谷・恵比寿・目黒・二子玉川","","","","","","","","","","","","",""
"198013","マイグレ南青山","東京都","港区南青山1-15-2","107-0062","D","渋谷・恵比寿・目黒・二子玉川","","","","","","","","","","","","",""
"195507","ドミール世田谷／民泊","東京都","世田谷区三宿1-15-11　ドミール世田谷","154-0005","D","渋谷・恵比寿・目黒・二子玉川","","","","","","","","","","","","",""
"199625","渋谷ＡＮＯＮ／民泊","東京都","渋谷区東2-20-5　ANON渋谷A103","150-0011","D","渋谷・恵比寿・目黒・二子玉川","","","","","","","","","","","","",""
"199554","ＩＧＥＴＡ　ＨＯＵＳＥ　ＳＨＩＢＵＹＡ／民泊","東京都","世田谷区池尻3-18-26","154-0001","D","渋谷・恵比寿・目黒・二子玉川","","","","","","","","","","","","",""
"194065","Ｓａｋｕｒａ　Ｈｏｕｓｅ　目黒　＾","東京都","目黒区目黒本町3-20-2　Ｓａｋｕｒａ　Ｈｏｕｓｅ　Ｍｅｇｕｒｏ","152-0002","D","渋谷・恵比寿・目黒・二子玉川","","","","","","","","","","","","",""
"173435","Ｓｈｉｂｕｙａ　Ａｎｏｎ／Ｂｕｉｌｄｉｎｇ　Ａ／民泊","東京都","渋谷区東2-20-5　Ｂｕｉｌｄｉｎｇ　Ａ101","150-0011","D","渋谷・恵比寿・目黒・二子玉川","","","","","","","","","","","","",""
"185191","ＡＢＵＲＡ　ＨＡＵＳ／民泊","東京都","渋谷区上原3-2-2　2Ｆ　ＡＢＵＲＡ　ＨＡＵＳ","151-0064","D","渋谷・恵比寿・目黒・二子玉川","","","","","","","","","","","","",""
"197499","マイグレ　ｐｅｔｉｔ　渋谷原宿","東京都","渋谷区神宮前6-9-6","150-0001","D","渋谷・恵比寿・目黒・二子玉川","","","","","","","","","","","","",""
"181613","三軒茶屋ハウス・Ｏ","東京都","世田谷区太子堂2-9-26","154-0004","D","渋谷・恵比寿・目黒・二子玉川","","","","","","","","","","","","",""
"170278","ＪＲ恵比寿駅徒歩４分★築浅戸建３階建７０平米２ＬＤＫ★定員８名／民泊","東京都","渋谷区恵比寿4-11-2","150-0013","D","渋谷・恵比寿・目黒・二子玉川","","","","","","","","","","","","",""
"173426","Ｓｈｉｂｕｙａ　Ａｎｏｎ／Ｂｕｉｌｄｉｎｇ　Ｂ／民泊","東京都","渋谷区東2-20-2","150-0011","D","渋谷・恵比寿・目黒・二子玉川","","","","","","","","","","","","",""
"196886","ｉｌｌｉ　Ｌａｙ　ＳｈｉｂｕｙａーＥｂｉｓｕ","東京都","渋谷区東3-23-4","150-0011","D","渋谷・恵比寿・目黒・二子玉川","","","","","","","","","","","","",""
"190864","ＬＶＢ渋谷道玄坂／民泊","東京都","渋谷区道玄坂2-20-26　藤和エクシール道玄坂602","150-0043","D","渋谷・恵比寿・目黒・二子玉川","","","","","","","","","","","","",""
"186590","ＬｉｖｅＧＲＡＣＥ　Ｈｏｔｅｌ　渋谷西新宿　＾","東京都","渋谷区本町1-14-6号","151-0071","D","渋谷・恵比寿・目黒・二子玉川","","","","","","","","","","","","",""
"196712","ｉｌｌｉ　Ｔｒｉａ　Ｓｈｉｂｕｙａ","東京都","渋谷区道玄坂1-15-8　ＷＡＶＥ道玄坂　7Ｆ","150-0043","D","渋谷・恵比寿・目黒・二子玉川","","","","","","","","","","","","",""
"186055","ホテルアドネス　＾","東京都","港区南青山4-3-2　Ｈｏｔｅｌ　Ａｄｏｎｉｓ","107-0062","D","渋谷・恵比寿・目黒・二子玉川","","","","","","","","","","","","",""
"173841","Ｃｏｎｔａｃｔｏ　Ｊａｐａｎ／民泊","東京都","世田谷区上祖師谷5-6-6","157-0065","D","渋谷・恵比寿・目黒・二子玉川","","","","","","","","","","","","",""
"176148","サロン渋谷　＾","東京都","渋谷区宇田川町42－12　サロン渋谷","150-0042","D","渋谷・恵比寿・目黒・二子玉川","","","","","","","","","","","","",""
"178179","ＧＯＴＥＮ","東京都","世田谷区太子堂4-24-12","154-0004","D","渋谷・恵比寿・目黒・二子玉川","","","","","","","","","","","","",""
"199727","Ｃｅｎｔｒａｌ　ｓｈｉｂｕｙａ　ｗａｌｋ　５ｍｉｎ／民泊","東京都","渋谷区道玄坂2-19-3　ライオンズ道玄坂611","150-0043","D","渋谷・恵比寿・目黒・二子玉川","","","","","","","","","","","","",""
"200022","ＰＯＫＡ　ＨＯＴＥＬ　ＡＯＹＡＭＡ　ＳＩＸ　＾","東京都","港区北青山1-4-3 青山フォーワンビル６Ｆ","107-0061","D","渋谷・恵比寿・目黒・二子玉川","","","","","","","","","","","","",""
"200451","藤和エクシール道玄坂／民泊","東京都","渋谷区道玄坂2-20-26藤和エクシール道玄坂　Ｔｏｕｗａ　ｅｘｃｉｌ　Ｄｏｇｅｎｚａｋａ","150-0043","D","渋谷・恵比寿・目黒・二子玉川","","","","","","","","","","","","",""
"186362","円山町戸建て／ＴＥＲＲＡＣＥ　ＨＯＵＳＥ　Ｓｈｉｂｕｙａ　Ｍａｒｕｙａｍａｃｈｏ　＾","東京都","渋谷区円山町25-2　ＴＥＲＲＡＣＥ　ＨＯＵＳＥ　Ｓｈｉｂｕｙａ　Ｍａｒｕｙａｍａｃｈｏ","150-0044","D","渋谷・恵比寿・目黒・二子玉川","","","","","","","","","","","","",""
"195479","ＳＴＡＲＲＹ　ＳＴＡＹ　ＨＯＵＳＥ　ＳＨＩＢＵＹＡ　Ｉ　＾","東京都","渋谷区南平台町4-13　STARRY STAY HOUSE SHIBUYA I","150-0036","D","渋谷・恵比寿・目黒・二子玉川","","","","","","","","","","","","",""
"194349","Ｐｏｋａ　Ｖｉｌｌａ　Ａｏｙａｍａ／民泊","東京都","港区南青山4-5-13　Ｐｏｋａ　ｖｉｌｌａ　ａｏｙａｍａ","107-0062","D","渋谷・恵比寿・目黒・二子玉川","","","","","","","","","","","","",""
"201869","目黒区大橋旅館","東京都","目黒区大橋2-5-3","153-0044","D","渋谷・恵比寿・目黒・二子玉川","","","","","","","","","","","","",""
"192138","Ｔｈｅ　ＳＡＵＮＡ　Ｅｓｃａｐｅ　Ｓｈｉｂｕｙａ","東京都","世田谷区三宿1-2-10","154-0005","D","渋谷・恵比寿・目黒・二子玉川","","","","","","","","","","","","",""
"181077","スタイルウッド三軒茶屋","東京都","世田谷区三軒茶屋2-31-5","154-0024","D","渋谷・恵比寿・目黒・二子玉川","","","","","","","","","","","","",""
"151513","ＮＡＤＥＳＨＩＫＯ　ＨＯＴＥＬ　ＳＨＩＢＵＹＡ　ｂｙ　ｕｎｉｔｏ","東京都","渋谷区神泉町10-5","150-0045","D","渋谷・恵比寿・目黒・二子玉川","","","","","","","","","","","","",""
"165583","ホテルアラマンダ青山","東京都","港区北青山2-7-13 プラセオ青山ビル","107-0061","D","渋谷・恵比寿・目黒・二子玉川","","","","","","","","","","","","",""
"168556","ＣＯＺＹ　ＩＮＮ　Ｔｏｋｙｏ　Ｓａｋｕｒａ　Ｔｏｗｎ","東京都","世田谷区桜新町2-11-14","154-0015","D","渋谷・恵比寿・目黒・二子玉川","","","","","","","","","","","","",""
"169224","Ｔｕｎｅ　Ｉｎｎ　Ｅｂｉｓｕ　＃２／民泊","東京都","渋谷区恵比寿3-5-9　イートス恵比寿202","150-0013","D","渋谷・恵比寿・目黒・二子玉川","","","","","","","","","","","","",""
"169225","Ｔｕｎｅ　Ｉｎｎ　Ｅｂｉｓｕ　＃３／民泊","東京都","渋谷区恵比寿3-5-9　イートス恵比寿203","150-0013","D","渋谷・恵比寿・目黒・二子玉川","","","","","","","","","","","","",""
"169238","駐車場付　高級住宅　生活設備充実／民泊","東京都","目黒区目黒1-11-5","153-0063","D","渋谷・恵比寿・目黒・二子玉川","","","","","","","","","","","","",""
"169301","Ｒｅａｌ　Ｌｉｆｅ　ＭＥＧＵＲＯ　ＲＩＶＥＲ　＾","東京都","世田谷区池尻3-4-13　Ｒｅａｌ　Ｌｉｆｅ　ＭＥＧＵＲＯ　ＲＩＶＥＲ","154-0001","D","渋谷・恵比寿・目黒・二子玉川","","","","","","","","","","","","",""
"169304","Ｒｅａｌ　Ｌｉｆｅ　ＡＯＹＡＭＡ　ｐｒｅ　＾","東京都","港区南青山1-8-3　Ｒｅａｌ　Ｌｉｆｅ　ＡＯＹＡＭＡ","107-0062","D","渋谷・恵比寿・目黒・二子玉川","","","","","","","","","","","","",""
"169668","恵比寿・渋谷／ＡＲＴＩＳＴＩＣ　ＨＯＵＳＥ／民泊","東京都","渋谷区恵比寿2-7-7　Ｅｂｉｓｕ　Ｅ1","150-0013","D","渋谷・恵比寿・目黒・二子玉川","","","","","","","","","","","","",""
"169917","プラザ池尻／民泊","東京都","世田谷区池尻2-15-8　プラザ池尻","154-0001","D","渋谷・恵比寿・目黒・二子玉川","","","","","","","","","","","","",""
"169955","ザ・下北ハウス！２路線乗入「新宿」「渋谷」共に電車で９分・駅近徒歩４分！／民泊","東京都","世田谷区北沢1-28-3　ＳＨＩＭＯＫＩＴＡＺＡＷＡ　ＨＯＵＳＥ","155-0031","D","渋谷・恵比寿・目黒・二子玉川","","","","","","","","","","","","",""
"169984","Ｒｅａｌ　Ｌｉｆｅ　ＳＡＮＧＥＮＪＡＹＡ　＾","東京都","世田谷区池尻3-19-20　Ｒｅａｌ　Ｌｉｆｅ　ＳＡＮＧＥＮＪＡＹＡ","154-0001","D","渋谷・恵比寿・目黒・二子玉川","","","","","","","","","","","","",""
"170052","ホワイトプリムローズ／民泊","東京都","世田谷区大蔵1-14-9　Ｗｈｉｔｅ　ＰＲＩＭＲＯＳＥ","157-0074","D","渋谷・恵比寿・目黒・二子玉川","","","","","","","","","","","","",""
"170174","結城ビル２０２　＾","東京都","港区白金5-11-6　結城ビル","108-0072","D","渋谷・恵比寿・目黒・二子玉川","","","","","","","","","","","","",""
"170320","渋谷Ｅアドレス／民泊","東京都","渋谷区東1-2-3　Ｓｈｉｂｕｙａ　Ｅ　Ａｄｄｒｅｓｓ","150-0011","D","渋谷・恵比寿・目黒・二子玉川","","","","","","","","","","","","",""
"170394","防犯カメラ・管理人・敷地内　禁煙の安全なマンション／民泊","東京都","渋谷区東1-2-3　ＳｈｉｂｕｙａＥａｄｄｒｅｓｓ","150-0011","D","渋谷・恵比寿・目黒・二子玉川","","","","","","","","","","","","",""
"170729","【５泊以上のご予約で送迎無料】渋谷中心部から徒歩５分　２階建一戸建　＾","東京都","渋谷区円山町14-7　ククノチ","150-0044","D","渋谷・恵比寿・目黒・二子玉川","","","","","","","","","","","","",""
"170795","渋谷＜新泉＞ホテル　Ｃｏｔｅ　ｄｅ　Ｔｏｋｙｏ　＾","東京都","目黒区青葉台4-5-1　Ｃｏｔｅ　ｄｅ　Ｔｏｋｙｏ","153-0042","D","渋谷・恵比寿・目黒・二子玉川","","","","","","","","","","","","",""
"170873","下北沢駅６０秒！新宿まで７分＊渋谷まで４分＊の最高立地、スタイリッシュの部屋！（Ｗｉ－Ｆｉ）　＾","東京都","世田谷区北沢2-27-2　203　北沢ＣＳハウス","155-0031","D","渋谷・恵比寿・目黒・二子玉川","","","","","","","","","","","","",""
"171273","ｅｂｅｅ＇ｓ　Ｒｏｏｍ　ＳＨＩＢＵＹＡ　－　渋谷駅徒歩５分　キッチン付き！／民泊","東京都","渋谷区道玄坂2-19-6　スクエア渋谷","150-0043","D","渋谷・恵比寿・目黒・二子玉川","","","","","","","","","","","","",""
"171386","藤和エクシール道玄坂８０２／民泊","東京都","渋谷区道玄坂2-20-26藤和エクシール道玄坂802　Ｔｏｗａ　Ｅｘｉｌｅ　Ｄｏｇｅｎｚａｋａ　802","150-0043","D","渋谷・恵比寿・目黒・二子玉川","","","","","","","","","","","","",""
"171458","ＴＡＵＲＵＳ　５０２　＾","東京都","渋谷区神宮前5-17-4　神宮前トーラス502","150-0001","D","渋谷・恵比寿・目黒・二子玉川","","","","","","","","","","","","",""
"171459","ＴＡＵＲＵＳ　５０１　＾","東京都","渋谷区神宮前5-17-4　神宮前トーラス501","150-0001","D","渋谷・恵比寿・目黒・二子玉川","","","","","","","","","","","","",""
"171712","ＣＯＣＯ　中目黒　＾","東京都","目黒区上目黒1-7-5号201　ＣＯＣＯ　中目黒","153-0051","D","渋谷・恵比寿・目黒・二子玉川","","","","","","","","","","","","",""
"171736","ＣＯＣＯ中目黒ＩＩ　＾","東京都","目黒区上目黒1-7-5号301　302　ＣＯＣＯ　ＮａｋａｍｅｇｕｒｏＩＩ","153-0051","D","渋谷・恵比寿・目黒・二子玉川","","","","","","","","","","","","",""
"171793","ＶＡＳ代官山物件／民泊","東京都","渋谷区代官山町13-4　セルサ代官山402","150-0034","D","渋谷・恵比寿・目黒・二子玉川","","","","","","","","","","","","",""
"172404","Ｍｉｃｒｏ　Ｈｏｔｅｌｓ　Ｎｅａｒｂｙ　Ｒｏｐｐｏｎｇｉ","東京都","港区白金5-1-2","108-0072","D","渋谷・恵比寿・目黒・二子玉川","","","","","","","","","","","","",""
"172948","Ｔｈｅ　Ｗａｒｄｒｏｂｅ　Ｈｏｓｔｅｌ　ＦＯＲＥＳＴ　Ｓｈｉｂｕｙａ　Ｓｈｉｍｏｋｉｔａｚａｗａ","東京都","世田谷区北沢2-12-12　桑田ビル3階","155-0031","D","渋谷・恵比寿・目黒・二子玉川","","","","","","","","","","","","",""
"174953","ＳＨＩＲＯＫＡＮＥ　　ＰＥＮＴＨＯＵＳＥ／民泊","東京都","港区白金4-10-6","108-0072","D","渋谷・恵比寿・目黒・二子玉川","","","","","","","","","","","","",""
"175314","ＬＯＦＴ　ＨＯＴＥＬ　ＴＯＫＹＯ目黒　＾","東京都","目黒区目黒1-3-17 LOFT HOTEL TOKYO　目黒","153-0063","D","渋谷・恵比寿・目黒・二子玉川","","","","","","","","","","","","",""
"175591","Ｅｂｉｓｕ　Ｈｉｒｏｏ　ｈｏｕｓｅ／民泊","東京都","渋谷区恵比寿2-20-7 ","150-0013","D","渋谷・恵比寿・目黒・二子玉川","","","","","","","","","","","","",""
"176149","ダイネス壱番館渋谷６０８／民泊","東京都","渋谷区神南1－11－5　ダイネス壱－館渋谷608","150-0041","D","渋谷・恵比寿・目黒・二子玉川","","","","","","","","","","","","",""
"176237","フードビル／民泊","東京都","渋谷区神宮前2－18－7　フードビル","150-0001","D","渋谷・恵比寿・目黒・二子玉川","","","","","","","","","","","","",""
"179742","ｉｌｌｉ　Ｓｈｉｍｏｋｉｔａｚａｗａ","東京都","世田谷区北沢2-24-12　サンモニーク下北沢3F～6F","155-0031","D","渋谷・恵比寿・目黒・二子玉川","","","","","","","","","","","","",""
"180467","ベース羽根木","東京都","世田谷区羽根木2-35-16","156-0042","D","渋谷・恵比寿・目黒・二子玉川","","","","","","","","","","","","",""
"180472","レジデンシャルホテル　下北沢ヤマトハイツ","東京都","世田谷区北沢2-26-3　ヤマトハイツ","154-0031","D","渋谷・恵比寿・目黒・二子玉川","","","","","","","","","","","","",""
"180473","レジデンシャルホテル　ダイネス壱番館渋谷　４０５","東京都","渋谷区神南1-11-5　ダイネス壱番館渋谷405","150-8010","D","渋谷・恵比寿・目黒・二子玉川","","","","","","","","","","","","",""
"180474","レジデンシャルホテル　三軒茶屋アミカファースト","東京都","世田谷区三軒茶屋2-30-4　アミカファースト301、303","154-0024","D","渋谷・恵比寿・目黒・二子玉川","","","","","","","","","","","","",""
"180806","マツリホテルルフレ恵比寿２０１","東京都","渋谷区恵比寿2-25-4　REJルフレ恵比寿201号室","150-0013","D","渋谷・恵比寿・目黒・二子玉川","","","","","","","","","","","","",""
"180807","マツリホテルルフレ恵比寿４０１","東京都","渋谷区恵比寿2-25-4　REJルフレ恵比寿401号室","150-0013","D","渋谷・恵比寿・目黒・二子玉川","","","","","","","","","","","","",""
"180837","ＨＯＴＥＬ　Ｌｅｅ","東京都","世田谷区池尻3-23-5","154-0001","D","渋谷・恵比寿・目黒・二子玉川","","","","","","","","","","","","",""
"182614","渋谷ウェーブ","東京都","渋谷区渋谷3-12-25","150-0002","D","渋谷・恵比寿・目黒・二子玉川","","","","","","","","","","","","",""
"183723","長者丸ビル","東京都","品川区上大崎2-15-5","141-0021","D","渋谷・恵比寿・目黒・二子玉川","","","","","","","","","","","","",""
"185271","Ｒｅａｌ　Ｌｉｆｅ　ＡＯＹＡＭＡ　２Ｆ　＾","東京都","港区南青山1-8-3　Ｒｅａｌ　Ｌｉｆｅ　ＡＯＹＡＭＡ","107-0062","D","渋谷・恵比寿・目黒・二子玉川","","","","","","","","","","","","",""
"185729","バルコニーからの素敵な夜景・最上階！Ｆｏｒｅｓｔ　Ｙｏｙｏｇｉ　＾","東京都","渋谷区西原1-29-4　フォレスト代々木","151-0066","D","渋谷・恵比寿・目黒・二子玉川","","","","","","","","","","","","",""
"189375","ｅｂｉｓｕ　ｂｌｕｅ　＾","東京都","渋谷区恵比寿3-9-3　Ｔｈｅ　ＶＩＬＬＡ　ＥＢＩＳＵ　ＥＩＧＨＴ","150-0013","D","渋谷・恵比寿・目黒・二子玉川","","","","","","","","","","","","",""
"189400","渋谷シティハウス　Ｓｈｉｂｕｙａ　Ｃｉｔｙ　Ｈｏｕｓｅ／民泊","東京都","渋谷区松濤1-2-11　渋谷シティハウス","150-0046","D","渋谷・恵比寿・目黒・二子玉川","","","","","","","","","","","","",""
"189474","Ｂｅｅ　Ｈｏｕｓｅ　Ｎｉｓｈｉｈａｒａ　＾","東京都","渋谷区西原1-26-4　Ｂｅｅ　Ｈｏｕｓｅ　Ｎｉｓｈｉｈａｒａ","151-0066","D","渋谷・恵比寿・目黒・二子玉川","","","","","","","","","","","","",""
"191613","Ｒｅ：ＯＮｃＥ　Ｓｈｉｂｕｙａ","東京都","渋谷区神泉町1-20　松濤ビル　2Ｆ・3Ｆ・4Ｆ","150-0045","D","渋谷・恵比寿・目黒・二子玉川","","","","","","","","","","","","",""
"191829","ＨＡＮ’Ｓ　ＥＢＩＳＵ","東京都","渋谷区恵比寿2-13-15","150-0013","D","渋谷・恵比寿・目黒・二子玉川","","","","","","","","","","","","",""
"193868","ＡＩ　ＤＡＩＫＡＮＹＡＭＡ／民泊","東京都","渋谷区鉢山町9-7　ウエストサイド代官山","150-0035","D","渋谷・恵比寿・目黒・二子玉川","","","","","","","","","","","","",""
"193881","ＡＩ　ＡＯＹＡＭＡ／民泊","東京都","港区南青山7-11-6　南青山高樹町ヒルズ","107-0062","D","渋谷・恵比寿・目黒・二子玉川","","","","","","","","","","","","",""
"194383","１６９平米新築一軒家｜中目黒＆代官山徒歩圏｜最大６名｜２泊ｏｋ｜送迎サービス４泊以上１回無料／民泊","東京都","目黒区目黒3-15-5","153-0063","D","渋谷・恵比寿・目黒・二子玉川","","","","","","","","","","","","",""
"194541","栗林邸／民泊","東京都","世田谷区代沢4-16-6　栗林邸1Ｆ","155-0032","D","渋谷・恵比寿・目黒・二子玉川","","","","","","","","","","","","",""
"195062","世田谷ファミリーハウス　＾","東京都","世田谷区喜多見8-1-1","157-0067","D","渋谷・恵比寿・目黒・二子玉川","","","","","","","","","","","","",""
"195717","渋谷Ｅアドレス　Ｏｈａｎａ’ｓ　ｈｏｍｅ／民泊","東京都","渋谷区東1-2-3　渋谷Eアドレス","150-0011","D","渋谷・恵比寿・目黒・二子玉川","","","","","","","","","","","","",""
"197845","９ＳＴＡＹ神泉","東京都","目黒区青葉台3-1-15 リエス目黒青葉台","153-0042","D","渋谷・恵比寿・目黒・二子玉川","","","","","","","","","","","","",""
"199444","恵比寿　シティステイ","東京都","渋谷区恵比寿1-26-14 Actビル","150-0013","D","渋谷・恵比寿・目黒・二子玉川","","","","","","","","","","","","",""
"163209","ヴィラジュリア道玄坂【大人専用１８禁・ハピホテ提携】","東京都","渋谷区道玄坂2-27-8","150-0043","D","渋谷・恵比寿・目黒・二子玉川","","","","","","","","","","","","",""
"163419","ＨＯＴＥＬ　ＳＵＬＡＴＡ　渋谷道玄坂【大人専用１８禁・ハピホテ提携】","東京都","渋谷区円山町2-2","150-0044","D","渋谷・恵比寿・目黒・二子玉川","","","","","","","","","","","","",""
"200590","コラージュ三宿／民泊","東京都","世田谷区三宿1-23-4　Ｃｏｌｌａｇｅ　Ｍｉｓｈｙｕｋｕ","154-0005","D","渋谷・恵比寿・目黒・二子玉川","","","","","","","","","","","","",""
"201884","雅叙園東京","東京都","目黒区下目黒1-8-1","153-0064","D","渋谷・恵比寿・目黒・二子玉川","","","","","","","","","","","","",""
"201908","クレインステイ渋谷","東京都","目黒区青葉台4-2-4","153-0042","D","渋谷・恵比寿・目黒・二子玉川","","","","","","","","","","","","",""
"181353","ＨＡＲＭＯＮＩＡ　東京渋谷","東京都","世田谷区上馬1-32-10","154-0011","D","渋谷・恵比寿・目黒・二子玉川","","","","","","","","","","","","",""
"183036","準備中","東京都","渋谷区神宮前","150-0001","D","渋谷・恵比寿・目黒・二子玉川","","","","","","","","","","","","",""
"188879","サウナ＆カプセル　ミナミ下北沢","東京都","世田谷区代沢2-29-9","155-0032","D","渋谷・恵比寿・目黒・二子玉川","","","","","","","","","","","","",""
"163261","ＨＯＴＥＬ　０３【大人専用１８禁・ハピホテ提携】","東京都","渋谷区円山町10-6","150-0044","D","渋谷・恵比寿・目黒・二子玉川","","","","","","","","","","","","",""
"128577","アワーズイン阪急","東京都","品川区大井1-50-5","140-0014","E","品川・大井町・蒲田・羽田空港","","","","","","","","","","","","",""
"19455","品川プリンスホテル","東京都","港区高輪4-10-30","108-8611","E","品川・大井町・蒲田・羽田空港","","","","","","","","","","","","",""
"179145","京急ＥＸイン　羽田イノベーションシティ","東京都","大田区羽田空港1丁目1番4号　羽田イノベーションシティ内　ゾーンJ（2階）","144-0041","E","品川・大井町・蒲田・羽田空港","","","","","","","","","","","","",""
"51870","ハートンホテル東品川（品川シーサイド）","東京都","品川区東品川4-13-27","140-0002","E","品川・大井町・蒲田・羽田空港","","","","","","","","","","","","",""
"135404","京急ＥＸホテル高輪（２０２６年２月２７日リニューアルオープン）","東京都","港区高輪4-10-8","108-0074","E","品川・大井町・蒲田・羽田空港","","","","","","","","","","","","",""
"163029","京急ＥＸイン羽田","東京都","大田区羽田5-5-14","144-0043","E","品川・大井町・蒲田・羽田空港","","","","","","","","","","","","",""
"109067","京急ＥＸイン　蒲田","東京都","大田区蒲田5-28-18","144-0052","E","品川・大井町・蒲田・羽田空港","","","","","","","","","","","","",""
"889","羽田エクセルホテル東急","東京都","大田区羽田空港3-4-2","144-0041","E","品川・大井町・蒲田・羽田空港","","","","","","","","","","","","",""
"183871","京急ＥＸイン　京急蒲田駅前","東京都","大田区蒲田4-45-3","144-0052","E","品川・大井町・蒲田・羽田空港","","","","","","","","","","","","",""
"1443","ニューオータニイン東京","東京都","品川区大崎1-6-2","141-0032","E","品川・大井町・蒲田・羽田空港","","","","","","","","","","","","",""
"178228","住友不動産ホテル　ヴィラフォンテーヌグランド羽田空港","東京都","大田区羽田空港2-7-1","144-0041","E","品川・大井町・蒲田・羽田空港","","","","","","","","","","","","",""
"171983","品川プリンスホテル　イーストタワー","東京都","港区高輪4-10-30","108-8611","E","品川・大井町・蒲田・羽田空港","","","","","","","","","","","","",""
"149341","アパホテル〈品川　泉岳寺駅前〉","東京都","港区高輪2-16-30","108-0074","E","品川・大井町・蒲田・羽田空港","","","","","","","","","","","","",""
"179391","ワイヤーズホテル品川シーサイド","東京都","品川区東大井1-9-37","140-0011","E","品川・大井町・蒲田・羽田空港","","","","","","","","","","","","",""
"5385","グランパークホテル　パネックス東京","東京都","大田区蒲田5-9-19","144-0052","E","品川・大井町・蒲田・羽田空港","","","","","","","","","","","","",""
"149010","ホテルマイステイズ五反田駅前","東京都","品川区西五反田2-6-8","141-0031","E","品川・大井町・蒲田・羽田空港","","","","","","","","","","","","",""
"178473","静鉄ホテルプレジオ東京田町","東京都","港区芝浦3-6-18","108-0023","E","品川・大井町・蒲田・羽田空港","","","","","","","","","","","","",""
"183382","ロワジールホテル品川シーサイド","東京都","品川区東品川4-12-8","140-0002","E","品川・大井町・蒲田・羽田空港","","","","","","","","","","","","",""
"183902","ＪＲ東日本ホテルメッツ大森","東京都","大田区大森北1-6-16","143-0016","E","品川・大井町・蒲田・羽田空港","","","","","","","","","","","","",""
"165620","東急ステイ高輪（泉岳寺駅前）","東京都","港区高輪2-16-29","108-0074","E","品川・大井町・蒲田・羽田空港","","","","","","","","","","","","",""
"28470","グランドプリンスホテル新高輪","東京都","港区高輪3-13-1","108-8612","E","品川・大井町・蒲田・羽田空港","","","","","","","","","","","","",""
"72056","京急ＥＸイン　品川・新馬場駅北口","東京都","品川区北品川2-18-1","140-0001","E","品川・大井町・蒲田・羽田空港","","","","","","","","","","","","",""
"179301","アパホテル〈大森駅前〉","東京都","大田区大森北1-1-4","143-0016","E","品川・大井町・蒲田・羽田空港","","","","","","","","","","","","",""
"147116","ザ　ロイヤルパークホテル　東京羽田","東京都","大田区羽田空港2-6-5（羽田空港第3旅客ターミナルビル内）","144-0041","E","品川・大井町・蒲田・羽田空港","","","","","","","","","","","","",""
"19908","相鉄フレッサイン　東京田町","東京都","港区芝浦3-14-21","108-0023","E","品川・大井町・蒲田・羽田空港","","","","","","","","","","","","",""
"147621","ビジネスイン和","東京都","大田区蒲田5-9-13","144-0052","E","品川・大井町・蒲田・羽田空港","","","","","","","","","","","","",""
"29533","京王プレッソイン五反田","東京都","品川区西五反田2-17-12","141-0031","E","品川・大井町・蒲田・羽田空港","","","","","","","","","","","","",""
"4819","アーバイン東京・羽田　蒲田","東京都","大田区西蒲田7-25-10","144-0051","E","品川・大井町・蒲田・羽田空港","","","","","","","","","","","","",""
"193381","アパホテル〈大森駅前東〉","東京都","大田区大森北1-16-5","143-0016","E","品川・大井町・蒲田・羽田空港","","","","","","","","","","","","",""
"68688","高濃度炭酸泉　梅屋敷の湯　スーパーホテル東京・ＪＲ蒲田西口","東京都","大田区西蒲田5-19-17","144-0051","E","品川・大井町・蒲田・羽田空港","","","","","","","","","","","","",""
"715","ホテルマイステイズプレミア大森","東京都","品川区南大井6-19-3","140-0013","E","品川・大井町・蒲田・羽田空港","","","","","","","","","","","","",""
"128439","東急ステイ蒲田","東京都","大田区蒲田4-23-1","144-0052","E","品川・大井町・蒲田・羽田空港","","","","","","","","","","","","",""
"167343","スーパーホテル東京・芝【高濃度人工炭酸泉　開城の湯】","東京都","港区芝2-31-17","105-0014","E","品川・大井町・蒲田・羽田空港","","","","","","","","","","","","",""
"802","東京イン","東京都","大田区北馬込2-31-6","143-0021","E","品川・大井町・蒲田・羽田空港","","","","","","","","","","","","",""
"162867","ホテルルートイン東京蒲田－あやめ橋－","東京都","大田区蒲田3-18-2","144-0052","E","品川・大井町・蒲田・羽田空港","","","","","","","","","","","","",""
"196061","トーセイホテルココネ蒲田（２０２５年１２月２３日オープン）","東京都","大田区蒲田4-20-1","144-0052","E","品川・大井町・蒲田・羽田空港","","","","","","","","","","","","",""
"187424","ホテルメトロポリタン羽田","東京都","大田区羽田空港1-1-4　HANEDA　INNOVATION　CITY　ZONE　A","144-0041","E","品川・大井町・蒲田・羽田空港","","","","","","","","","","","","",""
"167938","都シティ　東京高輪","東京都","港区高輪3-19-17","108-0074","E","品川・大井町・蒲田・羽田空港","","","","","","","","","","","","",""
"184637","スマイルホテル品川泉岳寺駅前","東京都","港区三田3-11-26","108-0073","E","品川・大井町・蒲田・羽田空港","","","","","","","","","","","","",""
"165755","変なホテル東京　羽田","東京都","大田区東糀谷2-11-18","144-0033","E","品川・大井町・蒲田・羽田空港","","","","","","","","","","","","",""
"196717","ホテルメトロポリタン　大井町トラックス（２０２６年３月２８日ＧＲＡＮＤ　ＯＰＥＮ）","東京都","品川区広町2丁目1-3","140-0005","E","品川・大井町・蒲田・羽田空港","","","","","","","","","","","","",""
"165982","三井ガーデンホテル五反田","東京都","品川区東五反田2-2-6","141-0022","E","品川・大井町・蒲田・羽田空港","","","","","","","","","","","","",""
"101","シティホテル弘城","東京都","大田区西蒲田7-3-7","144-0051","E","品川・大井町・蒲田・羽田空港","","","","","","","","","","","","",""
"138037","アパホテル〈三田駅前〉","東京都","港区芝4丁目4-8","108-0014","E","品川・大井町・蒲田・羽田空港","","","","","","","","","","","","",""
"178276","ホテルアジール東京蒲田（ＨＯＴＥＬ　ＡＳＹＬ　ＴＯＫＹＯ　ＫＡＭＡＴＡ）","東京都","大田区西蒲田7-30-5","144-0051","E","品川・大井町・蒲田・羽田空港","","","","","","","","","","","","",""
"178166","ＪＲ東日本ホテルメッツ　プレミア　五反田","東京都","品川区東五反田1-26-3","141-0022","E","品川・大井町・蒲田・羽田空港","","","","","","","","","","","","",""
"182180","アパホテル〈京急蒲田駅前西〉","東京都","大田区蒲田4-18-24","144-0052","E","品川・大井町・蒲田・羽田空港","","","","","","","","","","","","",""
"50830","ワシントンＲ＆Ｂホテル蒲田東口","東京都","大田区蒲田5-23-1","144-0052","E","品川・大井町・蒲田・羽田空港","","","","","","","","","","","","",""
"72850","ホテルグレイスリー田町","東京都","港区芝浦3-8-1","108-0023","E","品川・大井町・蒲田・羽田空港","","","","","","","","","","","","",""
"141325","品川プリンスホテル　Ｎタワー","東京都","港区高輪4-10-30","108-8611","E","品川・大井町・蒲田・羽田空港","","","","","","","","","","","","",""
"182079","Ｓｍａｒｔ　Ｓｔａｙ　ＳＨＩＺＵＫＵ　品川大井町","東京都","品川区東大井5-2-8","140-0011","E","品川・大井町・蒲田・羽田空港","","","","","","","","","","","","",""
"184276","アパホテル〈羽田　穴守稲荷駅前〉","東京都","大田区羽田4-14-4","144-0043","E","品川・大井町・蒲田・羽田空港","","","","","","","","","","","","",""
"12534","ビジネスホテル　オーク・イン３　蒲田東口","東京都","大田区蒲田5-6-14","144-0052","E","品川・大井町・蒲田・羽田空港","","","","","","","","","","","","",""
"74636","ヴィアイン品川大井町（ＪＲ西日本グループ）","東京都","品川区大井4丁目3番1号","140-0014","E","品川・大井町・蒲田・羽田空港","","","","","","","","","","","","",""
"31778","ホテルＪＡＬシティ羽田　東京","東京都","大田区羽田旭町4-11","144-0042","E","品川・大井町・蒲田・羽田空港","","","","","","","","","","","","",""
"166347","Ｔマークシティホテル東京大森","東京都","大田区大森本町1-2-10","143-0011","E","品川・大井町・蒲田・羽田空港","","","","","","","","","","","","",""
"54491","ＳＰＡ＆ＨＯＴＥＬ　和","東京都","大田区西蒲田7-4-12","144-0051","E","品川・大井町・蒲田・羽田空港","","","","","","","","","","","","",""
"147079","高濃度炭酸泉　七福神の湯　スーパーホテル品川・新馬場","東京都","品川区北品川2-30-26","140-0001","E","品川・大井町・蒲田・羽田空港","","","","","","","","","","","","",""
"138053","チサンイン京急蒲田","東京都","大田区蒲田4-23-13","144-0052","E","品川・大井町・蒲田・羽田空港","","","","","","","","","","","","",""
"74696","ホテルマイステイズ蒲田","東京都","大田区蒲田5-46-5","144-0052","E","品川・大井町・蒲田・羽田空港","","","","","","","","","","","","",""
"28093","ホテルマイステイズ五反田","東京都","品川区東五反田2-5-4","141-0022","E","品川・大井町・蒲田・羽田空港","","","","","","","","","","","","",""
"182382","アパホテル〈京急蒲田駅前〉","東京都","大田区蒲田3-19-1","144-0052","E","品川・大井町・蒲田・羽田空港","","","","","","","","","","","","",""
"172258","ホテルオリエンタルエクスプレス東京蒲田","東京都","大田区南蒲田１丁目３－１５","144-0035","E","品川・大井町・蒲田・羽田空港","","","","","","","","","","","","",""
"136821","ローズステイ東京芝公園","東京都","港区芝2-20-12","105-0014","E","品川・大井町・蒲田・羽田空港","","","","","","","","","","","","",""
"1119","蒲田イン　ソーシャル","東京都","大田区蒲田5-6-3","144-0052","E","品川・大井町・蒲田・羽田空港","","","","","","","","","","","","",""
"182084","クインテッサホテル東京羽田　Ｃｏｍｉｃ＆Ｂｏｏｋｓ","東京都","大田区南蒲田1-25-13","144-0035","E","品川・大井町・蒲田・羽田空港","","","","","","","","","","","","",""
"51734","チサンホテル蒲田","東京都","大田区西蒲田8-20-11","144-0051","E","品川・大井町・蒲田・羽田空港","","","","","","","","","","","","",""
"137500","ＦＩＲＳＴ　ＣＡＢＩＮ（ファーストキャビン）　羽田ターミナル１","東京都","大田区羽田空港3-3-2　第1旅客ターミナル1F","144-0041","E","品川・大井町・蒲田・羽田空港","","","","","","","","","","","","",""
"160903","ホテルバー　グランティオス別邸","東京都","大田区大森北1-1-7","143-0016","E","品川・大井町・蒲田・羽田空港","","","","","","","","","","","","",""
"158707","アパホテル〈蒲田駅東〉","東京都","大田区蒲田5-31-5","144-0052","E","品川・大井町・蒲田・羽田空港","","","","","","","","","","","","",""
"176956","ホテルアマネク蒲田駅前","東京都","大田区西蒲田7-4-11","144-0051","E","品川・大井町・蒲田・羽田空港","","","","","","","","","","","","",""
"5044","羽田イン","東京都","大田区東糀谷3-12-8","144-0033","E","品川・大井町・蒲田・羽田空港","","","","","","","","","","","","",""
"191518","アーヴェストホテル蒲田","東京都","大田区蒲田5-12-12","144-0052","E","品川・大井町・蒲田・羽田空港","","","","","","","","","","","","",""
"28469","グランドプリンスホテル高輪","東京都","港区高輪3-13-1","108-8612","E","品川・大井町・蒲田・羽田空港","","","","","","","","","","","","",""
"147074","ホテルマイステイズ羽田","東京都","大田区羽田5-1-13","144-0043","E","品川・大井町・蒲田・羽田空港","","","","","","","","","","","","",""
"69219","高濃度炭酸泉　銀杏の湯　スーパーホテル品川・青物横丁","東京都","品川区東品川3-22-27","140-0002","E","品川・大井町・蒲田・羽田空港","","","","","","","","","","","","",""
"181695","アパホテル〈品川　戸越駅前〉（全室禁煙）","東京都","品川区戸越1-15-17","142-0041","E","品川・大井町・蒲田・羽田空港","","","","","","","","","","","","",""
"187588","メルキュール東京羽田エアポート","東京都","大田区羽田一丁目2番11号　","144-0043","E","品川・大井町・蒲田・羽田空港","","","","","","","","","","","","",""
"183700","アパホテル〈蒲田駅前〉","東京都","大田区西蒲田7-49-5","144-0051","E","品川・大井町・蒲田・羽田空港","","","","","","","","","","","","",""
"136278","東横ＩＮＮ品川港南口天王洲アイル","東京都","品川区東品川2-2-35","140-0002","E","品川・大井町・蒲田・羽田空港","","","","","","","","","","","","",""
"164775","ｈｏｔｅｌ　ＭＯＮｄａｙ　羽田空港","東京都","大田区萩中3-6-9","144-0047","E","品川・大井町・蒲田・羽田空港","","","","","","","","","","","","",""
"39495","ミヤビイン蒲田","東京都","大田区蒲田5-6-6","144-0052","E","品川・大井町・蒲田・羽田空港","","","","","","","","","","","","",""
"180080","イージーステイ蒲田","東京都","大田区西蒲田7-46-7","144-0051","E","品川・大井町・蒲田・羽田空港","","","","","","","","","","","","",""
"28555","フレックステイイン中延","東京都","品川区二葉4-27-8","142-0043","E","品川・大井町・蒲田・羽田空港","","","","","","","","","","","","",""
"29199","ホテル　タチバナ","東京都","品川区大井1-51-1","140-0014","E","品川・大井町・蒲田・羽田空港","","","","","","","","","","","","",""
"15758","ホテル　ザ　セレスティン東京芝","東京都","港区芝3-23-1","105-0014","E","品川・大井町・蒲田・羽田空港","","","","","","","","","","","","",""
"10665","ホテルバー　グランティオス","東京都","品川区南大井6-24-4","140-0013","E","品川・大井町・蒲田・羽田空港","","","","","","","","","","","","",""
"158324","ホテルＪＡＬシティ羽田　東京　ウエストウイング","東京都","大田区羽田旭町4-16","144-0042","E","品川・大井町・蒲田・羽田空港","","","","","","","","","","","","",""
"107898","ホテルトムス","東京都","大田区西蒲田7-21-5","144-0051","E","品川・大井町・蒲田・羽田空港","","","","","","","","","","","","",""
"1640","品川東武ホテル","東京都","港区高輪4-7-6","108-0074","E","品川・大井町・蒲田・羽田空港","","","","","","","","","","","","",""
"193425","ホテルリブマックス三田駅前","東京都","港区芝4-3-8","108-0014","E","品川・大井町・蒲田・羽田空港","","","","","","","","","","","","",""
"28554","フレックステイイン品川","東京都","品川区北品川1-22-19","140-0001","E","品川・大井町・蒲田・羽田空港","","","","","","","","","","","","",""
"28483","ストリングスホテル東京インターコンチネンタル　ｂｙ　ＩＨＧ","東京都","港区港南2-16-1品川イーストワンタワー","108-8282","E","品川・大井町・蒲田・羽田空港","","","","","","","","","","","","",""
"178229","住友不動産ホテル　ヴィラフォンテーヌプレミア羽田空港","東京都","大田区羽田空港2-7-1","144-0041","E","品川・大井町・蒲田・羽田空港","","","","","","","","","","","","",""
"191877","ナインアワーズ品川駅　ｆｏｒ　ｍｅｎ","東京都","港区港南1-9-36　アレア品川1階","108-0075","E","品川・大井町・蒲田・羽田空港","","","","","","","","","","","","",""
"108349","東横ＩＮＮ羽田空港２","東京都","大田区羽田1-1-7","144-0043","E","品川・大井町・蒲田・羽田空港","","","","","","","","","","","","",""
"172244","アイホテル京急蒲田","東京都","大田区蒲田3-15-12","144-0052","E","品川・大井町・蒲田・羽田空港","","","","","","","","","","","","",""
"184151","ホテルリブマックス蒲田駅前","東京都","大田区蒲田4-21-6","144-0052","E","品川・大井町・蒲田・羽田空港","","","","","","","","","","","","",""
"160805","レッドルーフ　イン蒲田／羽田　東京","東京都","大田区西蒲田7-24-7","144-0051","E","品川・大井町・蒲田・羽田空港","","","","","","","","","","","","",""
"178298","ホテルグランマーチ東京芝浦","東京都","港区芝浦2-17-11","108-0023","E","品川・大井町・蒲田・羽田空港","","","","","","","","","","","","",""
"13601","大森パークホテル","東京都","品川区南大井6-16-17","140-0013","E","品川・大井町・蒲田・羽田空港","","","","","","","","","","","","",""
"166407","ドシー五反田","東京都","品川区東五反田1-20-15","141-0022","E","品川・大井町・蒲田・羽田空港","","","","","","","","","","","","",""
"80762","住友不動産ホテル　ヴィラフォンテーヌグランド東京田町","東京都","港区芝浦4-2-8","108-0023","E","品川・大井町・蒲田・羽田空港","","","","","","","","","","","","",""
"28468","ザ・プリンス　さくらタワー東京、オートグラフ　コレクション","東京都","港区高輪3-13-1","108-8612","E","品川・大井町・蒲田・羽田空港","","","","","","","","","","","","",""
"8218","東京グランドホテル","東京都","港区芝2-5-2","105-0014","E","品川・大井町・蒲田・羽田空港","","","","","","","","","","","","",""
"108364","東横ＩＮＮ品川大井町","東京都","品川区大井1-27-3","140-0014","E","品川・大井町・蒲田・羽田空港","","","","","","","","","","","","",""
"197089","ＪＷマリオット・ホテル東京","東京都","港区高輪2-21-2、23-30階","108-0074","E","品川・大井町・蒲田・羽田空港","","","","","","","","","","","","",""
"179128","東横ＩＮＮ大森","東京都","大田区大森北1-23-8","143-0016","E","品川・大井町・蒲田・羽田空港","","","","","","","","","","","","",""
"13560","春日旅館","東京都","港区芝3-43-18","105-0014","E","品川・大井町・蒲田・羽田空港","","","","","","","","","","","","",""
"108390","東横ＩＮＮ品川青物横丁駅","東京都","品川区南品川3-1-20 ","140-0004","E","品川・大井町・蒲田・羽田空港","","","","","","","","","","","","",""
"179592","ｐｌａｔ　ｈｏｓｔｅｌ　ｋｅｉｋｙｕ　ｈａｎｅｄａ　ｈｏｍｅ","東京都","大田区羽田5-23-5","144-0043","E","品川・大井町・蒲田・羽田空港","","","","","","","","","","","","",""
"146914","東横ＩＮＮ品川旗の台駅南口","東京都","品川区旗の台5-6-5","142-0064","E","品川・大井町・蒲田・羽田空港","","","","","","","","","","","","",""
"108389","東横ＩＮＮ品川駅高輪口","東京都","港区高輪4-23-2","108-0074","E","品川・大井町・蒲田・羽田空港","","","","","","","","","","","","",""
"70793","東横ＩＮＮ蒲田１","東京都","大田区西蒲田8-7-7","144-0051","E","品川・大井町・蒲田・羽田空港","","","","","","","","","","","","",""
"129432","エアポートイン","東京都","大田区羽田5-22-5　エアポートイン","144-0043","E","品川・大井町・蒲田・羽田空港","","","","","","","","","","","","",""
"164962","ビーグル東京ホステル＆アパートメンツ","東京都","大田区羽田1-15-16","144-0043","E","品川・大井町・蒲田・羽田空港","","","","","","","","","","","","",""
"187258","ＨＯＴＥＬ　ＢａｌｉＢａｌｉ　ＡＮＮＥＸ","東京都","品川区東五反田1-17-1","141-0022","E","品川・大井町・蒲田・羽田空港","","","","","","","","","","","","",""
"179317","Ｍｉｎｎ蒲田","東京都","大田区西蒲田5-18-18","144-0051","E","品川・大井町・蒲田・羽田空港","","","","","","","","","","","","",""
"107659","東横ＩＮＮ羽田空港１","東京都","大田区羽田1-2-1","144-0043","E","品川・大井町・蒲田・羽田空港","","","","","","","","","","","","",""
"158677","高輪　花香路（グランドプリンスホテル高輪内）","東京都","港区高輪3-13-1","108-8612","E","品川・大井町・蒲田・羽田空港","","","","","","","","","","","","",""
"186598","わさび三田ホテル　＾","東京都","港区三田3-14-13クロス三田2階　Ｗａｓａｂｉ　Ｍｉｔａ　Ｈｏｔｅｌ","108-0073","E","品川・大井町・蒲田・羽田空港","","","","","","","","","","","","",""
"15386","東京マリオットホテル","東京都","品川区北品川4-7-36 Tokyo Marriott Hotel","140-0001","E","品川・大井町・蒲田・羽田空港","","","","","","","","","","","","",""
"182771","シアテル羽田２","東京都","大田区羽田4-4-6","144-0043","E","品川・大井町・蒲田・羽田空港","","","","","","","","","","","","",""
"167839","Ｍｉｎｎ羽田エアポート","東京都","大田区羽田5-23-7","144-0043","E","品川・大井町・蒲田・羽田空港","","","","","","","","","","","","",""
"199976","Ｒａｋｕｔｅｎ　ＳＴＡＹ　東京蒲田","東京都","大田区西糀谷4-31-3","144-0034","E","品川・大井町・蒲田・羽田空港","","","","","","","","","","","","",""
"192244","Ｔｏｋｙｏ　Ｔｉｍｅ　Ｔｒａｖｅｌｅｒ　平和島","東京都","大田区大森本町2-1-18","143-0011","E","品川・大井町・蒲田・羽田空港","","","","","","","","","","","","",""
"196380","Ｈｏｔｅｌ　Ｖｉｎｔａｇｅ目黒不動前","東京都","品川区西五反田4-9-16","141-0031","E","品川・大井町・蒲田・羽田空港","","","","","","","","","","","","",""
"197534","Ｌｅ　Ｃｏｃｏｎ　仲六郷","東京都","大田区仲六郷4-20-4","144-0055","E","品川・大井町・蒲田・羽田空港","","","","","","","","","","","","",""
"193158","泊まれるサウナ屋さん　品川サウナ","東京都","品川区大井1-6-1","140-0014","E","品川・大井町・蒲田・羽田空港","","","","","","","","","","","","",""
"196160","ＡＮＡホリデイ・イン東京ベイ","東京都","品川区東品川2-3-15","140-0002","E","品川・大井町・蒲田・羽田空港","","","","","","","","","","","","",""
"197650","Ｌａｂ８　Ｔｏｋｙｏ","東京都","品川区大崎2-7-14","141-0032","E","品川・大井町・蒲田・羽田空港","","","","","","","","","","","","",""
"167615","Ｎｕｍｅｒｏ　Ｕｎｏ　Ｔｏｋｙｏ","東京都","大田区西糀谷3-28-9","144-0034","E","品川・大井町・蒲田・羽田空港","","","","","","","","","","","","",""
"185716","パーリーフラッツ品川高輪台ＰＥＡＲＬＹ　ＦＬＡＴＳ　Ｓｈｉｎａｇａｗａ　Ｔａｋａｎａｗａｄａｉ　＾","東京都","品川区東五反田3-6-14　パーリーフラッツ品川高輪台","141-0022","E","品川・大井町・蒲田・羽田空港","","","","","","","","","","","","",""
"186209","セレブ東大井　＾","東京都","品川区東大井4-7-7　1Ｆ　マーベラス東大井","140-0011","E","品川・大井町・蒲田・羽田空港","","","","","","","","","","","","",""
"198342","ｉｌｌｉ　Ａｅｓｔ　Ｓｈｉｎａｇａｗａ－Ｇｏｔａｎｄａ","東京都","品川区西五反田8-1-13　タケウチビル6F-7F","141-0031","E","品川・大井町・蒲田・羽田空港","","","","","","","","","","","","",""
"158680","ゲストハウス　扇子","東京都","大田区東糀谷3-1-6　2階","144-0033","E","品川・大井町・蒲田・羽田空港","","","","","","","","","","","","",""
"54308","旅館　山水荘＜東京都＞","東京都","品川区東五反田2-9-5","141-0022","E","品川・大井町・蒲田・羽田空港","","","","","","","","","","","","",""
"198585","Ｚｅｎｉｔｈ西中延","東京都","品川区西中延1-3-16","108-0074","E","品川・大井町・蒲田・羽田空港","","","","","","","","","","","","",""
"172135","ＩＫＩＤＡＮＥ　Ｃｏｚｙ　Ｈｏｔｅｌ　羽田空港","東京都","大田区羽田5-13-4","144-0043","E","品川・大井町・蒲田・羽田空港","","","","","","","","","","","","",""
"84902","品川宿ゲストハウス＆ツアーズ","東京都","品川区北品川1-22-16","140-0001","E","品川・大井町・蒲田・羽田空港","","","","","","","","","","","","",""
"197554","コンバーテル西品川","東京都","品川区西品川1-23-24","141-0033","E","品川・大井町・蒲田・羽田空港","","","","","","","","","","","","",""
"186792","弘城ビル／民泊","東京都","大田区西蒲田7-14-1　弘城ビル203，303，403，603，703","144-0051","E","品川・大井町・蒲田・羽田空港","","","","","","","","","","","","",""
"165767","ＨＩＳＡＹＯ’Ｓ　ＩＮＮ","東京都","大田区西糀谷3-30-13","144-0034","E","品川・大井町・蒲田・羽田空港","","","","","","","","","","","","",""
"197525","Ｌ’ｕｍｉｅｒｅ　ｄｅ　Ｚｅｎｉｔｈ　Ｓｈｉｎａｇａｗａ","東京都","品川区平塚1-4-8 L’umiere de Zenith Shinagawa","142-0051","E","品川・大井町・蒲田・羽田空港","","","","","","","","","","","","",""
"169676","マーベラス東大井　＾","東京都","品川区東大井4-7-7　マーベラス東大井","140-0011","E","品川・大井町・蒲田・羽田空港","","","","","","","","","","","","",""
"198442","Ａｒｓ　Ｇａｒｄｅｎ大森","東京都","大田区大森西3-3-21","143-0015","E","品川・大井町・蒲田・羽田空港","","","","","","","","","","","","",""
"195979","ホテル・ザ・ワールド大森","東京都","大田区大森北4-22-11-102","143-0016","E","品川・大井町・蒲田・羽田空港","","","","","","","","","","","","",""
"192147","Ｃ＆Ｊ　ＨＯＴＥＬ","東京都","品川区南大井3-31-4","140-0013","E","品川・大井町・蒲田・羽田空港","","","","","","","","","","","","",""
"195442","Ｚｅｎｉｔｈ　Ｇａｒｄｅｎ　ＴＯＧＯＳＨＩ　＾","東京都","品川区戸越4-8-18 202号室　Zenith Garden TOGOSHI","142-0041","E","品川・大井町・蒲田・羽田空港","","","","","","","","","","","","",""
"194271","Ｖａｃａｔｉｏｎ　Ｉｎｎ　Ｏｍｏｒｉｋａｉｇａｎ／民泊","東京都","大田区大森北3-5-4　イルマン・ヒシモ・マンション","143-0016","E","品川・大井町・蒲田・羽田空港","","","","","","","","","","","","",""
"190638","ＳｐａｃｅＮｏａ２０１　＠Ｒａｋｓｍａｙ／民泊","東京都","品川区小山2-6-10　ＳｐａｃｅＮｏａ","142-0062","E","品川・大井町・蒲田・羽田空港","","","","","","","","","","","","",""
"195192","ホテル・ザ・ワールド大森５０２／民泊","東京都","大田区大森北4-22-11　レピュア大森レジデンス502","143-0016","E","品川・大井町・蒲田・羽田空港","","","","","","","","","","","","",""
"190236","ＨＪ　ＰＬＡＣＥ　ＴＡＫＡＮＡＷＡ／民泊","東京都","港区高輪1-27-9　ＨＪ　ＰＬＡＣＥ　ＴＡＫＡＮＡＷＡ","108-0074","E","品川・大井町・蒲田・羽田空港","","","","","","","","","","","","",""
"169472","Ｅｔｅｒｎｉｔｙ　ＡＰＡＲＴＭＥＮＴ　ＨＯＴＥＬ　Ｓｈｉｎａｇａｗａ　＾","東京都","品川区西大井1-7-34　Ｅｔｅｒｎｉｔｙ　ＡＰＡＲＴＭＥＮＴ　ＨＯＴＥＬ　品川","140-0075","E","品川・大井町・蒲田・羽田空港","","","","","","","","","","","","",""
"108411","東横ＩＮＮ蒲田東口","東京都","大田区蒲田５－１８－４","144-0052","E","品川・大井町・蒲田・羽田空港","","","","","","","","","","","","",""
"197536","シークレスト中延","東京都","品川区中延4-4-18","142-0053","E","品川・大井町・蒲田・羽田空港","","","","","","","","","","","","",""
"195187","ホテル・ザ・ワールド大森３０１／民泊","東京都","大田区大森北4-22-11　レピュア大森レジデンス301","143-0016","E","品川・大井町・蒲田・羽田空港","","","","","","","","","","","","",""
"198495","下神明一軒家","東京都","品川区豊町2-23-4","142-0042","E","品川・大井町・蒲田・羽田空港","","","","","","","","","","","","",""
"175579","ＶＡＣＡＴＩＯＮ　ＩＮＮ　ＫＡＭＡＴＡ／民泊","東京都","大田区蒲田4-26-4 VACATION INN KAMATA Ⅰ","144-0052","E","品川・大井町・蒲田・羽田空港","","","","","","","","","","","","",""
"199906","Ｖａｃａｔｉｏｎ　Ｉｎｎ　Ｈａｎｅｄａ　２／民泊","東京都","大田区南蒲田1-14-8 Ｖａｃａｔｉｏｎ　Ｉｎｎ　Ｈａｎｅｄａ　２","144-0035","E","品川・大井町・蒲田・羽田空港","","","","","","","","","","","","",""
"192152","洗足２１","東京都","目黒区洗足2-6-15","152-0012","E","品川・大井町・蒲田・羽田空港","","","","","","","","","","","","",""
"184990","日の出ホテル　＾","東京都","品川区東五反田1-11-3　日の出ビル","141-0022","E","品川・大井町・蒲田・羽田空港","","","","","","","","","","","","",""
"197739","Ｆｏｎｔａｉｎｅ蒲田","東京都","大田区南蒲田3-6-5","144-0035","E","品川・大井町・蒲田・羽田空港","","","","","","","","","","","","",""
"199916","Ｋ－Ｓｔａｙ　ＴＯＫＹＯ　ＨＡＮＥＤＡ／民泊","東京都","大田区羽田6-16-6","144-0043","E","品川・大井町・蒲田・羽田空港","","","","","","","","","","","","",""
"197557","東品川アパートメント","東京都","品川区東品川1-29-18","140-0002","E","品川・大井町・蒲田・羽田空港","","","","","","","","","","","","",""
"200180","Ｆａｍｉｌｉａ　Ｈａｎｅｄａ　Ｉ／民泊","東京都","大田区北糀谷1-1-22　ＦＡＭＩＬＩＡ　羽田Ｉ","144-0032","E","品川・大井町・蒲田・羽田空港","","","","","","","","","","","","",""
"195768","ＦＡＭＩＬＩＡ　ＨＥＩＷＡＪＩＭＡ　ＩＩ／民泊","東京都","大田区大森北3-20-4　201号　FAMILIA HEIWAJIMA　II","143-0016","E","品川・大井町・蒲田・羽田空港","","","","","","","","","","","","",""
"199066","アドル荏原","東京都","品川区荏原5-6-7","142-0063","E","品川・大井町・蒲田・羽田空港","","","","","","","","","","","","",""
"200407","Ｖａｃａｔｉｏｎ　Ｉｎｎ　Ｈａｎｅｄａ　ＩＩＩ　１０１／民泊","東京都","大田区北糀谷1-1-1　グリーンロード","144-0032","E","品川・大井町・蒲田・羽田空港","","","","","","","","","","","","",""
"200511","ＶＡＣＡＴＩＯＮ　ＩＮＮ　ＨＡＮＥＤＡ　ＩＶ／民泊","東京都","大田区北糀谷1-2-6　ＶＡＣＡＴＩＯＮ　ＩＮＮ　ＨＡＮＥＤＡ　ＩＶ","144-0032","E","品川・大井町・蒲田・羽田空港","","","","","","","","","","","","",""
"195191","ホテル・ザ・ワールド大森５０１／民泊","東京都","大田区大森北4-22-11　レピュア大森レジデンス501","143-0016","E","品川・大井町・蒲田・羽田空港","","","","","","","","","","","","",""
"195189","ホテル・ザ・ワールド大森４０１／民泊","東京都","大田区大森北4-22-11　レピュア大森レジデンス401","143-0016","E","品川・大井町・蒲田・羽田空港","","","","","","","","","","","","",""
"195126","ホテル・ザ・ワールド大森２０１／民泊","東京都","大田区大森北4-22-11","143-0016","E","品川・大井町・蒲田・羽田空港","","","","","","","","","","","","",""
"199913","Ｆａｍｉｌｉａ　Ｋｏｕｊｉｙａ　ＩＩ／民泊","東京都","大田区南蒲田1-14-8 Ｆａｍｉｌｉａ　Ｋｏｕｊｉｙａ　ＩＩ","144-0035","E","品川・大井町・蒲田・羽田空港","","","","","","","","","","","","",""
"189958","レピュア大森レジデンス４０３／民泊","東京都","大田区大森北4-22-11　レピュア大森レジデンス","143-0016","E","品川・大井町・蒲田・羽田空港","","","","","","","","","","","","",""
"186696","Ｍａｉｓｏｎ　Ｅｌｅｇａｎｃｅ／民泊","東京都","大田区東糀谷3-5-7　メゾンエレガンス","144-0033","E","品川・大井町・蒲田・羽田空港","","","","","","","","","","","","",""
"195188","ホテル・ザ・ワールド大森３０２／民泊","東京都","大田区大森北4-22-11　レピュア大森レジデンス302","143-0016","E","品川・大井町・蒲田・羽田空港","","","","","","","","","","","","",""
"195505","リビングステイ　プラムレジデンス／民泊","東京都","大田区大森西6-13-16 渡辺ビル 303.402.405　Living Stay Plum Residence","143-0015","E","品川・大井町・蒲田・羽田空港","","","","","","","","","","","","",""
"195190","ホテル・ザ・ワールド大森４０２／民泊","東京都","大田区大森北4-22-11　レピュア大森レジデンス402","143-0016","E","品川・大井町・蒲田・羽田空港","","","","","","","","","","","","",""
"200234","Ｗａｂｉ－Ｓａｂｉ　Ｇａｒｄｅｎ　Ｓｔａｙ　ＴＯＫＹＯ　ＨＡＮＥＤＡ／民泊","東京都","大田区羽田5-13-6　１０１／１０２／１０３／２０１／２０２","144-0043","E","品川・大井町・蒲田・羽田空港","","","","","","","","","","","","",""
"184884","品川ウィステリアレジデンス","東京都","品川区東中延2-3-15","142-0052","E","品川・大井町・蒲田・羽田空港","","","","","","","","","","","","",""
"175533","ＶＡＣＡＴＩＯＮ　ＩＮＮ　ＨＥＩＷＡＪＩＭＡ　Ｉ／民泊","東京都","大田区大森本町2-4-10 VACATION INN HEIWAJIMA Ⅰ","143-0011","E","品川・大井町・蒲田・羽田空港","","","","","","","","","","","","",""
"175835","Ｈｏｍｅ　Ｓｗｅｅｔ　Ｏｆｆｉｃｅ　Ｈｅｉｗａｊｉｍａ／民泊","東京都","大田区大森本町2-19-12　ＰＡＴＲＩＥ　ＯＨＭＯＲＩ　Ⅱ","143-0011","E","品川・大井町・蒲田・羽田空港","","","","","","","","","","","","",""
"195438","ＦＡＭＩＬＩＡ　ＫＡＭＴＡ　Ｉ／民泊","東京都","大田区東蒲田2-29-6　FAMILIA KAMTA I","144-0031","E","品川・大井町・蒲田・羽田空港","","","","","","","","","","","","",""
"194650","コスモビル４０２号室／民泊","東京都","大田区矢口1-16-19　コスモビル402号室","146-0093","E","品川・大井町・蒲田・羽田空港","","","","","","","","","","","","",""
"193864","Ｆａｍｉｌｉａ　Ｏｍｏｒｉｋａｉｇａｎ／民泊","東京都","大田区大森北3-41-10　ＦＡＭＩＬＩＡ　ＯＭＯＲＩＫＡＩＧＡＮ","143-0016","E","品川・大井町・蒲田・羽田空港","","","","","","","","","","","","",""
"189957","レピュア大森レジデンス３０３／民泊","東京都","大田区大森北4-22-11　レピュア大森レジデンス","143-0016","E","品川・大井町・蒲田・羽田空港","","","","","","","","","","","","",""
"195090","西大井戸建て（Ｇｉｎ）／民泊","東京都","品川区西大井2-17-18","140-0015","E","品川・大井町・蒲田・羽田空港","","","","","","","","","","","","",""
"180707","アーバンステイ品川","東京都","品川区北品川2-23-14","140-0001","E","品川・大井町・蒲田・羽田空港","","","","","","","","","","","","",""
"190566","Ｔａｔａｍｉ　＆　Ｂ　池上／民泊","東京都","大田区池上5-21-8　ビスタ池上202","146-0082","E","品川・大井町・蒲田・羽田空港","","","","","","","","","","","","",""
"185173","ＦＡＭＩＬＩＡ　糀谷／民泊","東京都","大田区西糀谷4-4-17　ＦＡＭＩＬＩＡ　糀谷","144-0034","E","品川・大井町・蒲田・羽田空港","","","","","","","","","","","","",""
"186863","フタバハイツ／民泊","東京都","大田区東蒲田1-10-4　フタバハイツ","144-0031","E","品川・大井町・蒲田・羽田空港","","","","","","","","","","","","",""
"189959","レピュア大森レジデンス５０３／民泊","東京都","大田区大森北4-22-11　レピュア大森レジデンス","143-0016","E","品川・大井町・蒲田・羽田空港","","","","","","","","","","","","",""
"195251","Ｆａｍｉｌｉａ　Ｋａｍａｔａ　ＩＩ　＾","東京都","大田区東蒲田2-21-7　ＦＡＭＩＬＩＡ　ＫＡＭＡＴＡ　II","144-0031","E","品川・大井町・蒲田・羽田空港","","","","","","","","","","","","",""
"185054","ＡＯＣＡ　ＳＡＮＮＯ／民泊","東京都","大田区山王3-3-4　ＴＨＥ　ＡＯＣＡ　ＴＯＫＹＯ山王","143-0023","E","品川・大井町・蒲田・羽田空港","","","","","","","","","","","","",""
"197555","大塚ハウス","東京都","品川区南品川4-15-12","140-0004","E","品川・大井町・蒲田・羽田空港","","","","","","","","","","","","",""
"195315","Ｋ．Ａｎｄ．Ｍ．Ｏｏｉｍａｃｈｉ　＾","東京都","品川区大井2-3-14 1階 　K.And.M.Ooimachi","140-0014","E","品川・大井町・蒲田・羽田空港","","","","","","","","","","","","",""
"67817","ダイワロイネットホテル東京大崎（２０２６年７月リニューアルオープン）","東京都","品川区大崎2-1-3","141-0032","E","品川・大井町・蒲田・羽田空港","","","","","","","","","","","","",""
"197559","クレアーレ戸越銀座","東京都","品川区平塚1-18-7","142-0051","E","品川・大井町・蒲田・羽田空港","","","","","","","","","","","","",""
"169452","Ｈｏｍｅ　Ｓｗｅｅｔ　Ｏｆｆｉｃｅ　Ｋａｍａｔａ／民泊","東京都","大田区蒲田4-26-4","144-0052","E","品川・大井町・蒲田・羽田空港","","","","","","","","","","","","",""
"175802","さくらすてい大鳥居＃１０１／民泊","東京都","大田区萩中3－9－13　ルーデンス大鳥居101","144-0047","E","品川・大井町・蒲田・羽田空港","","","","","","","","","","","","",""
"199636","ＺＡ３０８　ＦｅｌｉｚＬｉｆｅ　南馬込　２０１／民泊","東京都","大田区南馬込2-3-9　FelizLife 南馬込","143-0025","E","品川・大井町・蒲田・羽田空港","","","","","","","","","","","","",""
"185504","オアシス南雪谷／民泊","東京都","大田区南雪谷2-15-18　Ｏａｓｉｓ　Ｍｉｎａｍｉｙｕｋｉｇａｙａ","145-0066","E","品川・大井町・蒲田・羽田空港","","","","","","","","","","","","",""
"190890","サニーハイツ２０１　＾","東京都","品川区西品川3-20-5　サニーハイツ201","141-0033","E","品川・大井町・蒲田・羽田空港","","","","","","","","","","","","",""
"170624","五反田駅近マンション／民泊","東京都","品川区西五反田7-24-8　リベルテ西五反田","141-0031","E","品川・大井町・蒲田・羽田空港","","","","","","","","","","","","",""
"189583","Ｉ　ＬＯＶＥ　ＨＡＮＥＤＡ／民泊","東京都","大田区羽田5-29-5　Ｉ　ＬＯＶＥ　ＨＡＮＥＤＡ","144-0043","E","品川・大井町・蒲田・羽田空港","","","","","","","","","","","","",""
"190144","Ｔｈｅ　Ｐｒｉｍｅ　ＴＯＫＹＯ　ＨＡＮＥＤＡ／民泊","東京都","大田区南蒲田3-11-2　Ｔｈｅ　Ｐｒｉｍｅ　ＴＯＫＹＯ　ＨＡＮＥＤＡ1階、2・3階","144-0035","E","品川・大井町・蒲田・羽田空港","","","","","","","","","","","","",""
"195391","ＬＩＦＥ　ＴＯＷＮ　ＮＩＳＨＩＲＯＫＵＧＯ／民泊","東京都","大田区西六郷3-10-18　LIFE TOWN NISHIROKUGO","144-0056","E","品川・大井町・蒲田・羽田空港","","","","","","","","","","","","",""
"195771","ＪＪ　ＨＯＵＳＥ　新規オープン　品川　羽田　横浜　直通　閑静な住宅街　テレワーク　受験／民泊","東京都","大田区大森西2-18-13　JJ　HOUSE","143-0015","E","品川・大井町・蒲田・羽田空港","","","","","","","","","","","","",""
"185082","Ｋ＆Ｍハイツ　＾","東京都","品川区戸越3-11-6　Ｋ＆Ｍ　Ｈｅｉｇｈｔｓ","142-0041","E","品川・大井町・蒲田・羽田空港","","","","","","","","","","","","",""
"190533","サニーハイツ３０１／民泊","東京都","品川区西品川3-20-5","141-0033","E","品川・大井町・蒲田・羽田空港","","","","","","","","","","","","",""
"195461","Ｔｏｋｙｏ　Ｈｏｍｅ　Ｂａｓｅ　Ｈａｎｅｄａ／民泊","東京都","大田区東六郷1-3-3　Tokyo Home Base Haneda","144-0046","E","品川・大井町・蒲田・羽田空港","","","","","","","","","","","","",""
"195465","東六郷ＷＨＩＴＥ／民泊","東京都","大田区東六郷1-22-5　東六郷WHITE","144-0046","E","品川・大井町・蒲田・羽田空港","","","","","","","","","","","","",""
"195466","東六郷ＢＬＡＣＫ／民泊","東京都","大田区東六郷1-22-5　東六郷BLACK","144-0046","E","品川・大井町・蒲田・羽田空港","","","","","","","","","","","","",""
"199942","Ｕｈｏｍｅ羽田／民泊","東京都","大田区萩中1-6-9 東昇ビル","144-0047","E","品川・大井町・蒲田・羽田空港","","","","","","","","","","","","",""
"189888","蒲田すまいるハウス／民泊","東京都","大田区西蒲田6-3-12　（2階）","144-0051","E","品川・大井町・蒲田・羽田空港","","","","","","","","","","","","",""
"194689","ＳＴＡＲＲＹ　ＳＴＡＹ　ＳＵＩＴＥ　ＩＭＰＲＯＶＥ　ＮＩＳＨＩＭＡＧＯＭＥ／民泊","東京都","大田区西馬込1-3-7　インプルーブ西馬込","143-0026","E","品川・大井町・蒲田・羽田空港","","","","","","","","","","","","",""
"200541","Ｎｅｏ　Ｔｏｋｙｏ　Ａｎｎｅｘ　２０４　＾","東京都","品川区北品川1-23-16　Ｎｅｏ　Ｔｏｋｙｏ　Ａｎｎｅｘ　２０４","140-0001","E","品川・大井町・蒲田・羽田空港","","","","","","","","","","","","",""
"196713","ｉｌｌｉ　Ｐａｌ　Ｓｈｉｎａｇａｗａ　Ｇｏｔａｎｄａ","東京都","品川区西五反田8-2-12　アール五反田　2Ｆ","141-0031","E","品川・大井町・蒲田・羽田空港","","","","","","","","","","","","",""
"185224","Ｆｏｒｅｓｔ　Ｖｉｌｌａ　Ｔｏｇｏｓｈｉ　＾","東京都","品川区荏原1-24-23　Ｆｏｒｅｓｔ　Ｖｉｌｌａ　Ｔｏｇｏｓｈｉ","142-0063","E","品川・大井町・蒲田・羽田空港","","","","","","","","","","","","",""
"185225","Ｆｏｒｅｓｔ　Ｈｏｕｓｅ　＾","東京都","品川区戸越4-3-17　Ｆｏｒｅｓｔ　Ｈｏｕｓｅ","142-0041","E","品川・大井町・蒲田・羽田空港","","","","","","","","","","","","",""
"199822","Ｂｏｚａｒ　Ｈｏｕｓｅ／民泊","東京都","品川区西大井5-12-8 Ｂｏｚａｒ　Ｈｏｕｓｅ","140-0015","E","品川・大井町・蒲田・羽田空港","","","","","","","","","","","","",""
"199772","ＳＵＭＩＲＥ　ＳＨＩＲＯＧＡＮＥＤＡＩ／民泊","東京都","港区白金台4-14-7","108-0071","E","品川・大井町・蒲田・羽田空港","","","","","","","","","","","","",""
"185351","まるまる貸し切ＹＵ＇Ｓ　ＨＯＵＳＥ羽田１５分京急蒲田駅とＪＲ蒲田駅２分　グループ／家族におすす／民泊","東京都","大田区蒲田5-21-1　タミーパレス3階～5階","144-0052","E","品川・大井町・蒲田・羽田空港","","","","","","","","","","","","",""
"199623","北品川駅徒歩４分・品川駅徒歩１３分　独立玄関の築浅プライベートルーム　＾","東京都","品川区北品川1-23-21　KT品川","140-0001","E","品川・大井町・蒲田・羽田空港","","","","","","","","","","","","",""
"190889","ＫＵＴＳＵＲＯＧＩ　ＳＡＵＮＡ＆ＳＴＡＹ　＾","東京都","品川区西品川3-20-5　サニーハイツ101","141-0033","E","品川・大井町・蒲田・羽田空港","","","","","","","","","","","","",""
"193927","ＦＩＮＯＡ　Ｒｅｓｉｄｅｎｔｉａｌ　Ｓｕｉｔｅ　Ｋａｍａｔａ／民泊","東京都","大田区池上3-35-2　コントレール203号室","146-0082","E","品川・大井町・蒲田・羽田空港","","","","","","","","","","","","",""
"192018","ＫＡＧＯ　＃３４　Ｔｏｋｙｏ　ｂｙ　Ｓｈｕｋｕｂａ　ＨＯＴＥＬ","東京都","品川区北品川1-22-16","140-0001","E","品川・大井町・蒲田・羽田空港","","","","","","","","","","","","",""
"199929","シーサイド田町（ＳｅａＳｉｄｅ　Ｔａｍａｃｈｉ）／民泊","東京都","港区芝浦3-20-9 シーサイド田町","108-0023","E","品川・大井町・蒲田・羽田空港","","","","","","","","","","","","",""
"147802","Ｂａｍｂａ　Ｈｏｔｅｌ","東京都","品川区南品川1-1-2","140-0004","E","品川・大井町・蒲田・羽田空港","","","","","","","","","","","","",""
"153401","Ａｒａｉｙａ","東京都","港区高輪2-17-1","108-0074","E","品川・大井町・蒲田・羽田空港","","","","","","","","","","","","",""
"184481","ＰＥＴＡＬＳ　ＴＯＫＹＯ","東京都","品川区東品川2-1-3","140-0002","E","品川・大井町・蒲田・羽田空港","","","","","","","","","","","","",""
"173085","プルマン東京田町","東京都","港区芝浦3-1-21","108-8566","E","品川・大井町・蒲田・羽田空港","","","","","","","","","","","","",""
"196824","ＨＯＴＥＬ　Ｒｉｎ　ＴＯＫＹＯ","東京都","港区高輪2-16-1","108-0074","E","品川・大井町・蒲田・羽田空港","","","","","","","","","","","","",""
"1006","ホテルルートイン品川大井町","東京都","品川区大井1-35-2","140-0014","E","品川・大井町・蒲田・羽田空港","","","","","","","","","","","","",""
"29232","女性専用　ドミトリー西馬込","東京都","大田区西馬込1-18-1","143-0026","E","品川・大井町・蒲田・羽田空港","","","","","","","","","","","","",""
"41699","東急ステイ五反田（２０２６年１１月中旬リニューアルオープン）","東京都","品川区東五反田1-12-2","141-0022","E","品川・大井町・蒲田・羽田空港","","","","","","","","","","","","",""
"167061","Ｎｏ　Ｂｏｒｄｅｒｓ　Ｈｏｓｔｅｌ（ノーボーダーズホステル）","東京都","品川区荏原1-15-10","142-0063","E","品川・大井町・蒲田・羽田空港","","","","","","","","","","","","",""
"169201","Ｔｈｅ　３ｒｄ　Ｒｅｓｉｄｅｎｔｉａｌ　Ｓｕｉｔｅ　ＳＨＩＲＯＫＡＮＥ／民泊","東京都","港区三田5-16-3　三田戸建て","108-0073","E","品川・大井町・蒲田・羽田空港","","","","","","","","","","","","",""
"169437","大森ハッピースマイルホテル　＾","東京都","大田区中央2-7-2　ＯＭＯＲＩ　ＨＡＰＰＹ　ＳＭＩＬＥ　ＨＯＴＥＬ","143-0024","E","品川・大井町・蒲田・羽田空港","","","","","","","","","","","","",""
"169479","シーフォルム　京急蒲田／民泊","東京都","大田区西糀谷1-9-11　Ｓｅａ　ｆｏｒｍ　Ｋｅｉｋｙｕ　Ｋａｍａｔａ","144-0034","E","品川・大井町・蒲田・羽田空港","","","","","","","","","","","","",""
"169734","ＨＯＳＴＥＬ　ＬＵＮＤ　ＩＩ　－学芸大－　＾","東京都","品川区小山台2-1-11　ＨＯＳＴＥＬ　ＬＵＮＤ　ＩＩ　-学芸大","142-0061","E","品川・大井町・蒲田・羽田空港","","","","","","","","","","","","",""
"169735","ＨＯＳＴＥＬ　ＬＵＮＤ　Ｉ　－大井町－　＾","東京都","品川区南品川5-11-47　Ｈｏｓｔｅｌ　Ｌｕｎｄ　Ｉ　-大井町","140-0004","E","品川・大井町・蒲田・羽田空港","","","","","","","","","","","","",""
"169864","ＮＥＷＯＰＥＮ★リノベ戸建／西大井９分・中延駅８分　＾","東京都","品川区二葉四-25-8号　ＣＡＳＡ　ＳＨＩＮＡＧＡＷＡ　ＵＮＯ","142-0043","E","品川・大井町・蒲田・羽田空港","","","","","","","","","","","","",""
"170035","５６８ビル　＾","東京都","品川区戸越5-6-8　Ｔｏｇｏｓｈｉ　568　ｓｔａｙ","142-0041","E","品川・大井町・蒲田・羽田空港","","","","","","","","","","","","",""
"170058","Ｎｅｏ　Ｔｏｋｙｏ　＃１０２　＾","東京都","品川区北品川1-23-16　ＮＥＯ　ＴＯＫＹＯ　ＡＮＮＥＸ","140-0001","E","品川・大井町・蒲田・羽田空港","","","","","","","","","","","","",""
"170350","ＴｏｋｙｏＳｕｎｓｈｉｎｅＴｏｗｅｒ　＾","東京都","港区芝3-12-9　ＴｏｋｙｏＳｕｎｓｈｉｎｅＴｏｗｅｒ","105-0014","E","品川・大井町・蒲田・羽田空港","","","","","","","","","","","","",""
"170414","ＴＨＲＥＥ　＾","東京都","品川区大井3-4-8　ＴＨＲＥＥ","140-0014","E","品川・大井町・蒲田・羽田空港","","","","","","","","","","","","",""
"170749","Ｎｅｏ　Ｔｏｋｙｏ　＃１０４　＾","東京都","品川区北品川1-23-16　Ｎｅｏ　Ｔｏｋｙｏ　Ａｎｎｅｘ","140-0001","E","品川・大井町・蒲田・羽田空港","","","","","","","","","","","","",""
"171174","パークレシデンス大森／民泊","東京都","大田区大森北1-19-20　Ｐａｒｋ　Ｒｅｓｉｄｅｎｃｅ　Ｏｍｏｒｉ","143-0016","E","品川・大井町・蒲田・羽田空港","","","","","","","","","","","","",""
"171806","Ｅｘ　ｍａｇａｚｚｉｎｏ　＾","東京都","大田区東矢口3-20-4　Ｅｘ　ｍａｇａｚｚｉｎｏ","146-0094","E","品川・大井町・蒲田・羽田空港","","","","","","","","","","","","",""
"173772","ｅｂｅｅ＇ｓ　Ｒｏｏｍ　Ｔｏｋｙｏ　ＫＡＭＡＴＡ／民泊","東京都","大田区西蒲田8-4-2XEBEC蒲田Station-exe.706","144-0051","E","品川・大井町・蒲田・羽田空港","","","","","","","","","","","","",""
"173958","Ｔｏｋｙｏ　Ｈｏｕｓｅ　Ｋａｍａｔａ　Ａ／民泊","東京都","大田区東蒲田1-22-9","144-0031","E","品川・大井町・蒲田・羽田空港","","","","","","","","","","","","",""
"173983","Ｔｏｋｙｏ　Ｈｏｕｓｅ　Ｋａｍａｔａ　Ｊ／民泊","東京都","大田区東六郷1-3-7 東六郷1 戸建てJ棟","144-0046","E","品川・大井町・蒲田・羽田空港","","","","","","","","","","","","",""
"174081","ＡＸＡＳ　ＳＴＡＹ　ＩＳＨＩＫＡＷＡＤＡＩ／民泊","東京都","大田区東雪谷2-8-2","145-0065","E","品川・大井町・蒲田・羽田空港","","","","","","","","","","","","",""
"174258","ヴォーガコルテ千鳥町／民泊","東京都","大田区千鳥3-13-12 ヴォーガコルテ千鳥町","146-0083","E","品川・大井町・蒲田・羽田空港","","","","","","","","","","","","",""
"174395","Ｔｅｒｍｉｎａｌ　Ａ０１／民泊","東京都","大田区南馬込5-31-10（1階）","143-0025","E","品川・大井町・蒲田・羽田空港","","","","","","","","","","","","",""
"174497","Ｔｏｋｙｏ　Ｈｏｕｓｅ　Ｋａｍａｔａ　Ｂ／民泊","東京都","大田区東六郷1-3-4東六郷B棟","144-0046","E","品川・大井町・蒲田・羽田空港","","","","","","","","","","","","",""
"174498","Ｔｏｋｙｏ　Ｈｏｕｓｅ　Ｋａｍａｔａ　Ｌ／民泊","東京都","大田区東六郷1-3-7東六郷1戸建てL棟","144-0046","E","品川・大井町・蒲田・羽田空港","","","","","","","","","","","","",""
"174501","Ｂ民泊／民泊","東京都","大田区北馬込2-25-4 (1階）","143-0021","E","品川・大井町・蒲田・羽田空港","","","","","","","","","","","","",""
"175020","ＫＡＭＡＴＡ　ＡＮＮ／民泊","東京都","大田区蒲田本町2-6-10KAMATA ANN","144-0053","E","品川・大井町・蒲田・羽田空港","","","","","","","","","","","","",""
"175468","ＪＲ／東急　蒲田駅徒歩５分／民泊","東京都","大田区西蒲田5-2-8 かぼちゃの馬車蒲田3","144-0051","E","品川・大井町・蒲田・羽田空港","","","","","","","","","","","","",""
"180430","ＰＬＵＭ　ＡＲＫ　ＯＲＩＥＮＴＡＬ　ＨＯＴＥＬ","東京都","品川区東中延1-5-7","142-0052","E","品川・大井町・蒲田・羽田空港","","","","","","","","","","","","",""
"180483","ＳｕｎＳｔａｙ　新馬場Ｉ","東京都","品川区北品川2-4-12","140-0001","E","品川・大井町・蒲田・羽田空港","","","","","","","","","","","","",""
"180488","角谷レイヴァリー４０１","東京都","品川区西五反田3-14-4　ＫａｋｕｔａｎｉＲＡＹＶＥＲＹ　４０１","141-0031","E","品川・大井町・蒲田・羽田空港","","","","","","","","","","","","",""
"180489","角谷レイヴァリー３０１","東京都","品川区西五反田3-14-4　ＫａｋｕｔａｎｉＲＡＹＶＥＲＹ　３０１","141-0031","E","品川・大井町・蒲田・羽田空港","","","","","","","","","","","","",""
"180639","ワイヤーズホテルゼームス坂","東京都","品川区南品川6-7-19","140-0004","E","品川・大井町・蒲田・羽田空港","","","","","","","","","","","","",""
"180745","ルマイン六郷土手","東京都","大田区仲六郷4-20-6","144-0055","E","品川・大井町・蒲田・羽田空港","","","","","","","","","","","","",""
"180775","Ｓｕｎ　Ｓｔａｙ大崎Ｉ","東京都","品川区西品川3-3-10","141-0033","E","品川・大井町・蒲田・羽田空港","","","","","","","","","","","","",""
"180776","ＳｕｎＳｔａｙ立会川Ｉ","東京都","品川区南大井1-9-10","140-0013","E","品川・大井町・蒲田・羽田空港","","","","","","","","","","","","",""
"180803","マツリホテルシャトレ西大井２０１、２０２","東京都","品川区西大井6-7-17","140-0015","E","品川・大井町・蒲田・羽田空港","","","","","","","","","","","","",""
"180809","マツリホテル東大井３丁目","東京都","品川区東大井3-22-24","140-0011","E","品川・大井町・蒲田・羽田空港","","","","","","","","","","","","",""
"181853","ゲストハウス大崎","東京都","品川区西品川3-20-26","141-0033","E","品川・大井町・蒲田・羽田空港","","","","","","","","","","","","",""
"185427","ＨＯＴＥＬ　ＴＨＥ　ＳＰＡＣＥ　＾","東京都","品川区平塚3-6-1　ザスペース戸越202　ＨＯＴＥＬ　ＴＨＥ　ＳＰＡＣＥ","142-0051","E","品川・大井町・蒲田・羽田空港","","","","","","","","","","","","",""
"189291","ＪＲ蒲田１分、空港近い、大変便利です／民泊","東京都","大田区西蒲田7-28-5-403　ｎａｋａｊｉｍａ　ｂｕｉｌｄｉｎｇ","144-0051","E","品川・大井町・蒲田・羽田空港","","","","","","","","","","","","",""
"189556","シーサイド田町／民泊","東京都","港区芝浦3-20-9　シーサイド田町","108-0023","E","品川・大井町・蒲田・羽田空港","","","","","","","","","","","","",""
"189956","レピュア大森レジデンス２０３／民泊","東京都","大田区大森北4-22-11　レピュア大森レジデンス","143-0016","E","品川・大井町・蒲田・羽田空港","","","","","","","","","","","","",""
"190266","Ｆａｍｉｌｉａ　Ｈｅｉｗａｊｉｍａ／民泊","東京都","大田区大森東2-29-18　Ｆａｍｉｌｉａ　Ｈｅｉｗａｊｉｍａ","143-0012","E","品川・大井町・蒲田・羽田空港","","","","","","","","","","","","",""
"190768","Ｌｉｄｏ　Ｅａｓｔ　Ｓｈｉｎａｇａｗａ　＾","東京都","品川区北品川2-27-5　Ｌｉｄｏ　Ｅａｓｔ　Ｓｈｉｎａｇａｗａ","140-0001","E","品川・大井町・蒲田・羽田空港","","","","","","","","","","","","",""
"190769","Ｌｉｄｏ　Ｎｏｒｔｈ　Ｓｈｉｎａｇａｗａ　＾","東京都","品川区北品川2-6-3　Ｌｉｄｏ　Ｎｏｒｔｈ　Ｓｈｉｎａｇａｗａ","140-0001","E","品川・大井町・蒲田・羽田空港","","","","","","","","","","","","",""
"190927","ラ・カーサ東京／民泊","東京都","大田区蒲田3-18-1　101．102．103．201．202．203．301．302．303．401．402．403号室　Ｌａ　Ｃａｓａ　Ｔｏｋｙｏ","144-0052","E","品川・大井町・蒲田・羽田空港","","","","","","","","","","","","",""
"191762","Ｍｉｕ　Ｈｏｔｅｌ　Ｓｈｉｎａｇａｗａ","東京都","品川区北品川1-23-16-103","140-0001","E","品川・大井町・蒲田・羽田空港","","","","","","","","","","","","",""
"194673","Ｔｉｍｅ　Ｃａｍｐ高輪２階　＾","東京都","港区高輪3-10-38　Ｔｉｍｅ　Ｃａｍｐ高輪","108-0074","E","品川・大井町・蒲田・羽田空港","","","","","","","","","","","","",""
"195186","ホテル・ザ・ワールド大森２０２／民泊","東京都","大田区大森北4-22-11　レピュア大森レジデンス202","143-0016","E","品川・大井町・蒲田・羽田空港","","","","","","","","","","","","",""
"195331","Ｋａｍａｔａ３３２　蒲田で暮らすように滞在する２ユニットテラスハウス／民泊","東京都","大田区蒲田3-3-2　カパルアイースト・カパルアウエスト","144-0052","E","品川・大井町・蒲田・羽田空港","","","","","","","","","","","","",""
"196000","お宿寧々　羽田","東京都","大田区羽田4-5-19　羽田ＫＳビル2Ｆ3Ｆ","144-0043","E","品川・大井町・蒲田・羽田空港","","","","","","","","","","","","",""
"196001","お宿寧々　平和島","東京都","大田区大森東1-8-7","143-0012","E","品川・大井町・蒲田・羽田空港","","","","","","","","","","","","",""
"196220","Ｐａｎｇｏｏ品川","東京都","港区高輪4-6-10","108-0074","E","品川・大井町・蒲田・羽田空港","","","","","","","","","","","","",""
"197346","大井町アパートメントホテル豊強ビル","東京都","品川区大井1-21-2　豊強ビル","140-0014","E","品川・大井町・蒲田・羽田空港","","","","","","","","","","","","",""
"197813","アーバンリゾート蒲田","東京都","大田区西蒲田7-64-6","144-0051","E","品川・大井町・蒲田・羽田空港","","","","","","","","","","","","",""
"197814","アーバンステイ南蒲田","東京都","大田区南蒲田3-7-27","144-0035","E","品川・大井町・蒲田・羽田空港","","","","","","","","","","","","",""
"199810","Ｄｒｅａｍ蒲田／民泊","東京都","大田区蒲田本町2-7-15 Ｄｒｅａｍ蒲田","144-0053","E","品川・大井町・蒲田・羽田空港","","","","","","","","","","","","",""
"200554","Ｇｒａｔｏ　Ｔｅｒｒａｃｅ／民泊","東京都","大田区南蒲田1-15-7-101　グラートテラス","144-0035","E","品川・大井町・蒲田・羽田空港","","","","","","","","","","","","",""
"200549","ＴＯＫＹＯ　ＳＴＡＹ　ｉｎ　Ｋａｍａｔａ／民泊","東京都","大田区蒲田3-17-10　ＴＯＫＹＯ　ＳＴＡＹ　ｉｎ　Ｋａｍａｔａ１０２","144-0052","E","品川・大井町・蒲田・羽田空港","","","","","","","","","","","","",""
"84860","月極倶楽部　東五反田","東京都","品川区東五反田1-23-5","141-0022","E","品川・大井町・蒲田・羽田空港","","","","","","","","","","","","",""
"162912","ＪａｐａｎＨｏｓｔｅｌ　深夜特急","東京都","大田区東蒲田2-17-3","144-0031","E","品川・大井町・蒲田・羽田空港","","","","","","","","","","","","",""
"183536","ＴＨＲＥＥ","東京都","品川区大井3-4-8","140-0014","E","品川・大井町・蒲田・羽田空港","","","","","","","","","","","","",""
"183537","アパートメントサンブライト","東京都","品川区東大井5-14-1","140-0011","E","品川・大井町・蒲田・羽田空港","","","","","","","","","","","","",""
"195009","アークヒルズ羽田イン１０１　＾","東京都","大田区西糀谷2-10-8","144-0034","E","品川・大井町・蒲田・羽田空港","","","","","","","","","","","","",""
"197705","Ｈｏｔｅｌ　Ｍａｔｏｍａ","東京都","港区芝浦3-12-16","108-0023","E","品川・大井町・蒲田・羽田空港","","","","","","","","","","","","",""
"165625","アパホテル＆リゾート〈西新宿五丁目駅前タワー〉","東京都","渋谷区本町3-14-1","151-0071","F","新宿・中野・荻窪・四谷","","","","","","","","","","","","",""
"16415","ホテル　グランドヒル市ヶ谷","東京都","新宿区市谷本村町4-1","162-0845","F","新宿・中野・荻窪・四谷","","","","","","","","","","","","",""
"38126","京王プレッソイン新宿","東京都","新宿区西新宿3-4-5","160-0023","F","新宿・中野・荻窪・四谷","","","","","","","","","","","","",""
"658","新宿ワシントンホテル　本館","東京都","新宿区西新宿3-2-9","160-8336","F","新宿・中野・荻窪・四谷","","","","","","","","","","","","",""
"37906","西鉄イン新宿","東京都","新宿区西新宿７丁目23-2","160-0023","F","新宿・中野・荻窪・四谷","","","","","","","","","","","","",""
"146108","アパホテル〈新宿御苑前〉","東京都","新宿区新宿2-2-8","160-0022","F","新宿・中野・荻窪・四谷","","","","","","","","","","","","",""
"99","ホテルリステル新宿","東京都","新宿区新宿5-3-20","160-0022","F","新宿・中野・荻窪・四谷","","","","","","","","","","","","",""
"149094","アパホテル〈新宿　歌舞伎町タワー〉","東京都","新宿区歌舞伎町1丁目20-2","160-0021","F","新宿・中野・荻窪・四谷","","","","","","","","","","","","",""
"16373","ホテル　シェーナ","東京都","新宿区歌舞伎町2-22-1-3階","160-0021","F","新宿・中野・荻窪・四谷","","","","","","","","","","","","",""
"180333","アパホテル〈東新宿　歌舞伎町タワー〉","東京都","新宿区歌舞伎町2-31-12","160-0021","F","新宿・中野・荻窪・四谷","","","","","","","","","","","","",""
"56777","ＪＲ東日本ホテルメッツ高円寺","東京都","杉並区高円寺北2-5-1","166-0002","F","新宿・中野・荻窪・四谷","","","","","","","","","","","","",""
"163169","日本青年館ホテル","東京都","新宿区霞ケ丘町4-1","160-0013","F","新宿・中野・荻窪・四谷","","","","","","","","","","","","",""
"1356","小田急ホテルセンチュリーサザンタワー","東京都","渋谷区代々木2-2-1","151-8583","F","新宿・中野・荻窪・四谷","","","","","","","","","","","","",""
"108651","スマイルホテル東京阿佐ヶ谷","東京都","杉並区阿佐ヶ谷南3-37-11","166-0004","F","新宿・中野・荻窪・四谷","","","","","","","","","","","","",""
"1005","ホテルルートイン東京阿佐ヶ谷","東京都","杉並区成田東5-35-14","166-0015","F","新宿・中野・荻窪・四谷","","","","","","","","","","","","",""
"168389","ホテル京阪　東京四谷","東京都","新宿区四谷1-24","160-0004","F","新宿・中野・荻窪・四谷","","","","","","","","","","","","",""
"11230","かどやホテル＜東京都＞","東京都","新宿区西新宿1-23-1","160-0023","F","新宿・中野・荻窪・四谷","","","","","","","","","","","","",""
"184501","ＨＯＴＥＬ　ＧＲＯＯＶＥ　ＳＨＩＮＪＵＫＵ，　Ａ　ＰＡＲＫＲＯＹＡＬ　Ｈｏｔｅｌ","東京都","新宿区歌舞伎町一丁目２９番１","160-0021","F","新宿・中野・荻窪・四谷","","","","","","","","","","","","",""
"146864","ＫＯＫＯ　ＨＯＴＥＬ　新宿四谷","東京都","新宿区四谷3-14-1","160-0004","F","新宿・中野・荻窪・四谷","","","","","","","","","","","","",""
"147193","高濃度炭酸泉　演舞の湯　スーパーホテル新宿歌舞伎町","東京都","新宿区歌舞伎町2丁目39-9","160-0021","F","新宿・中野・荻窪・四谷","","","","","","","","","","","","",""
"10695","ホテル　ブーゲンビリア新宿（旧ホテル　ラ・ガール・ドゥ・ラ　ヴィー新宿）","東京都","渋谷区笹塚1-61-8","151-0073","F","新宿・中野・荻窪・四谷","","","","","","","","","","","","",""
"167606","ダイワロイネットホテル西新宿　ＰＲＥＭＩＥＲ","東京都","新宿区西新宿6-12-39","160-0023","F","新宿・中野・荻窪・四谷","","","","","","","","","","","","",""
"18449","Ｒａｋｕｔｅｎ　ＳＴＡＹ　ＵＲＢＡＮ　荻窪（旧：ホテルメルディア荻窪）","東京都","杉並区天沼3-9-3","167-0032","F","新宿・中野・荻窪・四谷","","","","","","","","","","","","",""
"168436","パールホテル新宿曙橋","東京都","新宿区住吉町9-5","162-0065","F","新宿・中野・荻窪・四谷","","","","","","","","","","","","",""
"930","京王プラザホテル","東京都","新宿区西新宿2-2-1","160-8330","F","新宿・中野・荻窪・四谷","","","","","","","","","","","","",""
"1026","ホテル　サンライト新宿","東京都","新宿区新宿5-15-8","160-0022","F","新宿・中野・荻窪・四谷","","","","","","","","","","","","",""
"41706","東急ステイ四谷","東京都","新宿区四谷2-1","160-0004","F","新宿・中野・荻窪・四谷","","","","","","","","","","","","",""
"183846","相鉄グランドフレッサ　高田馬場","東京都","新宿区高田馬場1-27-7","169-0075","F","新宿・中野・荻窪・四谷","","","","","","","","","","","","",""
"173094","三井ガーデンホテル神宮外苑の杜プレミア","東京都","新宿区霞ケ丘町11番3号","160-0013","F","新宿・中野・荻窪・四谷","","","","","","","","","","","","",""
"84559","東急ステイ西新宿","東京都","新宿区西新宿5-9-8","160-0023","F","新宿・中野・荻窪・四谷","","","","","","","","","","","","",""
"138038","アパホテル〈東新宿駅前〉","東京都","新宿区大久保1-1-48","169-0072","F","新宿・中野・荻窪・四谷","","","","","","","","","","","","",""
"31109","カプセルホテル新宿５１０","東京都","新宿区歌舞伎町2-40-1","160-0021","F","新宿・中野・荻窪・四谷","","","","","","","","","","","","",""
"53328","ホテルローズガーデン新宿","東京都","新宿区西新宿8-1-3","160-0023","F","新宿・中野・荻窪・四谷","","","","","","","","","","","","",""
"1872","新宿プリンスホテル","東京都","新宿区歌舞伎町1-30-1","160-8487","F","新宿・中野・荻窪・四谷","","","","","","","","","","","","",""
"70277","全理連　代々木の宿（旧　全理連宿泊部）","東京都","渋谷区代々木1-36-4全理連ビル7階","151-0053","F","新宿・中野・荻窪・四谷","","","","","","","","","","","","",""
"659","新宿ワシントンホテル　ＡＮＮＥＸ（別館）","東京都","新宿区西新宿3-2-9","160-8336","F","新宿・中野・荻窪・四谷","","","","","","","","","","","","",""
"106","リーガロイヤルホテル東京","東京都","新宿区戸塚町1-104-19","169-8613","F","新宿・中野・荻窪・四谷","","","","","","","","","","","","",""
"184778","ベッセルイン高田馬場駅前（新宿・池袋）","東京都","新宿区高田馬場二丁目17番4号","169-0075","F","新宿・中野・荻窪・四谷","","","","","","","","","","","","",""
"89","東京ビジネスホテル","東京都","新宿区新宿6-3-2","160-0022","F","新宿・中野・荻窪・四谷","","","","","","","","","","","","",""
"147545","アパホテル〈東新宿　歌舞伎町〉","東京都","新宿区歌舞伎町2-19-14","160-0021","F","新宿・中野・荻窪・四谷","","","","","","","","","","","","",""
"147662","安心お宿　Ｔｏｋｙｏ　Ｍａｎ　新宿駅南口店","東京都","新宿区新宿4-2-10","160-0022","F","新宿・中野・荻窪・四谷","","","","","","","","","","","","",""
"28259","ビジネスホテル　クレセント","東京都","中野区中野3-3-4","164-0001","F","新宿・中野・荻窪・四谷","","","","","","","","","","","","",""
"31810","ホテル　ブーゲンビリア曙橋","東京都","新宿区片町6-8","160-0001","F","新宿・中野・荻窪・四谷","","","","","","","","","","","","",""
"142811","ビジネスホテル新宿タウンアネクス","東京都","新宿区西新宿7-15-3","160-0023","F","新宿・中野・荻窪・四谷","","","","","","","","","","","","",""
"144994","新宿グランベルホテル","東京都","新宿区歌舞伎町2-14-5","160-0021","F","新宿・中野・荻窪・四谷","","","","","","","","","","","","",""
"182379","東急ステイ新宿イーストサイド","東京都","新宿区歌舞伎町二丁目3番24号","160-0021","F","新宿・中野・荻窪・四谷","","","","","","","","","","","","",""
"67090","ホテルアークタワー高円寺","東京都","杉並区高円寺北2-4-3","166-0002","F","新宿・中野・荻窪・四谷","","","","","","","","","","","","",""
"56749","新宿区役所前カプセルホテル","東京都","新宿区歌舞伎町1-2-5東陽ビル3F","160-0021","F","新宿・中野・荻窪・四谷","","","","","","","","","","","","",""
"72001","相鉄フレッサイン東新宿駅前","東京都","新宿区新宿7-27-9","160-0022","F","新宿・中野・荻窪・四谷","","","","","","","","","","","","",""
"178884","キンプトン新宿東京　ｂｙ　ＩＨＧ","東京都","新宿区西新宿3-4-7","160-0023","F","新宿・中野・荻窪・四谷","","","","","","","","","","","","",""
"109008","ビジネスホテル新宿タウンホテル","東京都","新宿区西新宿7-16-15","160-0023","F","新宿・中野・荻窪・四谷","","","","","","","","","","","","",""
"172880","アパホテル〈新宿　歌舞伎町中央〉","東京都","新宿区歌舞伎町2-26-5","160-0021","F","新宿・中野・荻窪・四谷","","","","","","","","","","","","",""
"858","プレミアホテル－ＣＡＢＩＮ－新宿","東京都","新宿区歌舞伎町2-40-3","160-0021","F","新宿・中野・荻窪・四谷","","","","","","","","","","","","",""
"184500","ＢＥＬＬＵＳＴＡＲ　ＴＯＫＹＯ，　Ａ　Ｐａｎ　Ｐａｃｉｆｉｃ　Ｈｏｔｅｌ","東京都","新宿区歌舞伎町一丁目２９番１","160-0021","F","新宿・中野・荻窪・四谷","","","","","","","","","","","","",""
"16477","レジデンスホテル　ウィル新宿","東京都","新宿区四谷4-25　検索の際はグーグルマップでホテル名で入力お願いします　","160-0004","F","新宿・中野・荻窪・四谷","","","","","","","","","","","","",""
"41389","新宿アーバンホテル","東京都","新宿区歌舞伎町2-8-12","160-0021","F","新宿・中野・荻窪・四谷","","","","","","","","","","","","",""
"41025","新宿ホテル　パークイン","東京都","新宿区新宿1-36-5","160-0022","F","新宿・中野・荻窪・四谷","","","","","","","","","","","","",""
"160689","アパホテル〈東新宿　歌舞伎町東〉","東京都","新宿区歌舞伎町2-17-7","160-0021","F","新宿・中野・荻窪・四谷","","","","","","","","","","","","",""
"1345","ホテルニューショーヘイ","東京都","新宿区四谷1-7-9","160-0004","F","新宿・中野・荻窪・四谷","","","","","","","","","","","","",""
"178354","ガロアホテル　新大久保","東京都","新宿区百人町2丁目４－９","169-0073","F","新宿・中野・荻窪・四谷","","","","","","","","","","","","",""
"167020","ホテルリブマックス高田馬場駅前","東京都","新宿区高田馬場4-12-5","169-0075","F","新宿・中野・荻窪・四谷","","","","","","","","","","","","",""
"172974","ラ・ジェント・ホテル新宿歌舞伎町","東京都","新宿区歌舞伎町2-40-5","160-0021","F","新宿・中野・荻窪・四谷","","","","","","","","","","","","",""
"184880","ＨＯＴＥＬ　ＴＨＥ　ＬＯＯＰ　新宿／新大久保","東京都","新宿区百人町1-2-5","169-0073","F","新宿・中野・荻窪・四谷","","","","","","","","","","","","",""
"187657","サウナセンター新大久保","東京都","新宿区百人町1-10-6","169-0073","F","新宿・中野・荻窪・四谷","","","","","","","","","","","","",""
"147436","ホテルグレイスリー新宿","東京都","新宿区歌舞伎町1-19-1","160-8466","F","新宿・中野・荻窪・四谷","","","","","","","","","","","","",""
"90","ホテルたてしな","東京都","新宿区新宿5-8-6","160-0022","F","新宿・中野・荻窪・四谷","","","","","","","","","","","","",""
"167782","ｅｔｏｅ","東京都","新宿区百人町2-20-24","169-0073","F","新宿・中野・荻窪・四谷","","","","","","","","","","","","",""
"18297","ホテルサンルートプラザ新宿","東京都","渋谷区代々木２丁目３－１","151-0053","F","新宿・中野・荻窪・四谷","","","","","","","","","","","","",""
"153603","安心お宿　Ｔｏｋｙｏ　Ｗｏｍａｎ　新宿荻窪店","東京都","杉並区上荻1-11-2","167-0043","F","新宿・中野・荻窪・四谷","","","","","","","","","","","","",""
"43928","新宿ＣＩＴＹ　ＨＯＴＥＬ　Ｎ．Ｕ．Ｔ．Ｓ東京","東京都","新宿区新宿1-16-5","160-0022","F","新宿・中野・荻窪・四谷","","","","","","","","","","","","",""
"936","旅館　栄進館","東京都","新宿区四谷坂町1-8","160-0002","F","新宿・中野・荻窪・四谷","","","","","","","","","","","","",""
"31557","景雲荘","東京都","渋谷区代々木2-4-2","151-0053","F","新宿・中野・荻窪・四谷","","","","","","","","","","","","",""
"199052","ナインアワーズ北新宿　（２０２６年６月１５日　ＧＲＡＮＤ　ＯＰＥＮ）","東京都","新宿区百人町1-4-15","169-0073","F","新宿・中野・荻窪・四谷","","","","","","","","","","","","",""
"187081","ホテルマイステイズ西新宿","東京都","新宿区西新宿7-14-14","160-0023","F","新宿・中野・荻窪・四谷","","","","","","","","","","","","",""
"1357","ハイアット　リージェンシー　東京","東京都","新宿区西新宿2-7-2","160-0023","F","新宿・中野・荻窪・四谷","","","","","","","","","","","","",""
"172968","ＨＯＴＥＬ　ＫＯＹＡＭＡ　ＳＨＩＮＪＵＫＵ","東京都","新宿区百人町2-21-10","169-0073","F","新宿・中野・荻窪・四谷","","","","","","","","","","","","",""
"179302","ルーテル市ヶ谷センター","東京都","新宿区市谷砂土原町1-1","162-0842","F","新宿・中野・荻窪・四谷","","","","","","","","","","","","",""
"225","西新宿グリーンホテル（旧：ホテルノーブル）","東京都","渋谷区幡ヶ谷2-18-1","151-0072","F","新宿・中野・荻窪・四谷","","","","","","","","","","","","",""
"108351","東横ＩＮＮ新宿歌舞伎町","東京都","新宿区歌舞伎町2-20-15","160-0021","F","新宿・中野・荻窪・四谷","","","","","","","","","","","","",""
"168662","ファーストキャビン市ヶ谷","東京都","新宿区市谷八幡町8番地　TKP市ヶ谷ビル","162-0844","F","新宿・中野・荻窪・四谷","","","","","","","","","","","","",""
"80759","住友不動産ホテル　ヴィラフォンテーヌ東京新宿","東京都","新宿区歌舞伎町2-40-9","160-0021","F","新宿・中野・荻窪・四谷","","","","","","","","","","","","",""
"181688","シティホテル甲隆閣","東京都","新宿区百人町2-23-48 ホテル甲隆閣","169-0073","F","新宿・中野・荻窪・四谷","","","","","","","","","","","","",""
"146877","ＪＲ九州ホテルブラッサム新宿","東京都","渋谷区代々木2-6-2","151-0053","F","新宿・中野・荻窪・四谷","","","","","","","","","","","","",""
"167724","ザ　ノット　東京新宿","東京都","新宿区西新宿4-31-1","160-0023","F","新宿・中野・荻窪・四谷","","","","","","","","","","","","",""
"177603","ホテルリブマックス新宿歌舞伎町明治通","東京都","新宿区歌舞伎町2丁目3番23号","160-0021","F","新宿・中野・荻窪・四谷","","","","","","","","","","","","",""
"183845","ナインアワーズウーマン新宿","東京都","新宿区新宿2-13-7","160-0022","F","新宿・中野・荻窪・四谷","","","","","","","","","","","","",""
"182751","ｐｏｄ　ｓｅｌｅｃｔ　ＨＯＴＥＬ　新宿","東京都","新宿区新宿2-12-12","160-0022","F","新宿・中野・荻窪・四谷","","","","","","","","","","","","",""
"197278","ホテル松の井　酒林","東京都","新宿区百人町1-11-32","169-0073","F","新宿・中野・荻窪・四谷","","","","","","","","","","","","",""
"166448","東横ＩＮＮ新宿御苑前駅３番出口","東京都","新宿区新宿1-17-8","160-0022","F","新宿・中野・荻窪・四谷","","","","","","","","","","","","",""
"177580","ホテルリブマックス新宿歌舞伎町","東京都","新宿区歌舞伎町2-33-3","160-0021","F","新宿・中野・荻窪・四谷","","","","","","","","","","","","",""
"187660","ＥＬＥ　Ｃａｂｉｎ　ＳｈｉｎｊｕｋｕＫａｂｕｋｉｃｈｏ","東京都","新宿区歌舞伎町2-19-3","160-0021","F","新宿・中野・荻窪・四谷","","","","","","","","","","","","",""
"178365","Ｓｔａｙ　ＳＡＫＵＲＡ　Ｔｏｋｙｏ　百蔵","東京都","新宿区百人町2-24-30","169-0073","F","新宿・中野・荻窪・四谷","","","","","","","","","","","","",""
"172840","ホテルリブマックス新宿ＥＡＳＴ","東京都","新宿区新宿６丁目２７－４９","160-0022","F","新宿・中野・荻窪・四谷","","","","","","","","","","","","",""
"130006","ヴィアイン新宿（ＪＲ西日本グループ）","東京都","新宿区新宿5丁目11番16号","160-0022","F","新宿・中野・荻窪・四谷","","","","","","","","","","","","",""
"134834","東京プラザホテル","東京都","新宿区百人町2-15-1","169-0073","F","新宿・中野・荻窪・四谷","","","","","","","","","","","","",""
"76859","シタディーン新宿","東京都","新宿区新宿1-28-13","160-0022","F","新宿・中野・荻窪・四谷","","","","","","","","","","","","",""
"17908","サクラホテル幡ヶ谷","東京都","渋谷区幡ヶ谷1-32-3","151-0072","F","新宿・中野・荻窪・四谷","","","","","","","","","","","","",""
"167230","ＢＯＯＫ　ＡＮＤ　ＢＥＤ　ＴＯＫＹＯ　ＳＨＩＮＪＵＫＵ","東京都","新宿区歌舞伎町1-27-5APMビル8階","160-0021","F","新宿・中野・荻窪・四谷","","","","","","","","","","","","",""
"172443","ＯＮＳＥＮ　ＲＹＯＫＡＮ　ＹＵＥＮ　ＳＨＩＮＪＵＫＵ","東京都","新宿区新宿5-3-18","160-0022","F","新宿・中野・荻窪・四谷","","","","","","","","","","","","",""
"51653","ホテル　松の井","東京都","新宿区百人町1-7-19","169-0073","F","新宿・中野・荻窪・四谷","","","","","","","","","","","","",""
"72086","イーホテル東新宿","東京都","新宿区歌舞伎町2-3-15","160-0021","F","新宿・中野・荻窪・四谷","","","","","","","","","","","","",""
"135990","ホテルハナビ","東京都","新宿区百人町2-8-5","169-0073","F","新宿・中野・荻窪・四谷","","","","","","","","","","","","",""
"177819","和ノ楓","東京都","新宿区新宿6-12-9","160-0022","F","新宿・中野・荻窪・四谷","","","","","","","","","","","","",""
"135981","ＨＯＴＥＬ　ＲＯＣＫＳ新宿","東京都","新宿区新宿2-10-4","160-0022","F","新宿・中野・荻窪・四谷","","","","","","","","","","","","",""
"153488","Ｂｏｏｔｈ　ＮｅｔＣａｆｅ＆Ｃａｐｓｕｌｅ","東京都","新宿区歌舞伎町1-15-5","160-0021","F","新宿・中野・荻窪・四谷","","","","","","","","","","","","",""
"199254","ＨＯＴＥＬ　みなと　新宿（２０２６／３／３１グランドオープン）","東京都","新宿区歌舞伎町2-5-8","160-0021","F","新宿・中野・荻窪・四谷","","","","","","","","","","","","",""
"168725","ビスポークホテル新宿","東京都","新宿区歌舞伎町2-2-17","160-0021","F","新宿・中野・荻窪・四谷","","","","","","","","","","","","",""
"182169","旅館　さくら城","東京都","新宿区大京町20-5","160-0015","F","新宿・中野・荻窪・四谷","","","","","","","","","","","","",""
"194990","荻窪とんぼホテル　＾","東京都","杉並区上荻1-15-12　荻窪とんぼホテル","167-0043","F","新宿・中野・荻窪・四谷","","","","","","","","","","","","",""
"166489","ゲストハウス高円寺純情ホテル　－Ｇｕｅｓｔ　Ｈｏｕｓｅ　Ｋｏｅｎｊｉ　Ｊｕｎｊｏ　Ｈｏｔｅｌ－","東京都","杉並区高円寺南4-40-20","166-0003","F","新宿・中野・荻窪・四谷","","","","","","","","","","","","",""
"1404","ヒルトン東京","東京都","新宿区西新宿6-6-2","160-0023","F","新宿・中野・荻窪・四谷","","","","","","","","","","","","",""
"177915","ＨＩＭＡＬＡＹＡ　ＣＬＯＵＤ　ＨＯＴＥＬ","東京都","渋谷区幡ヶ谷2-30-2","151-0072","F","新宿・中野・荻窪・四谷","","","","","","","","","","","","",""
"181045","Ｈｏｔｅｌ　Ｖｉｎｔａｇｅ　Ｋａｇｕｒａｚａｋａ","東京都","新宿区中里町30","162-0804","F","新宿・中野・荻窪・四谷","","","","","","","","","","","","",""
"69292","シタディーンセントラル新宿東京","東京都","新宿区歌舞伎町1-2-9","160-0021","F","新宿・中野・荻窪・四谷","","","","","","","","","","","","",""
"183538","ｙｋｓｉ　ＳＡＵＮＡ　＆　ＳＴＡＹ","東京都","新宿区西新宿7-16-2","160-0023","F","新宿・中野・荻窪・四谷","","","","","","","","","","","","",""
"181223","ＣＯＣＯＳＨＵＫＵ　中野","東京都","中野区中央4-1-21　新中野明和ビル2-3Ｆ","164-0011","F","新宿・中野・荻窪・四谷","","","","","","","","","","","","",""
"149368","ＩＭＡＮＯ　ＴＯＫＹＯ　ＨＯＳＴＥＬ","東京都","新宿区新宿5-12-2","160-0022","F","新宿・中野・荻窪・四谷","","","","","","","","","","","","",""
"153562","ＵＮＰＬＡＮ　ｋａｇｕｒａｚａｋａ","東京都","新宿区天神町23-1","162-0808","F","新宿・中野・荻窪・四谷","","","","","","","","","","","","",""
"180367","ＢＥＳＴ　ＨＯＴＥＬ","東京都","新宿区百人町1-2-3","169-0073","F","新宿・中野・荻窪・四谷","","","","","","","","","","","","",""
"182329","ルアナ渋谷","東京都","渋谷区幡ヶ谷3-8-11","151-0072","F","新宿・中野・荻窪・四谷","","","","","","","","","","","","",""
"177543","ホテルパセラリビング","東京都","新宿区新宿6-29-2","160-0022","F","新宿・中野・荻窪・四谷","","","","","","","","","","","","",""
"167870","Ｔｈｅ　ＧＬＯＢＡＬ　ＨＯＴＥＬ　ＴＯＫＹＯ","東京都","新宿区百人町1-8-17","169-0073","F","新宿・中野・荻窪・四谷","","","","","","","","","","","","",""
"165056","ｂｍｊ　Ｓｈｉｎｊｕｋｕ　Ｏｋｕｂｏ","東京都","新宿区百人町2-22-2","169-0073","F","新宿・中野・荻窪・四谷","","","","","","","","","","","","",""
"194932","日の出神楽坂駅前ホテル　＾","東京都","新宿区神楽坂6-38　神楽坂ビル1，2，3，6Ｆ","162-0825","F","新宿・中野・荻窪・四谷","","","","","","","","","","","","",""
"173073","ＫＡＲＩＯ笹塚","東京都","渋谷区笹塚1-56-7","151-0073","F","新宿・中野・荻窪・四谷","","","","","","","","","","","","",""
"153463","Ｈｏｔｅｌ＆Ｃｏ．　Ｓａｇａｍｉ","東京都","新宿区新宿4-4-18","160-0022","F","新宿・中野・荻窪・四谷","","","","","","","","","","","","",""
"149021","ソフィアスホステル","東京都","新宿区大久保1-7-26　1F","169-0072","F","新宿・中野・荻窪・四谷","","","","","","","","","","","","",""
"180358","Ｌａｆｆｉｔｔｅ","東京都","中野区東中野4-27-32","164-0003","F","新宿・中野・荻窪・四谷","","","","","","","","","","","","",""
"179776","東京新宿亭ホテル　Ａｓａｈｉ　ｇｒｏｕｐ","東京都","新宿区西新宿4-18-6","160-0023","F","新宿・中野・荻窪・四谷","","","","","","","","","","","","",""
"180136","ＣＯＣＯＳＨＵＫＵ　新宿花園","東京都","新宿区新宿1-32-11","160-0022","F","新宿・中野・荻窪・四谷","","","","","","","","","","","","",""
"184113","グランディオーソ中野富士見町","東京都","中野区弥生町5-11-22","164-0013","F","新宿・中野・荻窪・四谷","","","","","","","","","","","","",""
"186782","ロードス神楽坂ホテル　＾","東京都","新宿区細工町1-17　ロードス神楽坂","162-0838","F","新宿・中野・荻窪・四谷","","","","","","","","","","","","",""
"196575","ＯＭＡＴＳＵＲＩ　ＢＡＳＥ　Ｎａｋａｎｏｓｈｉｍｂａｓｈｉ","東京都","中野区弥生町2-25-10","164-0013","F","新宿・中野・荻窪・四谷","","","","","","","","","","","","",""
"176587","Ｂｏｏｋ　Ｔｅａ　Ｂｅｄ　ＳＨＩＮＪＵＫＵ－ＧＹＯＥＮ","東京都","新宿区新宿1-12-8","160-0022","F","新宿・中野・荻窪・四谷","","","","","","","","","","","","",""
"187076","ＳＬＥＥＰＬＡＢ　ＴＨＥ　ＳＴＡＹ　西新宿","東京都","中野区弥生3-1-16 The Baron 302号室","164-0013","F","新宿・中野・荻窪・四谷","","","","","","","","","","","","",""
"180424","ＡＰＡＲＴＭＥＮＴ　ＨＯＴＥＬ　ＳＨＩＮＪＵＫＵ（アパートメントホテル　シンジュク）","東京都","新宿区新宿4-4-10","160-0022","F","新宿・中野・荻窪・四谷","","","","","","","","","","","","",""
"191855","ＬＵＡＮＡ　ホテル　ｉｎ　高円寺","東京都","杉並区高円寺南4-4-12　高円寺エムズビル","166-0003","F","新宿・中野・荻窪・四谷","","","","","","","","","","","","",""
"198344","ｉｌｌｉ　Ｎｕｔｏ　Ｓｈｉｎｊｕｋｕ","東京都","新宿区新宿5-11－2 フィル・パーク新宿三番街II 2F-5F","160-0022","F","新宿・中野・荻窪・四谷","","","","","","","","","","","","",""
"197547","中野ファイブ","東京都","中野区中野5-35-14","164-0001","F","新宿・中野・荻窪・四谷","","","","","","","","","","","","",""
"184606","ＡＲＴ　ＨＯＴＥＬＳ　ＳＨＩＢＵＹＡ","東京都","渋谷区本町2-4-4","151-0071","F","新宿・中野・荻窪・四谷","","","","","","","","","","","","",""
"168371","サクラクロスホテル新宿東","東京都","新宿区新宿7-11-3","160-0022","F","新宿・中野・荻窪・四谷","","","","","","","","","","","","",""
"181529","玄の家","東京都","新宿区愛住町4-3　玄の家1号部屋","160-0005","F","新宿・中野・荻窪・四谷","","","","","","","","","","","","",""
"192882","ＳＬＥＥＰＬＡＢ　ＴＨＥ　ＳＴＡＹ　Ｃａｓｕａｌ　西新宿","東京都","中野区弥生町4-6-14","164-0013","F","新宿・中野・荻窪・四谷","","","","","","","","","","","","",""
"185708","ＪＩＮＧ　ＨＯＵＳＥ渋谷ダブルベッド／新宿・渋谷駅近／民泊","東京都","渋谷区幡ケ谷1-20-1　シティーパル（旧高根ハイツ）103","151-0072","F","新宿・中野・荻窪・四谷","","","","","","","","","","","","",""
"193490","ＬＵＡＮＡホテル　新中野駅前","東京都","中野区本町4-46-9加藤マンション","164-0012","F","新宿・中野・荻窪・四谷","","","","","","","","","","","","",""
"196206","ＨＯＴＥＬ　ＬＵＡＮＡ　ｉｎ　錦","東京都","中野区中央5-15-4　錦ビル","164-0011","F","新宿・中野・荻窪・四谷","","","","","","","","","","","","",""
"168747","ＵＮＰＬＡＮ　Ｓｈｉｎｊｕｋｕ","東京都","新宿区新宿５丁目３－１５","160-0022","F","新宿・中野・荻窪・四谷","","","","","","","","","","","","",""
"187077","ＳＬＥＥＰＬＡＢ　ＴＨＥ　ＳＴＡＹ　西新宿Ａｎｎｅｘ","東京都","中野区南台1-5-8 エミリオ西新宿401","164-0014","F","新宿・中野・荻窪・四谷","","","","","","","","","","","","",""
"180361","ラフィット東京ＷＥＳＴ","東京都","杉並区西荻南3-5-2","167-0053","F","新宿・中野・荻窪・四谷","","","","","","","","","","","","",""
"171874","ＳＴＵＤＩＯ　ＩＮＮ　西新宿","東京都","新宿区西新宿4-38-12","160-0023","F","新宿・中野・荻窪・四谷","","","","","","","","","","","","",""
"173090","Ｅｎｚｏ　ＴＯＫＹＯ　Ａ","東京都","杉並区上井草1-32-10","167-0023","F","新宿・中野・荻窪・四谷","","","","","","","","","","","","",""
"190542","ＳＬＥＥＰＬＡＢ　ＴＨＥ　ＳＴＡＹ　Ｃａｓｕａｌ　新宿／民泊","東京都","新宿区新宿6-24-1　スワンレイクイン新宿　　501号室","160-0022","F","新宿・中野・荻窪・四谷","","","","","","","","","","","","",""
"184910","Ｈｏｔｅｌ　ＱＵＥＥＮ　ＡＮＮＥＸ","東京都","新宿区新宿2-10-6","160-0022","F","新宿・中野・荻窪・四谷","","","","","","","","","","","","",""
"190572","新宿ニッカホテル　＾","東京都","新宿区西新宿7-9-7　ニッカビル1Ｆ","160-0023","F","新宿・中野・荻窪・四谷","","","","","","","","","","","","",""
"177713","ＬＵＡＮＡホテルｉｎ中野","東京都","中野区中野5-32-21","164-0001","F","新宿・中野・荻窪・四谷","","","","","","","","","","","","",""
"197550","旅館「禅」阿佐ヶ谷","東京都","杉並区阿佐ヶ谷北 2-3-4","166-0001","F","新宿・中野・荻窪・四谷","","","","","","","","","","","","",""
"189231","Ｍ／Ｗ　ＨＯＴＥＬ","東京都","新宿区四谷4-27-3","160-0004","F","新宿・中野・荻窪・四谷","","","","","","","","","","","","",""
"170412","Ｃｅｎｔｒａｌ　Ｆｉｅｌｄ　＾","東京都","中野区本町6-21-16　Ｃｅｎｔｒａｌ　Ｆｉｅｌｄ","164-0012","F","新宿・中野・荻窪・四谷","","","","","","","","","","","","",""
"184865","ホテルアマネク新宿歌舞伎町","東京都","新宿区歌舞伎町2-24-10","160-0021","F","新宿・中野・荻窪・四谷","","","","","","","","","","","","",""
"190900","ホテルグランフォート　＾","東京都","新宿区百人町1-10-12　ホテルグランフォート","169-0073","F","新宿・中野・荻窪・四谷","","","","","","","","","","","","",""
"185252","Ｔｏｐ　Ｅｄｇｅ　Ｈｏｓｔｅｌ　＾","東京都","杉並区高円寺南2-21-7　Ｔｏｐ　Ｅｄｇｅ　Ｈｏｓｔｅｌ","166-0003","F","新宿・中野・荻窪・四谷","","","","","","","","","","","","",""
"200018","ＵＲＢＡＮ　ＨＯＵＳＥ　ＫＯＥＮＪＩ　＾","東京都","中野区大和町1-14-4","165-0034","F","新宿・中野・荻窪・四谷","","","","","","","","","","","","",""
"182298","神楽坂レトロなＢＡＲとホテル","東京都","新宿区神楽坂4-1-3","162-0825","F","新宿・中野・荻窪・四谷","","","","","","","","","","","","",""
"197561","リオグランデ西新宿","東京都","中野区弥生町3-32-2","164-0013","F","新宿・中野・荻窪・四谷","","","","","","","","","","","","",""
"195538","Ｎａｎｏ上落合／民泊","東京都","新宿区上落合3-3-6　Nano上落合 106,302,105,212","161-0034","F","新宿・中野・荻窪・四谷","","","","","","","","","","","","",""
"190896","Ｄ旅館　歌舞伎町／民泊","東京都","新宿区歌舞伎町2-19-12　レジデンシャルステージ東新宿　204号室","160-0021","F","新宿・中野・荻窪・四谷","","","","","","","","","","","","",""
"199064","Ｚｅｎｉｔｈ　Ｓｈｉｎｊｕｋｕ　檜　Ｂ棟","東京都","新宿区上落合3-30-6","161-0034","F","新宿・中野・荻窪・四谷","","","","","","","","","","","","",""
"166942","ぷれぜんと","東京都","杉並区永福2-50-18","168-0064","F","新宿・中野・荻窪・四谷","","","","","","","","","","","","",""
"180461","Ｎａｎｏ　北新宿","東京都","新宿区北新宿1-12-5","169-0074","F","新宿・中野・荻窪・四谷","","","","","","","","","","","","",""
"191158","ＳＬＥＥＰＬＡＢ　ＴＨＥ　ＳＴＡＹ　Ｃａｓｕａｌ　新宿ＩＩ　＾","東京都","新宿区北新宿4-34-16　アヴィニティー東中野　1Ｆ","169-0074","F","新宿・中野・荻窪・四谷","","","","","","","","","","","","",""
"200235","ＪＩＭＡ　ｈｏｕｓｅ、高円寺／民泊","東京都","中野区大和町1-9-1","165-0034","F","新宿・中野・荻窪・四谷","","","","","","","","","","","","",""
"190061","Ｓｔａｇｅ　ＹＯＵ／民泊","東京都","世田谷区松原3-7-6","156-0043","F","新宿・中野・荻窪・四谷","","","","","","","","","","","","",""
"197556","スタイルウッド西新宿","東京都","渋谷区本町2-26-15","151-0071","F","新宿・中野・荻窪・四谷","","","","","","","","","","","","",""
"197562","Ｚｅｎｉｔｈ　ｓｈｉｎｊｕｋｕ　檜","東京都","新宿区上落合3-30-4","160-0034","F","新宿・中野・荻窪・四谷","","","","","","","","","","","","",""
"197678","Ｍａｒｉｎｅ　Ｃｏｖｅ　初台","東京都","渋谷区本町2-15-1","151-0071","F","新宿・中野・荻窪・四谷","","","","","","","","","","","","",""
"197524","Ｃｈｉｌｌ　Ｉｎｎ　方南","東京都","杉並区方南1-26-5","168-0062","F","新宿・中野・荻窪・四谷","","","","","","","","","","","","",""
"197544","コンバーテル代田","東京都","世田谷区代田3-58-12","155-0033","F","新宿・中野・荻窪・四谷","","","","","","","","","","","","",""
"181646","サクラクロスホテル新宿東アネックス","東京都","新宿区新宿6-23-11","160-0022","F","新宿・中野・荻窪・四谷","","","","","","","","","","","","",""
"195143","ベルシャート上北沢／民泊","東京都","世田谷区上北沢4-15-7　ベルシャトー上北沢","156-0057","F","新宿・中野・荻窪・四谷","","","","","","","","","","","","",""
"189389","Ｍｉｎｉ　Ｈｏｔｅｌ　Ｓｈｉｎｊｕｋｕ　Ｆｒｏｎｔ　＾","東京都","中野区本町3-33-8　Ｍｉｎｉ　Ｈｏｔｅｌ　Ｓｈｉｎｊｕｋｕ　Ｆｒｏｎｔ","164-0012","F","新宿・中野・荻窪・四谷","","","","","","","","","","","","",""
"199063","Ｚｅｎｉｔｈ　Ｓｈｉｎｊｕｋｕ　檜　Ａ棟","東京都","新宿区上落合3-30-5","161-0034","F","新宿・中野・荻窪・四谷","","","","","","","","","","","","",""
"195020","椿／民泊","東京都","渋谷区本町6-15-18　Ｔｓｕｂａｋｉ","151-0071","F","新宿・中野・荻窪・四谷","","","","","","","","","","","","",""
"197548","ＬＩＶＩＯＮ　Ｖ　幡ヶ谷","東京都","渋谷区幡ケ谷3-18-5","151-0072","F","新宿・中野・荻窪・四谷","","","","","","","","","","","","",""
"197560","フラットＫ　プラム　梅ヶ丘","東京都","世田谷区梅丘1-16-5","154-0022","F","新宿・中野・荻窪・四谷","","","","","","","","","","","","",""
"185314","渋谷吉祥寺直通「高井戸」駅徒歩５分　東京の山小屋ホテル「ＨＡＣＯＣＯ」　＾","東京都","杉並区高井戸西2-18-25エイトビートビル4Ｆ　エイトビートビル","168-0071","F","新宿・中野・荻窪・四谷","","","","","","","","","","","","",""
"200427","Ｒｏｏｔ　Ｂｕｉｌｄｉｎｇ　＾","東京都","世田谷区松原5-3-15　Ｒｏｏｔ　Ｂｕｉｌｄｉｎｇ","156-0043","F","新宿・中野・荻窪・四谷","","","","","","","","","","","","",""
"195065","フラワーハウス／民泊","東京都","渋谷区幡ヶ谷3-25-5","151-0072","F","新宿・中野・荻窪・四谷","","","","","","","","","","","","",""
"186077","ＳＬＥＥＰＬＡＢ　ＴＨＥ　ＳＴＡＹ　西新宿　＾","東京都","中野区弥生町3-1-16　Ｔｈｅ　Ｂａｒｏｎ3116　302号室　ＳＬＥＥＰＬＡＢ　ＴＨＥ　ＳＴＡＹ　Ｎｉｓｈｉ-Ｓｈｉｎｊｕｋｕ","164-0013","F","新宿・中野・荻窪・四谷","","","","","","","","","","","","",""
"169375","Ｕｒｂａｎ　Ｓｔａｙ　Ｓｈｉｎｊｕｋｕ　Ｅａｓｔ　＾","東京都","新宿区大久保二-11--21号　ＵＲＢＡＮ　ＳＴＡＹ　ＳＨＩＮＪＵＫＵ　ＥＡＳＴ","169-0072","F","新宿・中野・荻窪・四谷","","","","","","","","","","","","",""
"197549","Ａｃｏｕｓｔｉｃ　ＧＡＲＡＧＥ","東京都","新宿区納戸町15","162-0837","F","新宿・中野・荻窪・四谷","","","","","","","","","","","","",""
"170742","ＲＩＫＩ．ＦＬＡＴ　＾","東京都","新宿区若葉2-2-1　ＲＩＫＩ．ＦＬＡＴ","160-0011","F","新宿・中野・荻窪・四谷","","","","","","","","","","","","",""
"190644","平成マンション／民泊","東京都","新宿区大久保1-9-24　平成マンション","169-0072","F","新宿・中野・荻窪・四谷","","","","","","","","","","","","",""
"171768","ｃａｓａ　ｈａｎａ　＾","東京都","渋谷区幡ケ谷1-4-1　花ビル　カーサ・ハナ","151-0072","F","新宿・中野・荻窪・四谷","","","","","","","","","","","","",""
"199771","ミックハウス新宿　国立競技場、東京ドーム、ディズニー便利　＾","東京都","新宿区西落合1-17-8","161-0031","F","新宿・中野・荻窪・四谷","","","","","","","","","","","","",""
"197537","Ｖｉｃｔｏｒｉａ下北沢","東京都","世田谷区北沢2-26-3","155-0031","F","新宿・中野・荻窪・四谷","","","","","","","","","","","","",""
"197546","エブリネット新宿","東京都","新宿区新宿5-11-26","160-0022","F","新宿・中野・荻窪・四谷","","","","","","","","","","","","",""
"172136","将ハウス","東京都","渋谷区代々木1-43-2","151-0053","F","新宿・中野・荻窪・四谷","","","","","","","","","","","","",""
"179296","ｂｍｊ　Ｈｙａｋｕｎｉｎｃｈｏ","東京都","新宿区百人町2-11-12","169-0073","F","新宿・中野・荻窪・四谷","","","","","","","","","","","","",""
"194804","ＲＨＫゲストハウス／民泊","東京都","杉並区成田東1-8-9　ハイツ大宮","166-0015","F","新宿・中野・荻窪・四谷","","","","","","","","","","","","",""
"200380","ＬＥＩＳＵＲＥ　ＨＯＴＥＬ　＾","東京都","中野区中央4-61-2","164-0011","F","新宿・中野・荻窪・四谷","","","","","","","","","","","","",""
"194984","Ｅｄｅｎ　Ｈｏｕｓｅ／民泊","東京都","中野区鷺宮3-6-2　Ｅｄｅｎ　Ｈｏｕｓｅ","165-0032","F","新宿・中野・荻窪・四谷","","","","","","","","","","","","",""
"200488","高円寺駅より徒歩３分のホステル（ＢＥＤ＆ＢＡＲ　ＭＩＤＵＫＩ）　＾","東京都","杉並区高円寺北3-3-14","166-0002","F","新宿・中野・荻窪・四谷","","","","","","","","","","","","",""
"193871","岡田ビル５Ｆ／民泊","東京都","新宿区西新宿7-5-12　岡田ビル","160-0023","F","新宿・中野・荻窪・四谷","","","","","","","","","","","","",""
"170197","最大７名！渋谷・新宿すぐ！代田橋駅より徒歩５分！ｗｏｎｄｅｒｆｕｌ　ｓｔａｙＴＯＫＹＯ！　＾","東京都","世田谷区松原1-58-14　ｗｏｎｄｅｒｆｕｌ　ｓｔａｙＴＯＫＹＯ　代田橋","156-0043","F","新宿・中野・荻窪・四谷","","","","","","","","","","","","",""
"190641","代々木ニューフラッツ／民泊","東京都","渋谷区代々木1-4-1　代々木ニューフラッツ","151-0053","F","新宿・中野・荻窪・四谷","","","","","","","","","","","","",""
"194013","高円寺中野ＶＩＬＬＡ　＾","東京都","杉並区堀ノ内3-52-12　Ｋｏｅｎｊｉ　Ｎａｋａｎｏ　ＶＩＬＬＡ","166-0013","F","新宿・中野・荻窪・四谷","","","","","","","","","","","","",""
"190104","Ｃｏｏｌ　ｓｙｏｗａ　ｒｅｔｒｏ　ｓｔｙｌｅ　ＭＡＮＧＡ＆ＡＮＩＭＥ　Ａｐｔ　ＳＩＮＪＵＫＵ　／民泊","東京都","新宿区百人町1-2-9　尚美ビル2　208","169-0073","F","新宿・中野・荻窪・四谷","","","","","","","","","","","","",""
"195249","松が丘１丁目　＾","東京都","中野区松が丘1-26-9　松が丘ハウス","165-0024","F","新宿・中野・荻窪・四谷","","","","","","","","","","","","",""
"171502","グラシアス渋谷本町　＾","東京都","渋谷区本町4-10-2　Ｇｒａｃｉａｓ　Ｓｈｉｂｕｙａ　Ｈｏｎｍａｃｈｉ","151-0071","F","新宿・中野・荻窪・四谷","","","","","","","","","","","","",""
"197535","ＭＡＴＳＵＢＡＲＡ　ＩＮＮ","東京都","世田谷区松原5-27-3","156-0043","F","新宿・中野・荻窪・四谷","","","","","","","","","","","","",""
"190863","ＬＶＢ東新宿／民泊","東京都","新宿区大久保1-1-11　コントワール新宿411","169-0072","F","新宿・中野・荻窪・四谷","","","","","","","","","","","","",""
"189927","岡田ビル４Ｆ／民泊","東京都","新宿区西新宿7-5-12　岡田ビル","160-0023","F","新宿・中野・荻窪・四谷","","","","","","","","","","","","",""
"199909","ＮＥＩＪＵ　Ａｐａｒｔｍｅｎｔ　Ｈｏｔｅｌ　＾","東京都","中野区本町5-29-1 ＮＥＩＪＵ　Ａｐａｒｔｍｅｎｔ　Ｈｏｔｅｌ","164-0012","F","新宿・中野・荻窪・四谷","","","","","","","","","","","","",""
"180744","ｉｌｌｉ　Ｎａｋａｎｏ","東京都","中野区新井1-9-4　Ｓ－ｆｉｔビル7、8F","165-0026","F","新宿・中野・荻窪・四谷","","","","","","","","","","","","",""
"190639","代々木フラッツ／民泊","東京都","渋谷区代々木1-4-1　代々木フラッツ","151-0053","F","新宿・中野・荻窪・四谷","","","","","","","","","","","","",""
"191006","ＵＲＢＡＮ　ＨＯＵＳＥ　ＨＡＴＡＧＡＹＡ　＾","東京都","中野区南台2-31-8　ＵＲＢＡＮ　ＨＯＵＳＥ　ＨＡＴＡＧＡＹＡ","164-0014","F","新宿・中野・荻窪・四谷","","","","","","","","","","","","",""
"191007","ＵＲＢＡＮ　ＨＯＵＳＥ　ＮＡＫＡＮＯ　＾","東京都","中野区弥生町5-8-14　ＵＲＢＡＮ　ＨＯＵＳＥ　ＮＡＫＡＮＯ","164-0013","F","新宿・中野・荻窪・四谷","","","","","","","","","","","","",""
"171265","新宿坂上ハウス／民泊","東京都","中野区本町2-28-14　Ｓｈｉｎｊｕｋｕ　Ｗａｎｔｏ　Ｈｏｕｓｅ","164-0012","F","新宿・中野・荻窪・四谷","","","","","","","","","","","","",""
"193900","Ｓｈｉｎｊｕｋｕ　Ｎａｋａｉ　Ｈｏｕｓｅ　＾","東京都","新宿区中井1-4-3　Ｓｈｉｎｊｕｋｕ　Ｎａｋａｉ　Ｈｏｕｓｅ","161-0035","F","新宿・中野・荻窪・四谷","","","","","","","","","","","","",""
"175486","Ｒ－ＩＮＮ　　ＡＲＡＩＹＡＫＵＳＨＩＭＡＥ　＾","東京都","中野区上高田 三-40-8号","164-0002","F","新宿・中野・荻窪・四谷","","","","","","","","","","","","",""
"200220","Ｎｉｃｅ　Ｐａｄ　＾","東京都","世田谷区大原2-27-3　２Ｆ","156-0041","F","新宿・中野・荻窪・四谷","","","","","","","","","","","","",""
"176798","ＨＯＴＥＬ　ＣＥＮ","東京都","新宿区百人町1-5-19","169-0073","F","新宿・中野・荻窪・四谷","","","","","","","","","","","","",""
"195650","シャトレー代々木／民泊","東京都","渋谷区代々木1-10-7","151-0053","F","新宿・中野・荻窪・四谷","","","","","","","","","","","","",""
"194019","雀色・方南／民泊","東京都","杉並区堀ノ内2-15-2　リバティーコーポ102","166-0013","F","新宿・中野・荻窪・四谷","","","","","","","","","","","","",""
"189422","七宝マンション　＾","東京都","杉並区西荻北3-25-1　七宝マンション402号室","167-0042","F","新宿・中野・荻窪・四谷","","","","","","","","","","","","",""
"194564","メゾン柏木／民泊","東京都","新宿区北新宿1-31-14　メゾン柏木","169-0074","F","新宿・中野・荻窪・四谷","","","","","","","","","","","","",""
"193962","サンモールクレスト３０６／民泊","東京都","新宿区新宿1-19-10　サンモールクレスト","160-0022","F","新宿・中野・荻窪・四谷","","","","","","","","","","","","",""
"181373","Ｈｏｔｅｌ　ＥＬ　Ｓｈｉｎｊｕｋｕ　６","東京都","新宿区西新宿4-37-16","169-0072","F","新宿・中野・荻窪・四谷","","","","","","","","","","","","",""
"189587","サンモールクレスト６０７／民泊","東京都","新宿区新宿1-19-10　サンモールクレスト６0７","160-0022","F","新宿・中野・荻窪・四谷","","","","","","","","","","","","",""
"189392","新宿シティハウス　Ｓｈｉｎｊｕｋｕ　Ｃｉｔｙ　Ｈｏｕｓｅ／民泊","東京都","渋谷区代々木1-44-5　新宿シティハウス","151-0053","F","新宿・中野・荻窪・四谷","","","","","","","","","","","","",""
"200221","Ｇａｒｄｅｎ　Ｈｏｕｓｅ　＾","東京都","世田谷区大原2-27-3　ＧＡＲＤＥＮ　ＨＯＵＳＥ","156-0041","F","新宿・中野・荻窪・四谷","","","","","","","","","","","","",""
"169857","ＭＵＳＡＳＨＩ　Ｃｏｎｄｏ　Ｓｈｉｎｊｕｋｕ　＾","東京都","新宿区大久保1-5-4　634　Ｃｏｎｄｏ　Ｓｈｉｎｊｕｋｕ","169-0072","F","新宿・中野・荻窪・四谷","","","","","","","","","","","","",""
"187965","ＨＯＴＥＬ　ＫＡＢＵＫＩ","東京都","新宿区歌舞伎町1-16-9","160-0021","F","新宿・中野・荻窪・四谷","","","","","","","","","","","","",""
"195509","ＲＥＣＯ　早稲田／民泊","東京都","新宿区早稲田町83-15　Reco早稲田","162-0042","F","新宿・中野・荻窪・四谷","","","","","","","","","","","","",""
"186874","プリネッツ新宿ビル４Ｆ／民泊","東京都","新宿区西新宿7-18-12　プリネッツ新宿ビル","160-0023","F","新宿・中野・荻窪・四谷","","","","","","","",""170213,Ｒａｋｕｔｅｎ　ＳＴＡＹ　東京浅草,東京都,墨田区吾妻橋2-16-6,130-0001,I,上野・浅草・錦糸町・新小岩・北千住
111251,ホテル観月荘　上野,東京都,台東区上野2-14-28,110-0005,I,上野・浅草・錦糸町・新小岩・北千住
166275,ホテルトレンド浅草ＡＮＮＥＸ,東京都,台東区浅草1-12-7,111-0032,I,上野・浅草・錦糸町・新小岩・北千住
177072,ホテルブリリオ浅草橋,東京都,台東区柳橋2-16-16,111-0052,I,上野・浅草・錦糸町・新小岩・北千住
28096,ホテルマイステイズ浅草,東京都,墨田区本所1-21-11,130-0004,I,上野・浅草・錦糸町・新小岩・北千住
163073,相鉄フレッサイン　上野御徒町,東京都,台東区上野1-20-8,110-0005,I,上野・浅草・錦糸町・新小岩・北千住
18248,ビジネスホテル福千,東京都,荒川区南千住5-33-19,116-0003,I,上野・浅草・錦糸町・新小岩・北千住
15007,ホテル柳橋,東京都,台東区柳橋1-3-12,111-0052,I,上野・浅草・錦糸町・新小岩・北千住
52125,サウナ&カプセルホテルニュー小岩３１０,東京都,江戸川区西小岩1-19-24,133-0057,I,上野・浅草・錦糸町・新小岩・北千住
80757,住友不動産ホテル　ヴィラフォンテーヌ東京上野御徒町,東京都,台東区小島2-4-4,111-0056,I,上野・浅草・錦糸町・新小岩・北千住
4958,ビジネスホテル矢野,東京都,江東区森下3-7-7,135-0004,I,上野・浅草・錦糸町・新小岩・北千住
172209,Ｈｏｔｅｌ　Ｃｏｍｆａｃｔ,東京都,台東区下谷1-3-11,110-0004,I,上野・浅草・錦糸町・新小岩・北千住
162860,ＯＮＥ＠Ｔｏｋｙｏ　ｂｙ　ｉｎｓｏｍｎｉａ,東京都,墨田区押上1-19-3,131-0045,I,上野・浅草・錦糸町・新小岩・北千住
173211,東京ＳＡ旅館,東京都,台東区清川2-15-11,111-0022,I,上野・浅草・錦糸町・新小岩・北千住
151373,ＭｙＣＵＢＥ　ｂｙ　ＭＹＳＴＡＹＳ浅草蔵前（マイキューブバイマイステイズ）,東京都,台東区蔵前2-6-7,111-0051,I,上野・浅草・錦糸町・新小岩・北千住
179075,浅草東武ホテル,東京都,台東区浅草1-1-15,111-0032,I,上野・浅草・錦糸町・新小岩・北千住
166409,ＨＯＴＥＬ　ＥＭＩＴ　ＵＥＮＯ（ホテルエミット上野）,東京都,台東区東上野4-1-1,110-0015,I,上野・浅草・錦糸町・新小岩・北千住
179102,トーセイホテルココネ上野御徒町,東京都,台東区上野3-23-9,110-0005,I,上野・浅草・錦糸町・新小岩・北千住
192794,カプセルホテル鈴森屋,東京都,墨田区江東橋4-6-5,130-0022,I,上野・浅草・錦糸町・新小岩・北千住
1462,リフレフォーラム,東京都,江東区大島7-37,1360072,I,上野・浅草・錦糸町・新小岩・北千住
134909,ビジネスホテル元春,東京都,墨田区錦糸2-4-11,130-0013,I,上野・浅草・錦糸町・新小岩・北千住
188708,Ｈｏｔｅｌ　Ｐｒｅｌｅ　ホテルプレール,東京都,台東区松が谷3-10-8,111-0036,I,上野・浅草・錦糸町・新小岩・北千住
158597,ＫＯＫＯ　ＨＯＴＥＬ　浅草駒形,東京都,台東区駒形2-7-5,111-0043,I,上野・浅草・錦糸町・新小岩・北千住
163090,サクラホテル日暮里,東京都,文京区千駄木3-43-15,113-0022,I,上野・浅草・錦糸町・新小岩・北千住
137351,サウナカプセルホテル　コア２１,東京都,江戸川区船堀１丁目７－９,134-0091,I,上野・浅草・錦糸町・新小岩・北千住
28559,ホテルマイステイズ上野稲荷町,東京都,台東区松ヶ谷1-5-7,111-0036,I,上野・浅草・錦糸町・新小岩・北千住
178663,ザ・ツーリストホテル＆カフェ秋葉原,東京都,台東区台東1-6-6,110-0016,I,上野・浅草・錦糸町・新小岩・北千住
167967,ホテル庵浅草,東京都,台東区西浅草2-10-6,111-0035,I,上野・浅草・錦糸町・新小岩・北千住
184995,マーベラス小岩　＾,東京都,江戸川区南小岩8-14-12　マーベラス小岩,133-0056,I,上野・浅草・錦糸町・新小岩・北千住
187274,ＴＨＥ　ｓｋＭ　ＴＯＫＹＯ　ＨＯＴＥＬ＆ＤＩＮＩＮＧ,東京都,墨田区江東橋4-25-5,130-0022,I,上野・浅草・錦糸町・新小岩・北千住
196580,黄金湯　お宿,東京都,墨田区太平4-14-6,130-0012,I,上野・浅草・錦糸町・新小岩・北千住
73903,ＷＥＢホテル東京浅草橋,東京都,台東区柳橋1-30-3,111-0052,I,上野・浅草・錦糸町・新小岩・北千住
151416,ホテルリブマックス浅草スカイフロント,東京都,墨田区業平1-10-4,130-0002,I,上野・浅草・錦糸町・新小岩・北千住
147026,フォーポイント　フレックス　ｂｙ　シェラトン　東京上野,東京都,台東区上野7-12-9,110-0005,I,上野・浅草・錦糸町・新小岩・北千住
129375,東横ＩＮＮ上野田原町駅,東京都,台東区寿３－１９－５,111-0042,I,上野・浅草・錦糸町・新小岩・北千住
181987,Ｍｉｎｎ秋葉原,東京都,台東区台東1-22-3,110-0016,I,上野・浅草・錦糸町・新小岩・北千住
181673,ＴＨＥ　ＬＩＧＨＴ　ＩＮＮ（ザ　ライト　イン）,東京都,荒川区東尾久1-34-6,116-0012,I,上野・浅草・錦糸町・新小岩・北千住
74548,ホテル　ひかり,東京都,台東区千束４丁目１３－５,111-0031,I,上野・浅草・錦糸町・新小岩・北千住
191995,Ｂ／Ｃ　ＡＰＡＲＴＭＥＮＴ　浅草花園通　レンタカー／サウナ付きホテル,東京都,台東区浅草5-32-3,111-0032,I,上野・浅草・錦糸町・新小岩・北千住
179635,ＣＯＣＯＳＨＵＫＵ　浅草蔵前,東京都,台東区蔵前4-3-5,111-0051,I,上野・浅草・錦糸町・新小岩・北千住
194938,みかみ浅草橋ホテル　＾,東京都,台東区浅草橋1-10-10　ティーラビル1～6階,111-0053,I,上野・浅草・錦糸町・新小岩・北千住
187225,ｆａｖ　東京両国,東京都,墨田区両国1-9-10,130-0026,I,上野・浅草・錦糸町・新小岩・北千住
167560,ホテルリブマックス浅草橋駅北口,東京都,台東区柳橋2-7-2,111-0052,I,上野・浅草・錦糸町・新小岩・北千住
176793,ＫＩＮ　ＨＯＴＥＬ,東京都,台東区松が谷2-3-2,111-0036,I,上野・浅草・錦糸町・新小岩・北千住
188307,ホテルプラスホステル東京浅草２,東京都,台東区花川戸1-7-10,111-0033,I,上野・浅草・錦糸町・新小岩・北千住
181669,浅草雷門　竹乃宿,東京都,台東区雷門1-11-2,111-0034,I,上野・浅草・錦糸町・新小岩・北千住
167156,ランドーレジデンス東京スイーツ,東京都,荒川区荒川4-37-1,116-0002,I,上野・浅草・錦糸町・新小岩・北千住
70216,サクラホステル浅草,東京都,台東区浅草2-24-2,111-0032,I,上野・浅草・錦糸町・新小岩・北千住
183145,浅草楓,東京都,台東区浅草1-31-5,111-0032,I,上野・浅草・錦糸町・新小岩・北千住
151122,山中旅館,東京都,台東区池之端4-23-1,110-0008,I,上野・浅草・錦糸町・新小岩・北千住
188071,ＥＬＥ　Ｈｏｔｅｌ　東上野,東京都,台東区東上野6-7-10,110-0015,I,上野・浅草・錦糸町・新小岩・北千住
164462,ＨＯＴＥＬ　ｏｗｌ　ＴＯＫＹＯ,東京都,荒川区東日暮里6-59-3,116-0014,I,上野・浅草・錦糸町・新小岩・北千住
181706,ＭＯＮｄａｙ　Ａｐａｒｔ　Ｐｒｅｍｉｕｍ　秋葉原浅草橋ステーション,東京都,台東区浅草橋1-5-2,111-0053,I,上野・浅草・錦糸町・新小岩・北千住
176730,ホテル泊屋　上野,東京都,台東区東上野4-20-4,110-0015,I,上野・浅草・錦糸町・新小岩・北千住
187309,ホテルプラスホステル東京秋葉原,東京都,台東区浅草橋4-11-6,111-0053,I,上野・浅草・錦糸町・新小岩・北千住
184699,ｆａｖ　東京西日暮里,東京都,荒川区西日暮里5-31-6,116-0013,I,上野・浅草・錦糸町・新小岩・北千住
5589,ビジネスホテル　福田屋＜台東区＞,東京都,台東区清川1-35-11,111-0022,I,上野・浅草・錦糸町・新小岩・北千住
1680,上野東金屋ホテル,東京都,台東区東上野3-17-5,110-0015,I,上野・浅草・錦糸町・新小岩・北千住
191670,ホップイン東京浅草,東京都,台東区花川戸1-7-8,111-0033,I,上野・浅草・錦糸町・新小岩・北千住
166963,レジデンスコンドミニアム　カラハーイ,東京都,荒川区西日暮里1-29-20,116-0013,I,上野・浅草・錦糸町・新小岩・北千住
177049,ホテル東京トリップ＜ＨＯＴＥＬ　ＴＯＫＹＯ　ＴＲＩＰ＞,東京都,荒川区西日暮里5-18-14,116-0013,I,上野・浅草・錦糸町・新小岩・北千住
164563,Ｎｕｉ．ＨＯＳＴＥＬ　＆　ＢＡＲ　ＬＯＵＮＧＥ,東京都,台東区蔵前2-14-13,111-0051,I,上野・浅草・錦糸町・新小岩・北千住
5636,ビジネスホテル　レガート,東京都,江東区森下3-17-12,135-0004,I,上野・浅草・錦糸町・新小岩・北千住
197309,リヴシティ錦糸町参番館,東京都,墨田区江東橋1-2-4,130-0022,I,上野・浅草・錦糸町・新小岩・北千住
183767,宿家　梟,東京都,台東区浅草5-45-9,111-0032,I,上野・浅草・錦糸町・新小岩・北千住
178599,Ｓｔａｙ　ＳＡＫＵＲＡ　Ｔｏｋｙｏ　浅草　江戸乃舞,東京都,台東区千束1丁目6-3,111-0031,I,上野・浅草・錦糸町・新小岩・北千住
167381,ホテルリブマックス上野駅前,東京都,台東区東上野4-12-2,110-0015,I,上野・浅草・錦糸町・新小岩・北千住
179472,ＩＫＩＤＡＮＥ　Ｒｅｓｉｄｅｎｔｉａｌ　Ｈｏｔｅｌ　墨田京島,東京都,墨田区京島3-32-10,131-0046,I,上野・浅草・錦糸町・新小岩・北千住
176625,ＰＬＡＹＳＩＳ　ＡＳＡＫＵＳＡ,東京都,墨田区東駒形1-12-2,130-0005,I,上野・浅草・錦糸町・新小岩・北千住
178598,Ｓｔａｙ　ＳＡＫＵＲＡ　Ｔｏｋｙｏ　浅草　横綱　Ｈｏｔｅｌ,東京都,台東区浅草3-30-5,111-0032,I,上野・浅草・錦糸町・新小岩・北千住
178477,ランダバウト東京,東京都,台東区根岸3-4-5,110-0003,I,上野・浅草・錦糸町・新小岩・北千住
188306,ホテルプラスホステル東京浅草１,東京都,台東区雷門2-13-1,111-0034,I,上野・浅草・錦糸町・新小岩・北千住
167602,イチホテル上野新御徒町,東京都,台東区台東4-23-11,110-0016,I,上野・浅草・錦糸町・新小岩・北千住
180412,Ｇｌａｍｐｉｎｇ　Ｔｏｋｙｏ　Ａｓａｋｕｓａ,東京都,台東区浅草2-24-8,111-0032,I,上野・浅草・錦糸町・新小岩・北千住
108362,東横ＩＮＮ鶯谷駅前,東京都,台東区根岸１－２－１７,110-0003,I,上野・浅草・錦糸町・新小岩・北千住
176662,グリッズ　東京　上野駅前　ホテル＆ホステル,東京都,台東区上野7-10-4,110-0005,I,上野・浅草・錦糸町・新小岩・北千住
169703,マーベラス錦糸町　＾,東京都,墨田区錦糸4-2-6　マーベラス錦糸町,130-0013,I,上野・浅草・錦糸町・新小岩・北千住
135394,ホテルリブマックスＢＵＤＧＥＴ日暮里,東京都,台東区谷中3-2-12,110-0001,I,上野・浅草・錦糸町・新小岩・北千住
170775,マーベラス両国　＾,東京都,墨田区横網2-15-7　マーベラス両国,130-0013,I,上野・浅草・錦糸町・新小岩・北千住
178188,ＨＯＴＥＬ　ＴＡＶＩＮＯＳ　Ａｓａｋｕｓａ（ホテルタビノス浅草）,東京都,台東区 浅草2丁目18番8号,111-0032,I,上野・浅草・錦糸町・新小岩・北千住
187265,ファーイーストビレッジホテル東京浅草,東京都,台東区浅草1-11-6,111-0032,I,上野・浅草・錦糸町・新小岩・北千住
189264,ＳＡＫＥ　Ｂａｒ　Ｈｏｔｅｌ　浅草,東京都,台東区駒形1-6-7,111-0043,I,上野・浅草・錦糸町・新小岩・北千住
191671,ホップイン東京上野,東京都,台東区上野6-7-19,110-0005,I,上野・浅草・錦糸町・新小岩・北千住
196628,ラポール東向島,東京都,墨田区東向島4-41-1,131-0032,I,上野・浅草・錦糸町・新小岩・北千住
166310,ホテルリブマックス浅草橋駅前,東京都,台東区浅草橋1-1-14,111-0053,I,上野・浅草・錦糸町・新小岩・北千住
167914,ホテル　アマネク　浅草駅前,東京都,台東区駒形2-7-2,111-0043,I,上野・浅草・錦糸町・新小岩・北千住
197744,９ＳＴＡＹ菊川,東京都,墨田区菊川2-3-8,130-0024,I,上野・浅草・錦糸町・新小岩・北千住
1837,ホテル　サン・モリシタ,東京都,江東区森下3-6-2,135-0004,I,上野・浅草・錦糸町・新小岩・北千住
129987,パレスジャパン,東京都,台東区清川2-31-6,111-0022,I,上野・浅草・錦糸町・新小岩・北千住
182099,アーバンステイ押上,東京都,墨田区文花1-10-1,131-0044,I,上野・浅草・錦糸町・新小岩・北千住
168771,トーセイホテルココネ上野,東京都,台東区東上野2-18-5,110-0015,I,上野・浅草・錦糸町・新小岩・北千住
4801,上野　ＮＥＷ伊豆ホテル,東京都,台東区東上野3-13-1,110-0015,I,上野・浅草・錦糸町・新小岩・北千住
197799,ＥＮ　Ｔｈｅ　ＨＯＵＳＥ　Ａｓａｋｕｓａ　Ｎｉｔｅｎｍｏｎ（２０２６年６月２４日グランドオープン）,東京都,台東区浅草2-34-3,111-0032,I,上野・浅草・錦糸町・新小岩・北千住
172883,ホテル心心樂（ＣＯＣＯＲＯ　ＩＮＮ）,東京都,台東区蔵前4-20-7,111-0051,I,上野・浅草・錦糸町・新小岩・北千住
187592,ＣＯＧＯ　ＲＹＯＧＯＫＵ,東京都,墨田区両国4-30-5三井住友海上両国ビル,130-0026,I,上野・浅草・錦糸町・新小岩・北千住
187943,ＴｅｎＴｅｎ　Ｇｕｅｓｔｈｏｕｓｅ,東京都,台東区浅草3-4-12,111-0032,I,上野・浅草・錦糸町・新小岩・北千住
39581,雷門旅館,東京都,台東区浅草1-18-2,111-0032,I,上野・浅草・錦糸町・新小岩・北千住
177801,ＲＥＳＯＬ　ＰＯＳＨＴＥＬ　ＴＯＫＹＯ　ＡＳＡＫＵＳＡ,東京都,台東区西浅草2-25-1,111-0035,I,上野・浅草・錦糸町・新小岩・北千住
5047,アーバンホテル森下,東京都,江東区森下3-20-15,135-0004,I,上野・浅草・錦糸町・新小岩・北千住
198678,リブマックスホステルズ東京上野,東京都,台東区下谷1-11-16,110-0004,I,上野・浅草・錦糸町・新小岩・北千住
180144,東横ＩＮＮ浅草蔵前２,東京都,台東区蔵前2-7-5,111-0051,I,上野・浅草・錦糸町・新小岩・北千住
196696,ＨＯＴＥＬ　ＷＩＮＤＳ　ＡＳＡＫＵＳＡ　Ｃａｐｓｕｌｅ　Ｉｎｎ,東京都,台東区元浅草3-6-4　ホテルウィンズ3Ｆ,111-0041,I,上野・浅草・錦糸町・新小岩・北千住
187240,Ｍｉｎｎ　浅草かっぱ橋,東京都,台東区西浅草3-25-13,111-0035,I,上野・浅草・錦糸町・新小岩・北千住
105986,ホテルリブマックスＢＵＤＧＥＴ東上野,東京都,台東区元浅草3-5-1,111-0041,I,上野・浅草・錦糸町・新小岩・北千住
180686,ヴェールｓｔａ．竹ノ塚,東京都,足立区竹ノ塚1-28-13　ヴェールｓｔａ．竹ノ塚,121-0813,I,上野・浅草・錦糸町・新小岩・北千住
179318,Ｍｉｎｎ上野,東京都,台東区東上野1丁目19－5,110-0015,I,上野・浅草・錦糸町・新小岩・北千住
172503,ｐｌａｔ　ｈｏｓｔｅｌ　ｋｅｉｋｙｕ　ａｓａｋｕｓａ　ｋａｒｉｎ,東京都,墨田区東駒形2-11-2,130-0005,I,上野・浅草・錦糸町・新小岩・北千住
180708,両国庵,東京都,墨田区緑2-16-8,130-0021,I,上野・浅草・錦糸町・新小岩・北千住
164932,モクシー東京錦糸町（マリオットグループ）,東京都,墨田区江東橋3-4-2,130-0022,I,上野・浅草・錦糸町・新小岩・北千住
177434,ホテルリブマックス浅草駅前,東京都,台東区駒形2-6-5,111-0043,I,上野・浅草・錦糸町・新小岩・北千住
180273,ＭＯＮｄａｙ　Ａｐａｒｔ　上野新御徒町,東京都,台東区東上野1-27-11,110-0015,I,上野・浅草・錦糸町・新小岩・北千住
196085,ランドーレジデンス東京アネックス,東京都,荒川区町屋1-6-9,116-0001,I,上野・浅草・錦糸町・新小岩・北千住
168693,ｂｎｂ＋　Ａｓａｋｕｓａ　Ｋｕｒａｍａｅ,東京都,台東区寿1-5-10　1510ビル4Ｆ,111-0042,I,上野・浅草・錦糸町・新小岩・北千住
182374,上野サットンプレイスホテル,東京都,台東区上野7-8-23,110-0005,I,上野・浅草・錦糸町・新小岩・北千住
172921,ＣＡＦＥ／ＭＩＮＩＭＡＬ　ＨＯＴＥＬ　ＯＵＲ　ＯＵＲ（アウア）,東京都,台東区柳橋2-20-13,111-0052,I,上野・浅草・錦糸町・新小岩・北千住
167654,ｐｌａｔ　ｈｏｓｔｅｌ　ｋｅｉｋｙｕ　ａｓａｋｕｓａ　ｓｔａｔｉｏｎ,東京都,台東区西浅草2-17-11,111-0035,I,上野・浅草・錦糸町・新小岩・北千住
197899,Ｅ１０　ＨＯＳＴＥＬ,東京都,台東区三筋2-11-2,111-0055,I,上野・浅草・錦糸町・新小岩・北千住
180360,スポルト東京,東京都,江戸川区平井3-24-5,132-0035,I,上野・浅草・錦糸町・新小岩・北千住
190655,グレイス向島／民泊,東京都,墨田区向島4-3-3　4-3-3　701,131-0033,I,上野・浅草・錦糸町・新小岩・北千住
197371,ホテルアマネク浅草桜橋,東京都,台東区浅草6-35-8,111-0032,I,上野・浅草・錦糸町・新小岩・北千住
44938,旅館　三河屋本店,東京都,台東区浅草1-30-12,111-0032,I,上野・浅草・錦糸町・新小岩・北千住
190837,ｓｍａｒｔ　ｒｏｏｍ　ｔｏｋｙｏ　ｋｏｉｗａ　ｃｉｔｙ　＾,東京都,江戸川区南小岩8-10-1　相國ビル5階,133-0056,I,上野・浅草・錦糸町・新小岩・北千住
196512,Ｏｃｉｃａ　Ｏｓｈｉａｇｅ　Ｔｏｋｙｏ　ｂｙ　Ｒｈｏｔｅｌ,東京都,墨田区業平4-6-9,130-0002,I,上野・浅草・錦糸町・新小岩・北千住
184424,ＳＡＵＮＡＬＡＮＤ　ＡＳＡＫＵＳＡ,東京都,台東区浅草1-34-2,111-0032,I,上野・浅草・錦糸町・新小岩・北千住
182034,レジデンシャルホテルべヴェル東京,東京都,葛飾区堀切3-32-16,124-0006,I,上野・浅草・錦糸町・新小岩・北千住
187388,ｔｈｅ　ｂ　浅草（ザビー　あさくさ）,東京都,台東区西浅草3-16-12,111-0035,I,上野・浅草・錦糸町・新小岩・北千住
195139,新小岩ステイ／民泊,東京都,葛飾区新小岩4-2-5,124-0024,I,上野・浅草・錦糸町・新小岩・北千住
183840,Ｔｏｋｙｏ　Ｅｎｊｏｙ　Ｈｏｔｅｌ,東京都,葛飾区四つ木1-16-25,124-0011,I,上野・浅草・錦糸町・新小岩・北千住
195516,Ｖｉｌｌａ　Ｃｕｓｔｏｍａ　＾,東京都,台東区上野6-7-15　ＴＣ８０ 上野ビル,110-0005,I,上野・浅草・錦糸町・新小岩・北千住
177529,＆ＡＮＤ　ＨＯＳＴＥＬ　ＭＩＮＡＭＩＳＥＮＪＵ,東京都,荒川区南千住3-2-9,116-0003,I,上野・浅草・錦糸町・新小岩・北千住
181988,ＭＯＮｄａｙ　Ａｐａｒｔ　Ｐｒｅｍｉｕｍ　上野,東京都,台東区北上野1-7-6,110-0014,I,上野・浅草・錦糸町・新小岩・北千住
197528,サニーコート,東京都,江戸川区西小岩3-32-16,133-0057,I,上野・浅草・錦糸町・新小岩・北千住
28024,旅館　加茂川,東京都,台東区浅草1-30-10,111-0032,I,上野・浅草・錦糸町・新小岩・北千住
184379,Ｈｏｓｔｅｌ　ＪＡＺ,東京都,台東区北上野1-3-5,110-0014,I,上野・浅草・錦糸町・新小岩・北千住
188869,万雷ホテル,東京都,台東区雷門2-3-7　ドゥエル浅草ＩＶ,111-0034,I,上野・浅草・錦糸町・新小岩・北千住
182803,ＢＯＮ東京浅草,東京都,墨田区吾妻橋1-10-12,130-0001,I,上野・浅草・錦糸町・新小岩・北千住
74688,カンガルーホテル,東京都,台東区日本堤1-21-11,111-0021,I,上野・浅草・錦糸町・新小岩・北千住
168600,ＦＯＣＵＳ　ＫＵＲＡＭＡＥ,東京都,台東区蔵前4-21-2,111-0051,I,上野・浅草・錦糸町・新小岩・北千住
151401,カンガルーホテルＳＩＤＥ＿Ｂ,東京都,台東区日本堤1-22-2,111-0021,I,上野・浅草・錦糸町・新小岩・北千住
190004,１ｓｔ　ＳＴＥＰ　ＨＯＴＥＬ【ファーストステップホテル】　＾,東京都,足立区西綾瀬2-23-3　【1ｓｔ　ＳＴＥＰ　ＨＯＴＥＬ】,120-0014,I,上野・浅草・錦糸町・新小岩・北千住
188919,Ａ１６　ＨＯＳＴＥＬ,東京都,台東区柳橋1-15-5,111-0052,I,上野・浅草・錦糸町・新小岩・北千住
176979,ＩＫＩＤＡＮＥ　Ｒｅｓｉｄｅｎｔｉａｌ　Ｈｏｔｅｌ　駒込,東京都,北区田端4-4-7,114-0014,I,上野・浅草・錦糸町・新小岩・北千住
198766,ＴＡＢＩ上野,東京都,台東区東上野2-19-6,110-0015,I,上野・浅草・錦糸町・新小岩・北千住
172339,ｐｌａｔ　ｈｏｓｔｅｌ　ｋｅｉｋｙｕ　ｍｉｎｏｗａ　ｆｏｒｅｓｔ,東京都,台東区竜泉3-39-5,110-0012,I,上野・浅草・錦糸町・新小岩・北千住
177473,サクラクロスホテル上野御徒町,東京都,台東区小島2-10-12,111-0056,I,上野・浅草・錦糸町・新小岩・北千住
31629,ホテルサードニクス上野,東京都,台東区上野6-6-7,110-0005,I,上野・浅草・錦糸町・新小岩・北千住
196770,海容立石,東京都,葛飾区立石1-10-4,124-0012,I,上野・浅草・錦糸町・新小岩・北千住
164848,ＮＡＧＯＭＩ　ＨＯＴＥＬ,東京都,荒川区東日暮里3-41-8,116-0014,I,上野・浅草・錦糸町・新小岩・北千住
183347,Ｏｙａｄｏ　Ｄａｎｒａｎ,東京都,墨田区本所4-19-2,130-0004,I,上野・浅草・錦糸町・新小岩・北千住
198033,９ＳＴＡＹ上野入谷,東京都,台東区竜泉1-23,110-0012,I,上野・浅草・錦糸町・新小岩・北千住
183989,宿家　いろは,東京都,台東区清川1-8-5,111-0022,I,上野・浅草・錦糸町・新小岩・北千住
181915,ＭＯＮｄａｙ　Ａｐａｒｔ　浅草橋秋葉原,東京都,台東区浅草橋4-15-5,111-0053,I,上野・浅草・錦糸町・新小岩・北千住
187180,ＯＴＨＥＲ　ＳＰＡＣＥ　Ａｓａｋｕｓａ,東京都,台東区浅草3-4-10,111-0032,I,上野・浅草・錦糸町・新小岩・北千住
198634,Ａｓａｋｕｓａ　Ｓｋｙ　Ｔｏｋｙｏ　Ｃｏｎｄｏｍｉｎｉｕｍ　ｈｏｔｅｌ,東京都,墨田区向島1-24-13,131-0033,I,上野・浅草・錦糸町・新小岩・北千住
197222,Ｔａｂｉｓｔ　ＨＯＴＥＬ　ＵＥＮＯ　３９,東京都,台東区上野6-8-11,110-0005,I,上野・浅草・錦糸町・新小岩・北千住
197733,Ｓｔａｙｌｏｏｐスカイツリー,東京都,墨田区立花4-1-1キングスガーデン小村井,131-0043,I,上野・浅草・錦糸町・新小岩・北千住
173195,宿家　鶯,東京都,台東区下谷2-5-7,110-0004,I,上野・浅草・錦糸町・新小岩・北千住
192881,ＳＬＥＥＰＬＡＢ　浅草,東京都,墨田区立花3-20-7,131-0043,I,上野・浅草・錦糸町・新小岩・北千住
194420,ホテルＹａｄｏ　ＳＫ　新小岩　＾,東京都,葛飾区新小岩1-17-12　ホテルＹａｄｏ　ＳＫ　新小岩,124-0024,I,上野・浅草・錦糸町・新小岩・北千住
198644,宿家　浅草　だるま庵,東京都,台東区橋場2-22-10,111-0023,I,上野・浅草・錦糸町・新小岩・北千住
167157,ランドーレジデンス東京クラシック,東京都,荒川区西日暮里1-3-2,116-0013,I,上野・浅草・錦糸町・新小岩・北千住
174292,ムラタコーポ／民泊,東京都,葛飾区柴又3-7-3,125-0052,I,上野・浅草・錦糸町・新小岩・北千住
183108,エーケースターホテル東京,東京都,江東区大島2-26-14,136-0072,I,上野・浅草・錦糸町・新小岩・北千住
166146,ＨＯＴＥＬ　ＰＲＥＬＥ　Ａｓａｋｕｓａ（ホテルプレール浅草）,東京都,台東区松が谷2-2-11,111-0035,I,上野・浅草・錦糸町・新小岩・北千住
189129,ホテル　バリバリ鶯谷,東京都,台東区根岸1-7-15,110-0003,I,上野・浅草・錦糸町・新小岩・北千住
182149,＆ＡＮＤ　ＨＯＳＴＥＬ　ＡＳＡＫＵＳＡ　ＫＡＰＰＡＢＡＳＨＩ,東京都,台東区松が谷1-11-4,111-0036,I,上野・浅草・錦糸町・新小岩・北千住
198530,ｍｏｉｒｅ　ＨＯＴＥＬ　ＹＯＳＨＩＷＡＲＡ,東京都,台東区千束4丁目15-11,111-0031,I,上野・浅草・錦糸町・新小岩・北千住
186713,Ｊｉｎｇ　Ｈｏｕｓｅ小岩　＾,東京都,江戸川区北小岩2-21-5　Ｊｉｎｇ　Ｈｏｕｓｅ　Ｋｏｉｗａ,133-0051,I,上野・浅草・錦糸町・新小岩・北千住
198936,宿家　浅草　粋,東京都,台東区西浅草3-28-12,111-0035,I,上野・浅草・錦糸町・新小岩・北千住
193209,Ｍｉｎｎ　浅草蔵前　Ｓｔａｔｉｏｎ,東京都,台東区蔵前2-17-10,111-0051,I,上野・浅草・錦糸町・新小岩・北千住
193239,宿家　象潟,東京都,台東区浅草5-39-8,111-0032,I,上野・浅草・錦糸町・新小岩・北千住
182185,ＷＩＳＥ　ＯＷＬ　ＨＯＳＴＥＬＳ　ＲＩＶＥＲ　ＴＯＫＹＯ,東京都,墨田区向島1-23-3,131-0033,I,上野・浅草・錦糸町・新小岩・北千住
130066,行燈旅館,東京都,台東区日本堤2-34-10,111-0021,I,上野・浅草・錦糸町・新小岩・北千住
54492,浅草旅館　東海荘,東京都,台東区西浅草2-16-12,111-0035,I,上野・浅草・錦糸町・新小岩・北千住
185158,Ｌａ　Ｋｒａｓｓｅ　Ｓｋｙｔｒｅｅ／民泊,東京都,墨田区吾妻橋3-4-7　Ｌａ　Ｋｒａｓｓｅ　Ｓｋｙｔｒｅｅ,130-0001,I,上野・浅草・錦糸町・新小岩・北千住
166966,コマツヤ,東京都,墨田区向島3-45-3,131-0033,I,上野・浅草・錦糸町・新小岩・北千住
197926,Ｑ　ｓｔａｙ　北千住,東京都,足立区千住3-34-6,120-0034,I,上野・浅草・錦糸町・新小岩・北千住
198951,Ｑ　ｓｔａｙ　舎人公園,東京都,足立区西伊興1-17-16,121-0824,I,上野・浅草・錦糸町・新小岩・北千住
197529,Ｇａｉａ　ＢＯＳＣＯ,東京都,江戸川区松島4-8-9,132-0031,I,上野・浅草・錦糸町・新小岩・北千住
173228,ランドーレジデンス東京グランド,東京都,荒川区東日暮里4-35-14,116-0014,I,上野・浅草・錦糸町・新小岩・北千住
188268,プチホテルコスモス,東京都,荒川区西日暮里2-17-4,116-0013,I,上野・浅草・錦糸町・新小岩・北千住
184205,Ｈｏｔｅｌ　Ａｓａｋｕｓａ　ＫＡＮＮＯＮＵＲＡ（ホテル　浅草観音裏）,東京都,台東区浅草3-29-3,111-0032,I,上野・浅草・錦糸町・新小岩・北千住
194107,鎧浅草ホテル　＾,東京都,台東区浅草1-20-4　浅草1-ビル3，4階,111-0032,I,上野・浅草・錦糸町・新小岩・北千住
183886,宿家　烏丸院,東京都,台東区三ノ輪1-14-9,110-0011,I,上野・浅草・錦糸町・新小岩・北千住
197626,ホテルリブマックス両国,東京都,墨田区石原1-28-2,130-0011,I,上野・浅草・錦糸町・新小岩・北千住
164566,ＴＯＫＹＯ－Ｗ－ＩＮＮ　Ａｓａｋｕｓａ,東京都,台東区寿4-6-1,111-0042,I,上野・浅草・錦糸町・新小岩・北千住
187456,寅ホテル　浅草,東京都,墨田区東駒形2-13-3,130-0005,I,上野・浅草・錦糸町・新小岩・北千住
170892,ＮＹＯＺＥ　Ｈｏｕｓｅ　（如是学処）　＾,東京都,足立区鹿浜2-6-7号　ＮＹＯＺＥ　Ｈｏｕｓｅ,123-0864,I,上野・浅草・錦糸町・新小岩・北千住
183765,宿家　千草町,東京都,台東区浅草5-35-3,111-0032,I,上野・浅草・錦糸町・新小岩・北千住
194765,ＬＡＮＧ　ＨＯＴＥＬ　亀戸　＾,東京都,江東区亀戸6-13-2　ＬＡＮＧ　ＨＯＴＥＬ　亀戸,136-0071,I,上野・浅草・錦糸町・新小岩・北千住
197538,Ｓｋｙ　ｕｐ押上,東京都,墨田区押上3-30-6,131-0045,I,上野・浅草・錦糸町・新小岩・北千住
197539,木村ビル,東京都,墨田区東駒形4-11-6,130-0005,I,上野・浅草・錦糸町・新小岩・北千住
183066,ホステルわさび浅草,東京都,台東区浅草4-31-8,111-0032,I,上野・浅草・錦糸町・新小岩・北千住
195077,東京日和ホテル　＾,東京都,墨田区吾妻橋1-15-12,130-0001,I,上野・浅草・錦糸町・新小岩・北千住
172635,ｂｎｂ＋上野御徒町,東京都,台東区上野2-8-4　川島ビル3階,110-0005,I,上野・浅草・錦糸町・新小岩・北千住
184491,ＴｏｋｙｏＮＥＳＴ　Ｎｉｐｐｏｒｉ,東京都,荒川区東日暮里6-55-10,116-0014,I,上野・浅草・錦糸町・新小岩・北千住
195161,花乃郷　田端　＾,東京都,北区田端1-20-24　花の郷田端,114-0014,I,上野・浅草・錦糸町・新小岩・北千住
197124,やまとレジデンス　かつしか,東京都,葛飾区四つ木5-3-16　四つ木ファーストビル３階,124-0011,I,上野・浅草・錦糸町・新小岩・北千住
29499,ホテル稲本,東京都,台東区千束4-24-13,111-0031,I,上野・浅草・錦糸町・新小岩・北千住
197532,メトロ森下,東京都,江東区森下2-1-2,135-0004,I,上野・浅草・錦糸町・新小岩・北千住
184421,ｂｎｂ＋上野公園前,東京都,台東区上野2-8-4　川島ビル4Ｆ,110-0005,I,上野・浅草・錦糸町・新小岩・北千住
199331,ＭＳＴＡＹ押上ＯＮＥ,東京都,墨田区押上3-9-4,131-0045,I,上野・浅草・錦糸町・新小岩・北千住
193102,Ｕｈｏｍｅ　Ｕｅｎｏ　Ｈｏｔｅｌ,東京都,台東区松が谷1ー3ー10　きかくビル,111-0036,I,上野・浅草・錦糸町・新小岩・北千住
194151,Ｎ’ｓ　ｒｏｏｍ　＆　ｐａｒｋ　，Ｔｏｋｙｏ／民泊,東京都,葛飾区東新小岩1-17-31　Ｎ’ｓ　ｒｏｏｍ　＆　ｐａｒｋ　，Ｔｏｋｙｏ,124-0023,I,上野・浅草・錦糸町・新小岩・北千住
158642,ＨＯＴＥＬ　ＰＡＵＬ　ＨＯＵＳＥ,東京都,台東区台東4-5-12,110-0016,I,上野・浅草・錦糸町・新小岩・北千住
169674,戸建貸切／京成小岩駅徒歩４分／スカイツリー１１分・浅草１６分／１０名収容　＾,東京都,江戸川区西小岩5-14-9　Ｓｅｒｅｎｄｉｐｉｔｙ　Ｋｏｉｗａ,133-0057,I,上野・浅草・錦糸町・新小岩・北千住
200003,ゲストハウス栄／民泊,東京都,足立区西新井栄町2-3-11 ダイマルビル３Ｆ,123-0843,I,上野・浅草・錦糸町・新小岩・北千住
197812,ＧＲＡＮＱＵＡＬ　堀切,東京都,足立区千住曙町35-13,120-0023,I,上野・浅草・錦糸町・新小岩・北千住
190262,格安民宿・ｊｉｎｇ　ｈｏｕｓｅ日暮里駅から徒歩４分！銀座・上野直通／民泊,東京都,台東区根岸2-21-15　間々田ビル,110-0003,I,上野・浅草・錦糸町・新小岩・北千住
158831,オークホテル江戸,東京都,江東区森下2-17-7,135-0004,I,上野・浅草・錦糸町・新小岩・北千住
197568,ＳａｆｆｒｏｎＣａｓａ浅草橋,東京都,台東区浅草橋2-24-3,111-0053,I,上野・浅草・錦糸町・新小岩・北千住
183060,Ｃｏｃｔｓ　Ａｋｉｈａｂａｒａ,東京都,台東区浅草橋5-2-7,111-0053,I,上野・浅草・錦糸町・新小岩・北千住
198643,宿家　浅草　こけし庵,東京都,台東区橋場2-22-9,111-0023,I,上野・浅草・錦糸町・新小岩・北千住
183992,宿家　夢路,東京都,台東区日本堤1-35-12,111-0021,I,上野・浅草・錦糸町・新小岩・北千住
197542,フィオーレ錦糸町,東京都,墨田区江東橋2-7-6,130-0022,I,上野・浅草・錦糸町・新小岩・北千住
165202,ケイズハウス東京オアシス,東京都,台東区浅草2-14-10,111-0032,I,上野・浅草・錦糸町・新小岩・北千住
183574,サクラクロスホテル上野入谷アネックス,東京都,台東区入谷1-21-7,110-0013,I,上野・浅草・錦糸町・新小岩・北千住
169837,灯光旅館　＾,東京都,葛飾区青戸1-6-6　灯光旅館,125-0062,I,上野・浅草・錦糸町・新小岩・北千住
182100,アーバンステイ青砥,東京都,葛飾区立石6-29-12,124-0012,I,上野・浅草・錦糸町・新小岩・北千住
183760,宿家　雀,東京都,台東区浅草6-35-3,111-0032,I,上野・浅草・錦糸町・新小岩・北千住
201772,ホステル１つの風景,東京都,墨田区京島三丁目23番11号,131-0046,I,上野・浅草・錦糸町・新小岩・北千住
177849,お宿　きえん,東京都,墨田区亀沢2-21-6,130-0014,I,上野・浅草・錦糸町・新小岩・北千住
180569,ＡＳＡＫＵＳＡ茶華－ｃｈａｋａ－,東京都,台東区浅草3-29-10,111-0032,I,上野・浅草・錦糸町・新小岩・北千住
167036,サクラクロスホテル上野入谷,東京都,台東区根岸3-18-18,110-0003,I,上野・浅草・錦糸町・新小岩・北千住
2337,ホテル　寿陽,東京都,台東区清川2-15-3,111-0022,I,上野・浅草・錦糸町・新小岩・北千住
183889,宿家　白堤庵,東京都,台東区日本堤1-3-4,111-0021,I,上野・浅草・錦糸町・新小岩・北千住
183888,宿家　浅草本館,東京都,台東区浅草4-6-6,111-0032,I,上野・浅草・錦糸町・新小岩・北千住
183764,宿家　千の里,東京都,台東区浅草6-3-8,111-0032,I,上野・浅草・錦糸町・新小岩・北千住
193210,Ｍｉｎｎ　浅草蔵前　Ｎｏｒｔｈ,東京都,台東区寿3-12-2,111-0042,I,上野・浅草・錦糸町・新小岩・北千住
190124,Ｅｄｅｎ　Ｈｏｕｓｅ　Ｓｋｙｔｒｅｅ　＆　Ｓｋｙｇａｒｄｅｎ／民泊,東京都,墨田区八広2-25-7　Ｅｄｅｎ　Ｈｏｕｓｅ,131-0041,I,上野・浅草・錦糸町・新小岩・北千住
197154,Ｔｈｅ　Ｐｒｉｍｅ　ＴＯＫＹＯ　ＳＫＹＴＲＥＥ,東京都,葛飾区堀切4-25-7,124-0006,I,上野・浅草・錦糸町・新小岩・北千住
190398,錦糸町　ルセラン／民泊,東京都,墨田区太平4-23-2　ルセラン,130-0012,I,上野・浅草・錦糸町・新小岩・北千住
171027,Ｐｅａｃｅ　Ｉｎｎ　Ｓｋｙｔｒｅｅ　Ｔｏｋｙｏ　２階建戸建　＾,東京都,墨田区東向島2-36-1　Ｐｅａｃｅ　Ｉｎｎ　ＳｋｙｔｒｅｅＴｏｋｙｏ,131-0032,I,上野・浅草・錦糸町・新小岩・北千住
167521,ＰＬＡＹＳＩＳ　ＥＡＳＴ　ＴＯＫＹＯ,東京都,墨田区吾妻橋2-11-1,130-0001,I,上野・浅草・錦糸町・新小岩・北千住
180825,Ｓｔａｙ　ＳＡＫＵＲＡ　Ｔｏｋｙｏ　浅草　アールデコホテル,東京都,台東区西浅草3-16-8,111-0035,I,上野・浅草・錦糸町・新小岩・北千住
183991,宿家　やなぎ通り東棟,東京都,台東区浅草4-10-4,111-0032,I,上野・浅草・錦糸町・新小岩・北千住
196835,あすかレジデンス　かつしか,東京都,葛飾区四つ木5-3-16　四つ木ファーストビル3階,124-0011,I,上野・浅草・錦糸町・新小岩・北千住
199297,東京ＹＵＭＥＭＡＣＨＩ　ｒｅｓｉｄｅｎｃｅ　ｉｎｎ,東京都,墨田区業平3-4-11 メゾンエレガント安達5F,130-0002,I,上野・浅草・錦糸町・新小岩・北千住
183971,宿家　根岸町,東京都,台東区根岸3-24-16,110-0003,I,上野・浅草・錦糸町・新小岩・北千住
183972,宿家　松が谷,東京都,台東区松が谷4-8-5,111-0036,I,上野・浅草・錦糸町・新小岩・北千住
184258,ＫＯＫＯ　ＨＯＴＥＬ　Ｒｅｓｉｄｅｎｃｅ浅草かっぱ橋,東京都,台東区西浅草3-24-2,111-0035,I,上野・浅草・錦糸町・新小岩・北千住
173366,鍵付個室の東京観光便利／民泊,東京都,葛飾区水元3-21-15	ｆｕｒｏｒａｉ　ＫＡＮＡＭＡＴＩ　フローラル金町 				,125-0032,I,上野・浅草・錦糸町・新小岩・北千住
180359,Ｌａｆｆｉｔｔｅ　Ｈｉｒａｉ　Ｃｏｎｄｏｍｉｎｉｕｍ　Ｈｏｔｅｌ,東京都,江戸川区平井5-38-5,132-0035,I,上野・浅草・錦糸町・新小岩・北千住
198441,Ｔｉｅｒｒａ向島,東京都,墨田区向島1-12-2,131-0033,I,上野・浅草・錦糸町・新小岩・北千住
182646,Ｍｉｎｎ浅草,東京都,台東区花川戸1-13-12,111-0033,I,上野・浅草・錦糸町・新小岩・北千住
179297,ＨＯＴＥＬ　ＬＩＴＴＬＥ　ＢＩＲＤ　ＯＫＵ－ＡＳＡＫＵＳＡ,東京都,台東区浅草5-14-4,111-0032,I,上野・浅草・錦糸町・新小岩・北千住
178991,Ｍｉｎｎ上野入谷,東京都,台東区入谷2-34-5,110-0013,I,上野・浅草・錦糸町・新小岩・北千住
195582,平井駅徒歩３分　電車で秋葉原１１分　東京駅１８分　永和第１０ビル／民泊,東京都,江戸川区平井3-29-6　永和第10ビル310号,132-0035,I,上野・浅草・錦糸町・新小岩・北千住
199633,Ｃｒｕｉｓｅ　Ｉｎｎ　Ｋａｍｅａｒｉ／民泊,東京都,足立区東和2-20-7　第2みつやビル601,120-0003,I,上野・浅草・錦糸町・新小岩・北千住
190392,ＪＩＮＧ　ＨＯＵＳＥ京成高砂駅５分豪華一戸建て最大８人成田羽田直通無料駐車浅草スカイツリー近く／民泊,東京都,葛飾区高砂3-17-9　ＪＩＮＧ　ＨＯＵＳＥ新高砂,125-0054,I,上野・浅草・錦糸町・新小岩・北千住
183762,宿家　千の川,東京都,台東区浅草6-3-9,111-0032,I,上野・浅草・錦糸町・新小岩・北千住
197526,Ｃｕｒｅスカイツリー,東京都,墨田区吾妻橋1-4-5,130-0001,I,上野・浅草・錦糸町・新小岩・北千住
183763,宿家　千の風,東京都,台東区浅草6-3-8,111-0032,I,上野・浅草・錦糸町・新小岩・北千住
184971,★☆新しい宿泊の形☆★　Ｈｏｔｅｌ　Ｃｌａｓｓｙ　Ｓｋｙｔｒｅｅ　＾,東京都,墨田区向島5-38-10,131-0033,I,上野・浅草・錦糸町・新小岩・北千住
170098,Ｊｉｎｇ　Ｈｏｕｓｅ　ａｋｉｈａｂａｒａ旅館　＾,東京都,台東区浅草橋5-22-8　Ｊｉｎｇ　Ｈｏｕｓｅ　ａｋｉｈａｂａｒａ旅館,111-0053,I,上野・浅草・錦糸町・新小岩・北千住
183766,宿家　龍泉寺町,東京都,台東区竜泉3-28-4,110-0012,I,上野・浅草・錦糸町・新小岩・北千住
195352,北小岩戸建／民泊,東京都,江戸川区北小岩6-48-17　北小岩戸建,133-0051,I,上野・浅草・錦糸町・新小岩・北千住
171511,Ｍｉｎｉ　Ｓｔｕｄｉｏ　ｗｉｔｈ　ｌｏｆｔ　ｓｋｙｔｒｅｅと浅草徒歩１０分、羽田成田空港直通　＾,東京都,墨田区東駒形3-3-8　ＫＩＫＯ　ＨＯＵＳＥ,130-0005,I,上野・浅草・錦糸町・新小岩・北千住
190546,平井駅徒歩８分　電車で秋葉原１１分　　東京駅　１８分／民泊,東京都,江戸川区平井5-56-11　Ａ棟,132-0035,I,上野・浅草・錦糸町・新小岩・北千住
197429,ｉｌｌｉ　Ｍｉａ　Ｋｉｎｓｈｉｃｈｏ,東京都,墨田区錦糸3-4-4　サガラビル4F,130-0013,I,上野・浅草・錦糸町・新小岩・北千住
199640,Ｃｒｕｉｓｅ　Ｉｎｎ　Ｔａｋｅｎｏｔｓｕｋａ／民泊,東京都,足立区竹の塚2-8-25　丸竹第二ビル401,121-0813,I,上野・浅草・錦糸町・新小岩・北千住
194967,Ｌａ　Ｒｅｓｉｄｅｎｃｅ　Ｅａｓｔ　Ｔｏｋｙｏ３０１／民泊,東京都,墨田区向島3-17-9　Ｌａ　Ｒｅｓｉｄｅｎｃｅ　Ｅａｓｔ　Ｔｏｋｙｏ301,131-0033,I,上野・浅草・錦糸町・新小岩・北千住
174773,葛飾高砂戸建／民泊,東京都,葛飾区高砂6-14-2,125-0054,I,上野・浅草・錦糸町・新小岩・北千住
194057,広華Ｈｏｕｓｅ　ＴＯＫＹＯ　ＡＳＡＫＵＳＡ／民泊,東京都,台東区浅草5-36-7　江藤ビル3Ｆ,111-0032,I,上野・浅草・錦糸町・新小岩・北千住
195657,メゾン・ド・Ｕ　＾,東京都,墨田区東向島5-2-3　メゾン・ド・U202号室,131-0032,I,上野・浅草・錦糸町・新小岩・北千住
170269,一宿旅館東上野　＾,東京都,台東区東上野2-8-7　一宿旅館東上野,111-0015,I,上野・浅草・錦糸町・新小岩・北千住
194966,Ｌａ　Ｒｅｓｉｄｅｎｃｅ　Ｅａｓｔ　Ｔｏｋｙｏ２０１／民泊,東京都,墨田区向島3-17-9　Ｌａ　Ｒｅｓｉｄｅｎｃｅ　Ｅａｓｔ　Ｔｏｋｙｏ201,131-0033,I,上野・浅草・錦糸町・新小岩・北千住
169727,一宿旅館浅草橋　＾,東京都,台東区浅草橋2-24-1　一宿旅館浅草橋,111-0053,I,上野・浅草・錦糸町・新小岩・北千住
199360,アパホテル〈京成上野駅前南〉（２０２６年８月１２日ＯＰＥＮ）,東京都,台東区上野2-6-11,110-0005,I,上野・浅草・錦糸町・新小岩・北千住
194156,ＭＩＹＡＶＩ　ｈｏｔｅｌ　＾,東京都,台東区三筋2-20-7　柳下ビル　ＭＩＹＡＶＩ　ｈｏｔｅｌ,111-0055,I,上野・浅草・錦糸町・新小岩・北千住
178197,浅草エイト,東京都,台東区元浅草1-14-13,111-0041,I,上野・浅草・錦糸町・新小岩・北千住
168933,★駅から３分★フルリノベーション済、浅草８分、スカイツリー５分フレンチなおしゃれな丸貸戸建　＾,東京都,葛飾区四つ木1－3－8　グレイス四つ木,124-0011,I,上野・浅草・錦糸町・新小岩・北千住
186837,ＪＩＮＧＨＯＵＳＥ高砂一戸建て（無料駐車場あり）／民泊,東京都,葛飾区細田3-36-4　ＪＩＮＧＨＯＵＳＥ高砂一戸建て,124-0021,I,上野・浅草・錦糸町・新小岩・北千住
194969,Ｂｌｄｇ　Ｅ．　Ｔｏｋｙｏ２０２／民泊,東京都,墨田区向島3-17-9　Ｂｌｄｇ　Ｅ．　Ｔｏｋｙｏ２０２,131-0033,I,上野・浅草・錦糸町・新小岩・北千住
194968,Ｌａ　Ｒｅｓｉｄｅｎｃｅ　Ｅａｓｔ　Ｔｏｋｙｏ１０２／民泊,東京都,墨田区向島3-17-9　Ｌａ　Ｒｅｓｉｄｅｎｃｅ　Ｅａｓｔ　Ｔｏｋｙｏ102,131-0033,I,上野・浅草・錦糸町・新小岩・北千住
197481,宿家　浅草　あさがお,東京都,台東区入谷2-14-8,110-0013,I,上野・浅草・錦糸町・新小岩・北千住
198762,ｉｌｌｉ　Ｈａｋｕ　Ａｓａｋｕｓａ,東京都,台東区花川戸2-8-11,111-0033,I,上野・浅草・錦糸町・新小岩・北千住
194970,Ｌａ　Ｒｅｓｉｄｅｎｃｅ　Ｅａｓｔ　Ｔｏｋｙｏ３０２／民泊,東京都,墨田区向島3-17-9　Ｌａ　Ｒｅｓｉｄｅｎｃｅ　Ｅａｓｔ　Ｔｏｋｙｏ302,131-0033,I,上野・浅草・錦糸町・新小岩・北千住
186645,ＢＩＳＫ　ＰＡＲＫ　ＴＯＫＹＯ　＾,東京都,葛飾区四つ木1-33-23　ＢＩＳＫ　ＰＡＲＫ　ＴＯＫＹＯ,124-0011,I,上野・浅草・錦糸町・新小岩・北千住
195032,Ｈｏｒｉｚｏｎ　Ｂｌｅｕ　Ａｓａｋｕｓａ　＾,東京都,墨田区本所3-16-6　Ｈｏｒｉｚｏｎ　Ｂｌｅｕ　Ａｓａｋｕｓａ　102号室,130-0004,I,上野・浅草・錦糸町・新小岩・北千住
173631,宿家浅草千の里　＾,東京都,台東区浅草6-3-8,111-0032,I,上野・浅草・錦糸町・新小岩・北千住
194850,マーベラス浅草　＾,東京都,台東区浅草4-43-7　マーベラス浅草,111-0032,I,上野・浅草・錦糸町・新小岩・北千住
193896,茶庵上野ホテル　＾,東京都,台東区東上野3-12-3　茶庵上野ホテル,110-0015,I,上野・浅草・錦糸町・新小岩・北千住
195241,ＶＯＥＲＥ　亀戸　＾,東京都,江東区亀戸2-8-6 2-4階　ＶＯＥＲＥ　ＫＡＭＥＩＤＯ,136-0071,I,上野・浅草・錦糸町・新小岩・北千住
190183,Ｓｅｉｒａｉ　Ａｓａｋｕｓａ　Ｖａｃａｔｉｏｎ　Ｒｅｎｔａｌ　＾,東京都,台東区寿4-6-8　Ｓｅｉｒａｉ　Ａｓａｋｕｓａ　Ｖａｃａｔｉｏｎ　Ｒｅｎｔａｌ,111-0042,I,上野・浅草・錦糸町・新小岩・北千住
175862,Ｒｉｔｚ　Ｒｅｓｉｄｅｎｃｅ　墨田　＾,東京都,墨田区墨田5－32－8,131-0031,I,上野・浅草・錦糸町・新小岩・北千住
199780,ＺＡ６１５　エスパーダ亀有　１０３／民泊,東京都,葛飾区亀有5-12-13,125-0061,I,上野・浅草・錦糸町・新小岩・北千住
168940,プレイルーム有お子様連れ歓迎！浅草スカイツリー１５分★駅徒歩５分★リノベ戸建１１名　＾,東京都,葛飾区堀切4－58－7,124-0006,I,上野・浅草・錦糸町・新小岩・北千住
172344,和ハウス（なごみハウス）,東京都,台東区浅草3-28-10,111-0032,I,上野・浅草・錦糸町・新小岩・北千住
184351,ＫＯＫＯ　ＨＯＴＥＬ　Ｒｅｓｉｄｅｎｃｅ浅草田原町,東京都,台東区寿2-8-12,111-0042,I,上野・浅草・錦糸町・新小岩・北千住
190545,平井駅から徒歩１０分秋葉原駅　電車１１分東京駅　電車１８分／民泊,東京都,江戸川区平井1-18-7　ＢＨテラス102,132-0035,I,上野・浅草・錦糸町・新小岩・北千住
191203,新築戸建／駅徒歩８分／スカイツリー４分／１１名　＾,東京都,墨田区八広4-29-14　ＥＮＪＯＹ　ＴＯＫＹＯ　ＨＯＴＥＬ,131-0041,I,上野・浅草・錦糸町・新小岩・北千住
195016,浅草もすぐ！最大１０名貸切３階建て！スカイツリーまで徒歩１０分！全室Ｃｈｒｏｍｅｃａｓｔ完備　＾,東京都,墨田区文花1-14-1,131-0044,I,上野・浅草・錦糸町・新小岩・北千住
199637,Ｃｒｕｉｓｅ　Ｉｎｎ　Ｋｉｔａｓｅｎｊｕ　Ｓｔａｔｉｏｎ　Ｆｒｏｎｔ　２／民泊,東京都,足立区千住旭町1-4　unlogemeant101,120-0026,I,上野・浅草・錦糸町・新小岩・北千住
187617,Ｍｉｎｎ上野新御徒町,東京都,台東区台東4-24-3,110-0016,I,上野・浅草・錦糸町・新小岩・北千住
183922,小さなホテル木の家,東京都,江東区森下1-18-5,135-0004,I,上野・浅草・錦糸町・新小岩・北千住
196278,ｕｎｉｔｏ　ＡＳＡＫＵＳＡ（ゆにっと　あさくさ）,東京都,台東区西浅草3-28-11,111-0035,I,上野・浅草・錦糸町・新小岩・北千住
191103,ＶＩＳＴＡＬＩＡ／民泊,東京都,台東区清川2-38-13　ＶＩＳＴＡＬＩＡ,111-0022,I,上野・浅草・錦糸町・新小岩・北千住
197553,Ｌａ　Ｔｅｒｒａｓｓｅ東駒形,東京都,墨田区東駒形2-11-9 La Terrasse,130-0005,I,上野・浅草・錦糸町・新小岩・北千住
197811,ＡＩ　Ｇｒａｎｄｉｒ　吾妻橋,東京都,墨田区吾妻橋1-13-15　AI Grandir 吾妻橋,130-0001,I,上野・浅草・錦糸町・新小岩・北千住
194657,一宿旅館寿三丁目　＾,東京都,台東区寿3-19-16　牧野ビル,111-0042,I,上野・浅草・錦糸町・新小岩・北千住
199500,Ｃｈｏｕ　Ｃｈｏｕ　１０２号室　＾,東京都,葛飾区堀切3-12-12　ｃｈｏｕ　ｃｈｏｕ　102,124-0006,I,上野・浅草・錦糸町・新小岩・北千住
199868,Ｆａｂｒｉｃ　Ｈｏｔｅｌ　＾,東京都,墨田区向島5-23-1,131-0033,I,上野・浅草・錦糸町・新小岩・北千住
199634,Ｃｒｕｉｓｅ　Ｉｎｎ　Ｋｉｔａｓｅｎｊｕ　Ｓｔａｔｉｏｎ　Ｆｒｏｎｔ　１／民泊,東京都,足立区千住旭町1-4　unlogemeant106,120-0026,I,上野・浅草・錦糸町・新小岩・北千住
181601,たちばな,東京都,墨田区押上2-37-14,131-0045,I,上野・浅草・錦糸町・新小岩・北千住
175781,ｒａｋｕｎａ　Ｉｎｎ　河　〜ｏｓｈｉａｇｅ　＾,東京都,墨田区押上1-48-19,131-0045,I,上野・浅草・錦糸町・新小岩・北千住
166024,Ｔｏｋｙｏ　Ａｒｔ　Ｈｏｕｓｅ,東京都,荒川区東尾久3-25-2,116-0012,I,上野・浅草・錦糸町・新小岩・北千住
195054,ＷｏｎｄｅｒｆｕｌＳｔａｙＴＯＫＹＯ浅草　＾,東京都,台東区西浅草2-16-2,111-0035,I,上野・浅草・錦糸町・新小岩・北千住
194965,Ｌａ　Ｒｅｓｉｄｅｎｃｅ　Ｅａｓｔ　Ｔｏｋｙｏ１０１／民泊,東京都,墨田区向島3-17-9　Ｌａ　Ｒｅｓｉｄｅｎｃｅ　Ｅａｓｔ　Ｔｏｋｙｏ101,131-0033,I,上野・浅草・錦糸町・新小岩・北千住
199824,Ｍ－Ｂａｓｅ　Ｒｙｏｇｏｋｕ　Ｔｏｋｙｏ／民泊,東京都,墨田区緑1-5-8 緑ビル１階２階３階４階　Ｍ－Ｂａｓｅ　Ｒｙｏｇｏｋｕ　Ｔｏｋｙｏ,130-0021,I,上野・浅草・錦糸町・新小岩・北千住
195527,（Ｆ０２３）ＳＥＩＲＹＵビル２階　＾,東京都,墨田区押上1-38-4　清流ビル,131-0045,I,上野・浅草・錦糸町・新小岩・北千住
197527,Ｃｕｒｅ　吾妻橋,東京都,墨田区吾妻橋3-1-16 Cure 吾妻橋,130-0001,I,上野・浅草・錦糸町・新小岩・北千住
169185,ＴＯＭＡＲＩＥ　Ｈｏｒｉｋｉｒｉ　Ｒｅｓｉｄｅｎｔｉａｌ　Ｓｕｉｔｅ／民泊,東京都,葛飾区堀切3-21-14　堀切3-戸建,124-0006,I,上野・浅草・錦糸町・新小岩・北千住
200270,Ｂｏａｒｄ　Ｇａｍｅ　Ｈｏｕｓｅ　Ｔｏｋｙｏ／民泊,東京都,葛飾区立石1-1-3　Ｂｏａｒｄ　Ｇａｍｅ　Ｈｏｕｓｅ　Ｔｏｋｙｏ,124-0012,I,上野・浅草・錦糸町・新小岩・北千住
190657,Ｌａｐｉｓ　Ｈｏｕｓｅ／民泊,東京都,江戸川区南小岩6-22-12　Ｌａｐｉｓ　Ｈｏｕｓｅ,133-0056,I,上野・浅草・錦糸町・新小岩・北千住
171512,ｓｋｙｔｒｅｅ真下の一軒家を丸々貸切！ｓｋｙｔｒｅｅ徒歩１分、浅草寺１５分、羽田成田空港渋谷日光　＾,東京都,墨田区向島3-46-2　Ｈｏｔｅｌ　ｃｈｅｎ＇ｓ　ｈｏｕｓｅ,131-0033,I,上野・浅草・錦糸町・新小岩・北千住
190179,新築戸建／駅徒歩７分／浅草１０分／１２名　＾,東京都,葛飾区立石3-12-13　ＨＯＴＥＬ　Ｐｅｅｒｓｏｎ,124-0012,I,上野・浅草・錦糸町・新小岩・北千住
190631,灯光旅館－高砂１０１　＾,東京都,葛飾区高砂3-25-15　灯光旅館ー高砂,125-0054,I,上野・浅草・錦糸町・新小岩・北千住
200042,小林ビル３０２／民泊,東京都,台東区寿3-21-13 小林ビル３０２,111-0042,I,上野・浅草・錦糸町・新小岩・北千住
180625,寅ホテル　上野,東京都,台東区上野1-9-3,110-0005,I,上野・浅草・錦糸町・新小岩・北千住
191188,禅の宿（Ｚｅｎ　Ｈｏｕｓｅ）／民泊,東京都,足立区関原3-40-9　禅の宿（Ｚｅｎ　Ｈｏｕｓｅ）,123-0852,I,上野・浅草・錦糸町・新小岩・北千住
199141,クロススイーツ東京浅草（オリックスホテルズ＆リゾーツ）,東京都,台東区浅草2-33-7,111-0032,I,上野・浅草・錦糸町・新小岩・北千住
199656,ＳＫ　Ｈｏｕｓｅ　Ｔｏｋｙｏ　Ｕｅｎｏ　Ｐａｒｋ／民泊,東京都,台東区谷中1-4-2,101-0001,I,上野・浅草・錦糸町・新小岩・北千住
171784,一宿旅館雷門　＾,東京都,台東区雷門1-12-2　一宿旅館雷門,111-0034,I,上野・浅草・錦糸町・新小岩・北千住
185109,Ｏｎｅ　ｈｏｕｓｅ　Ｓｈｉｎｋｏｉｗａ　＾,東京都,葛飾区新小岩1-23-10　ＯＮＥ　ＨＯＵＳＥ　ＳＨＩＮＫＯＩＷＡ,124-0024,I,上野・浅草・錦糸町・新小岩・北千住
200365,ランドフォレスト両国／民泊,東京都,墨田区石原1-23-5ランドフォレスト両国301.302Ｌａｎｄｆｏｒｅｓｔｒｙｏｇｏｋｕ,130-0011,I,上野・浅草・錦糸町・新小岩・北千住
195455,ＰＲＩＭＥ浅草／民泊,東京都,台東区蔵前1-4-14　PRIME浅草,111-0051,I,上野・浅草・錦糸町・新小岩・北千住
200172,Ｓｋｙ　Ｔｒｅｅ　Ｖｉｅｗ　Ａｓａｋｕｓａ　＾,東京都,墨田区向島5-12-12　大津ビル４Ｆ,131-0033,I,上野・浅草・錦糸町・新小岩・北千住
169199,Ｏｒｉｇａｍｉ　Ｒｅｓｉｄｅｎｔｉａｌ　Ｓｕｉｔｅ　－　Ｔｏｋｙｏ　Ａｓａｋｕｓａ　Ｓｋｙｔｒ／民泊,東京都,墨田区東向島2-19-3　曳舟戸建,131-0032,I,上野・浅草・錦糸町・新小岩・北千住
186070,ＡＳＡＫＵＳＡ　ＨＯＵＳＥ／民泊,東京都,墨田区墨田2-4-12,131-0031,I,上野・浅草・錦糸町・新小岩・北千住
190700,新築戸建貸切駐車場付／家族滞在／長期滞在／浅草９分・スカイツリー５分／１５名収容　＾,東京都,葛飾区四つ木2-18-24　ＨＯＴＥＬ　Ｚｅｐｈｙｒ　Ｙｏｔｓｕｇｉ,124-0011,I,上野・浅草・錦糸町・新小岩・北千住
200181,羽田成田エリアハウス／民泊,東京都,葛飾区奥戸4-11-2,124-0022,I,上野・浅草・錦糸町・新小岩・北千住
196349,旅館ｉｒｉｙａ,東京都,足立区入谷7-16-7,121-0836,I,上野・浅草・錦糸町・新小岩・北千住
169356,戸建貸切／京成立石駅徒歩８分／ワークスペース／浅草１０分・スカイツリー７分／１２名　＾,東京都,葛飾区東立石2-13-10　Ｔａｔｅ　Ｓｔａｙ，ＴＯＫＹＯ,124-0013,I,上野・浅草・錦糸町・新小岩・北千住
194923,ＴーＨＯＴＥＬ入谷　＾,東京都,台東区下谷1-7-9　Ｔ-ＨＯＴＥＬ入谷,110-0004,I,上野・浅草・錦糸町・新小岩・北千住
197486,Ｈｏｔｅｌ　Ｇｕｉｌｄ　５,東京都,台東区浅草5-63-3,111-0032,I,上野・浅草・錦糸町・新小岩・北千住
194912,Ｔ　Ｈｏｔｅｌ浅草　＾,東京都,台東区浅草3-31-3　Ｔ　Ｈｏｔｅｌ,111-0032,I,上野・浅草・錦糸町・新小岩・北千住
174875,Ｈａｏ　Ｂｒｏｓ．　Ｈｏｍｅ　和（ＷＡ）・駅近・一軒家丸ごと　＾,東京都,葛飾区高砂3-24-12,125-0054,I,上野・浅草・錦糸町・新小岩・北千住
184953,ＴＨＥ　ＢＯＮＤＳ　ＨＯＴＥＬ　ＴＯＫＹＯ　＾,東京都,墨田区向島3-43-4　ＴＨＥ　ＢＯＮＤＳ　ＨＯＴＥＬ　ＴＯＫＹＯ,131-0033,I,上野・浅草・錦糸町・新小岩・北千住
199753,【Ｂｌｏｓｓｏｍ　Ｓｋｙ　Ｔｏｋｙｏ】全館貸切／屋上バルコニーあり／専用駐車場有／民泊,東京都,墨田区墨田1-10-8,131-0031,I,上野・浅草・錦糸町・新小岩・北千住
199666,ＹＯＬＯ　ＡＳＡＫＵＳＡ　ＳＴＡＹ　＾,東京都,墨田区向島1-10-3　YOLO ASAKUSA STAY,131-0033,I,上野・浅草・錦糸町・新小岩・北千住
200331,Ｊ　Ｐｅｒｉｏｄ　Ａｓａｋｕｓａ／民泊,東京都,台東区浅草6-6-5　ＳＵＮＢＲＩＧＨＴ　ＡＳＡＫＵＳＡ　５０１．４０２　Ｊ　Ｐｅｒｉｏｄ　Ａｓａｋｕｓａ,111-0032,I,上野・浅草・錦糸町・新小岩・北千住
189754,ラッキー東瑞江／民泊,東京都,江戸川区東瑞江1-11-7　ラッキー東瑞江,132-0014,I,上野・浅草・錦糸町・新小岩・北千住
190015,新築戸建貸切／四ツ木駅徒歩４分／家族滞在／浅草９分・スカイツリー５分／１５名収容　＾,東京都,葛飾区東四つ木3-30-11　ＨＯＴＥＬ　ダイニングプラス,124-0014,I,上野・浅草・錦糸町・新小岩・北千住
190954,貴頂府邸・西新井（ＫＩＣＹＯ　ＨＯＵＳＥ　ＮＯ２．）／民泊,東京都,足立区関原3-38-21,123-0852,I,上野・浅草・錦糸町・新小岩・北千住
191100,新築１棟貸切／広々９２平米４ＬＤＫ／家族滞在／観光に便利／スカイツリー７分・浅草１０分／１４名収　＾,東京都,葛飾区東立石3-8-9　Ｓｅｖｅｎ＇ｓ　Ｉｎｎ　Ｔａｔｅｉｓｈｉ,124-0013,I,上野・浅草・錦糸町・新小岩・北千住
153551,ＧＵＥＳＴ　ＨＯＵＳＥ　田家,東京都,台東区西浅草2-8-5,111-0035,I,上野・浅草・錦糸町・新小岩・北千住
186382,ホテル・旅館・雲間ＫＵＭＯＭＡ　＾,東京都,墨田区東向島1-10-17　雲間ＫＵＭＯＭＡ,131-0032,I,上野・浅草・錦糸町・新小岩・北千住
167323,ＭＩＭＡＲＵ東京　上野稲荷町,東京都,台東区東上野5-8-2,110-0015,I,上野・浅草・錦糸町・新小岩・北千住
175737,ｒａｋｕｎａ　Ｉｎｎ　和　Ｈｏｎｊｏ－Ａｚｕｍａｂａｓｈｉ　＾,東京都,墨田区東駒形2-21-9　持田ビル　1Ｆ,130-0005,I,上野・浅草・錦糸町・新小岩・北千住
189324,綾瀬駅２分／フルリノベーション済／大人数＆家族での滞在に最適な和モダンリビングの宿　＾,東京都,足立区綾瀬1-33-14　Ｃｏｚｙ　Ｓｔａｙ　Ｔｏｋｙｏ,120-0005,I,上野・浅草・錦糸町・新小岩・北千住
199541,新築一軒家７８平米／駅徒歩８分／屋上ＳｋｙＴｒｅｅＶｉｅｗ／商店街スーパー至近／光ネット付　＾,東京都,墨田区八広2-17-6　Ｐｒｉｖａｔｅ　Ｈｏｔｅｌ　Ｓｋｙｔｒｅｅ　Ｇａｒｄｅｎ,131-0041,I,上野・浅草・錦糸町・新小岩・北千住
190098,コノハ　ハウス　【Ｊａｐａｎｅｓｅ－ｓｔｙｌｅ　ｇｕｅｓｔ　ｈｏｕｓｅ　ｎｅａｒ　Ａｓａｋｕｓａ　＾,東京都,墨田区吾妻橋1-22-12　Ｋｏｎｏｈａ　Ｈｏｕｓｅ,130-0001,I,上野・浅草・錦糸町・新小岩・北千住
168613,ＨＯＴＥＬ　ＰＲＥＬＥ　ＳＨＩＮＫＡＮ　ホテルプレール新館,東京都,台東区西浅草2-25-7　ＣＳ浅草ビル2Ｆ,111-0035,I,上野・浅草・錦糸町・新小岩・北千住
169195,ＩＲＯＨＡ　Ｒｅｓｉｄｅｎｔｉａｌ　Ｓｕｉｔｅ　Ａｓａｋｕｓａ　Ｓｋｙｔｒｅｅ／民泊,東京都,墨田区向島2-3-11　向島戸建,131-0033,I,上野・浅草・錦糸町・新小岩・北千住
200329,Ａｓａｋｕｓａ　Ｌａｎｄｉｎｇ／民泊,東京都,台東区浅草4-22-10　Ａｓａｋｕｓａ　Ｌａｎｄｉｎｇ　２０１．３０１　Ａｓａｋｕｓａ　Ｌａｎｄｉｎｇ,111-0032,I,上野・浅草・錦糸町・新小岩・北千住
190562,上野悠悠之家民宿／民泊,東京都,台東区北上野2-4-9　上野悠悠之家,110-0014,I,上野・浅草・錦糸町・新小岩・北千住
190480,ＰＡＮＡＳＯＮＩＣ　ＨＯＭＥＳ　新築注文住宅一軒家４０ｍ／浅草まで７分／駅まで４分／光ネット付　＾,東京都,墨田区東駒形3-7-3　Ｐｒｉｖａｔｅ　Ｈｏｔｅｌ　Ａｓａｋｕｓａ,130-0005,I,上野・浅草・錦糸町・新小岩・北千住
198769,ＧＲＡＮＤ　ＭＯＮｄａｙ　上野御徒町,東京都,台東区台東4-6-1,110-0016,I,上野・浅草・錦糸町・新小岩・北千住
181991,ＭＯＮｄａｙ　Ａｐａｒｔ　Ｐｒｅｍｉｕｍ　上野御徒町,東京都,台東区上野3-8-8,110-0005,I,上野・浅草・錦糸町・新小岩・北千住
194211,貴頂府邸・関原／民泊,東京都,足立区関原3-37-3　貴頂府邸・関原,123-0852,I,上野・浅草・錦糸町・新小岩・北千住
200456,民泊　杜ノ夢　ｈｏｔｅｌ　ｍｏｒｉｎｏｙｕｍｅ　＾,東京都,墨田区本所2-10-6　民泊　杜ノ夢　ｈｏｔｅｌ　ｍｏｒｉｎｏｙｕｍｅ,130-0004,I,上野・浅草・錦糸町・新小岩・北千住
186803,東京浅草付近　５ＬＤＫ　戸建まるまる貸切：交通便利、静かな環境　＾,東京都,葛飾区東四つ木3-20-6　Ｓｔａｙ　Ｄｒｅａｍ　Ｈｏｔｅｌ,124-0014,I,上野・浅草・錦糸町・新小岩・北千住
191105,東京寓／民泊,東京都,足立区宮城1-32-20　Ｔｏｋｙｏ　Ｇｕ,120-0047,I,上野・浅草・錦糸町・新小岩・北千住
193950,Ｆｏｒｔｕｎｅ　Ｈｏｕｓｅ　Ｔｏｋｙｏ　Ｔａｔｅｉｓｈｉ　＾,東京都,葛飾区東立石3-27-9　Ｆｏｒｔｕｎｅ　Ｈｏｕｓｅ　Ｔｏｋｙｏ　Ｔａｔｅｉｓｈｉ,124-0013,I,上野・浅草・錦糸町・新小岩・北千住
192239,ＧＲＡＮＤ　ＭＯＮｄａｙ　浅草　（旧：ＭＯＮｄａｙ　Ａｐａｒｔ　Ｐｒｅｍｉｕｍ　浅草）,東京都,台東区西浅草2-16-5,111-0035,I,上野・浅草・錦糸町・新小岩・北千住
169198,Ｓｕｉｒｅｎ　Ｒｅｓｉｄｅｎｔｉａｌ　Ｓｕｉｔｅ　Ｔｏｋｙｏ／民泊,東京都,葛飾区堀切2-23-9　堀切戸建,124-0006,I,上野・浅草・錦糸町・新小岩・北千住
183928,ＭＩＭＡＲＵ東京　錦糸町,東京都,墨田区江東橋4-11-5,130-0022,I,上野・浅草・錦糸町・新小岩・北千住
180624,寅ホテル　スカイツリー,東京都,墨田区押上1-21-7　サンポービル5階,131-0045,I,上野・浅草・錦糸町・新小岩・北千住
194303,錦糸町駅徒歩５分のアクセス最高のアパート　＾,東京都,墨田区錦糸3-13-10　高橋ビル　２0２,130-0013,I,上野・浅草・錦糸町・新小岩・北千住
200371,【一棟貸切】新小岩駅徒歩１１分｜３ＬＤＫ｜最大６名｜東京駅直通｜ＡｓｏｂｉＳｔａｙ新小岩－柊　＾,東京都,葛飾区新小岩4-22-8ＡｓｏｂｉＳｔａｙ新小岩－柊－,124-0024,I,上野・浅草・錦糸町・新小岩・北千住
171815,Ｐｒｉｖａｔｅ　Ｈｏｔｅｌ　Ｏｓｈｉａｇｅ　＾,東京都,墨田区八広5-21-6号　Ｐｒｉｖａｔｅ　Ｈｏｔｅｌ　Ｏｓｈｉａｇｅ,131-0041,I,上野・浅草・錦糸町・新小岩・北千住
189673,Ｈｏｔｅｌ　ａｌｐｈａ　＾,東京都,墨田区東向島6-50-7　Ｈｏｔｅｌ　ａｌｐｈａ,131-0032,I,上野・浅草・錦糸町・新小岩・北千住
195364,ＬＩＦＥ　ＴＯＷＮ　ＯＳＨＩＡＧＥ／民泊,東京都,墨田区向島3-26-2 LIFE TOWN OSHIAGE 102.201.202.301.302.401.402.501.502号室　LIFE TOWN OSHIAGE,131-0033,I,上野・浅草・錦糸町・新小岩・北千住
195819,ビシクレットスミダ２号　＾,東京都,墨田区墨田2-22-1　102号室　ビシクレットスミダ,131-0031,I,上野・浅草・錦糸町・新小岩・北千住
200222,一棟貸旅館　ＺＥＮ　小岩　＾,東京都,江戸川区北小岩6-9-1,133-0051,I,上野・浅草・錦糸町・新小岩・北千住
194983,新御徒町駅６分／ＭＡＸ１２名／７２平米／浅草上野スカイツリー至近　＾,東京都,台東区三筋2-15-10　高岡ビル,111-0055,I,上野・浅草・錦糸町・新小岩・北千住
199539,ＴＨＩＲＤ　ＰＬＡＣＥ　ＴＯＫＹＯ　－Ａｏｔｏ－　＾,東京都,葛飾区青戸2-19-14,125-0062,I,上野・浅草・錦糸町・新小岩・北千住
190254,ＨＯＴＥＬ　Ｂｅｒｕｈｉｇｅｎ　Ｔｏｋｙｏ　＾,東京都,墨田区押上2-35-1　ＨＯＴＥＬ　Ｂｅｒｕｈｉｇｅｎ　Ｔｏｋｙｏ,131-0045,I,上野・浅草・錦糸町・新小岩・北千住
195390,ＬＩＦＥ　ＴＯＷＮ　ＳＨＩＮＫＯＩＷＡ／民泊,東京都,江戸川区松島4-18-7　LIFE TOWN SHINKOIWA102,132-0031,I,上野・浅草・錦糸町・新小岩・北千住
191175,ＴＯＭＡＲＩＥ　Ｒｅｓｉｄｅｎｔｉａｌ　Ｓｕｉｔｅ　Ｋｉｔａ－Ｓｅｎｊｕ／民泊,東京都,足立区柳原2-15-7,120-0022,I,上野・浅草・錦糸町・新小岩・北千住
190922,貴頂府邸・大谷田（ＫＩＣＹＯ　ＨＯＵＳＥ　ＮＯ．１）　＾,東京都,足立区大谷田1-13-12　貴頂府邸,120-0001,I,上野・浅草・錦糸町・新小岩・北千住
165786,ＭＩＭＡＲＵ東京　上野ＮＯＲＴＨ,東京都,台東区上野7-14-4,110-0005,I,上野・浅草・錦糸町・新小岩・北千住
169122,Ｚ＆Ｚ　Ｉｎｎ　Ｈｏｎｊｏ－Ａｚｕｍａｂａｓｈｉ　＾,東京都,墨田区本所3-27-1,130-0004,I,上野・浅草・錦糸町・新小岩・北千住
175098,一棟貸し　＾,東京都,荒川区西日暮里1-36-1,116-0013,I,上野・浅草・錦糸町・新小岩・北千住
200504,ＷＡＭＡＲＥ菊川ＨＯＴＥＬ　＾,東京都,墨田区菊川1-11-10　ＭＡＲＥ菊川,130-0024,I,上野・浅草・錦糸町・新小岩・北千住
191153,ＨＯＴＥＬ　ＩＴＳＵＫＩ　＾,東京都,墨田区八広6-58-5　ＨＯＴＥＬ　ＩＴＳＵＫ,131-0041,I,上野・浅草・錦糸町・新小岩・北千住
196154,ホテルオールイン東京浅草橋,東京都,台東区浅草橋4-3-3,111-0053,I,上野・浅草・錦糸町・新小岩・北千住
179723,Ｓｋｙｔｒｅｅ　Ｈｏｕｓｅ　Ｉｎ　Ｔｏｋｙｏ,東京都,墨田区墨田2-16-1,131-0031,I,上野・浅草・錦糸町・新小岩・北千住
195659,Ｍａｎｅｒｅ／民泊,東京都,台東区谷中2-9-22　第五森川荘,110-0001,I,上野・浅草・錦糸町・新小岩・北千住
195001,旅館○　＾,東京都,台東区浅草5-5-2,111-0032,I,上野・浅草・錦糸町・新小岩・北千住
191032,東駒形ビル２Ｆ３Ｆ　＾,東京都,墨田区東駒形2-10-10　2Ｆ,130-0005,I,上野・浅草・錦糸町・新小岩・北千住
189340,Ｋａｍｅｉ　Ｈｏｕｓｅ　＾,東京都,江東区亀戸8-15-10　Ｋａｍｅｉ　Ｈｏｕｓｅ,136-0071,I,上野・浅草・錦糸町・新小岩・北千住
186761,新築一軒家７５平米／駅徒歩４分／日本文化と現代感／Ｓｋｙ　Ｔｒｅｅ浅草近く／光ネット付　＾,東京都,墨田区東向島6-4-11　Ｐｒｉｖａｔｅ　Ｈｏｔｅｌ　Ｓｅａｓｏｎ　Ｓｐｒｉｎｇ,131-0032,I,上野・浅草・錦糸町・新小岩・北千住
195134,Ｓｏｇｎｏ　Ｈｏｕｓｅ　Ｔｏｋｙｏ　Ｕｅｎｏ／民泊,東京都,台東区東上野3-36-1,110-0015,I,上野・浅草・錦糸町・新小岩・北千住
176064,ＣＲＥＡＲＥ両国　＾,東京都,墨田区緑二-15-12号　ＣＲＥＡＲＥ両国,130-0021,I,上野・浅草・錦糸町・新小岩・北千住
199871,合豊花園旅館　＾,東京都,台東区西浅草2-2-10,111-0035,I,上野・浅草・錦糸町・新小岩・北千住
180622,寅ホテル　北上野,東京都,台東区北上野1-4-4,110-0014,I,上野・浅草・錦糸町・新小岩・北千住
183154,寅ホテル　台東,東京都,台東区台東3-34-8　佐々木ビル4・5Ｆ,110-0016,I,上野・浅草・錦糸町・新小岩・北千住
195547,ＬＡＮＧ　ＨＯＴＥＬ　Ａｓａｋｕｓａ　＾,東京都,台東区浅草1-6-2　LANG HOTEL Asakusa,111-0032,I,上野・浅草・錦糸町・新小岩・北千住
175725,ｒａｋｕｎａ　Ｉｎｎ　遊　Ｋｉｎｓｈｉｃｈｏ　錦糸町駅から徒歩６分　＾,東京都,墨田区太平2-5-4　プロスペリータユタカ　2階,130-0012,I,上野・浅草・錦糸町・新小岩・北千住
170949,Ｎａｍｉｏ　Ｈｏｕｓｅ　＾,東京都,文京区根津2-23-5　Ｎａｍｉｏ　Ｈｏｕｓｅ,113-0031,I,上野・浅草・錦糸町・新小岩・北千住
177525,Ａｏｂａｙａ,東京都,北区田端新町3-3-1,114-0012,I,上野・浅草・錦糸町・新小岩・北千住
170987,ＪＲ鶯谷駅徒歩７分！山手線沿線沿いで東京観光に抜群の一軒家　＾,東京都,台東区根岸4-5-13号　Ｌａ　Ｆｅｌｉｃｅ　Ｕｇｕｉｓｕｄａｎｉ,110-0003,I,上野・浅草・錦糸町・新小岩・北千住
177735,ＭＩＭＡＲＵ東京上野御徒町,東京都,台東区上野1-17-1,110-0005,I,上野・浅草・錦糸町・新小岩・北千住
200124,Ｈｏｕｒｓ　Ｈｏｕｓｅ　Ｔａｔｅｉｓｈｉ　＾,東京都,葛飾区立石8-11-14,124-0012,I,上野・浅草・錦糸町・新小岩・北千住
195504,Ｊｏｉｎｔ　Ｃｏｕｒｔ　Ｋａｍｅｉｄｏ　亀ちゃん　＾,東京都,江東区亀戸2-39-10　Joint Court Kameido Kame-chan,136-0071,I,上野・浅草・錦糸町・新小岩・北千住
167322,ＭＩＭＡＲＵ東京　上野ＥＡＳＴ,東京都,台東区東上野4-26-3,110-0015,I,上野・浅草・錦糸町・新小岩・北千住
169028,ＨＩＫＡＲＩ　ＨＯＵＳＥ　＾,東京都,葛飾区立石1－6－10,124-0012,I,上野・浅草・錦糸町・新小岩・北千住
193955,ＯＮＬＹ　ＹＯＵ　ＨＯＴＥＬ　＾,東京都,足立区千住緑町2-23-9　ＯＮＬＹ　ＹＯＵ　ＨＯＴＥＬ,120-0044,I,上野・浅草・錦糸町・新小岩・北千住
194255,Ｈｏｔｅｌ　Ａｌｐｈｉｎａｕｄ　＾,東京都,江東区亀戸4-16-17　Ｈｏｔｅｌ　Ａｌｐｈｉｎａｕｄ,136-0071,I,上野・浅草・錦糸町・新小岩・北千住
183990,宿家　やなぎ通り西棟,東京都,台東区浅草4-10-4,111-0032,I,上野・浅草・錦糸町・新小岩・北千住
195238,ｒａｋｕｎａ　ｉｎｎ　虹　ｎｉｚｉ〜ｏｓｈｉａｇｅ２　＾,東京都,墨田区押上3-36-9　ｒａｋｕｎａ　ｉｎｎ　虹　ｎｉｚｉ～ｏｓｈｉａｇｅ２,131-0045,I,上野・浅草・錦糸町・新小岩・北千住
199498,ＨｏｕｒｓＨｏｕｓｅ　ＨＤ　ＪＡＰＡＮ　＾,東京都,葛飾区高砂7-2-3,125-0054,I,上野・浅草・錦糸町・新小岩・北千住
190292,ＴＯＭＡＲＩＥ　Ｒｅｓｉｄｅｎｔｉａｌ　Ｓｕｉｔｅ　Ｈｉｇａｓｈｉ－Ｔａｔｅｉｓｈｉ／民泊,東京都,葛飾区東立石4-26-7　東立石戸建＿ＴＯＭＡＲＩＥ　Ｒｅｓｉｄｅｎｔｉａｌ　Ｓｕｉｔｅ　Ｈｉｇａｓｈｉ-Ｔａｔｅｉｓｈｉ,124-0013,I,上野・浅草・錦糸町・新小岩・北千住
190866,上野や浅草に近い　１２０ｍ２５ＬＤＫ戸建　無料駐車場　２つ浴室　＾,東京都,葛飾区お花茶屋3-24-2　花茶,124-0003,I,上野・浅草・錦糸町・新小岩・北千住
167837,ＮＯＨＧＡ　ＨＯＴＥＬ　ＵＥＮＯ　ＴＯＫＹＯ（ノーガホテル上野東京）,東京都,台東区東上野2-21-10,110-0015,I,上野・浅草・錦糸町・新小岩・北千住
195015,ＷｏｎｄｅｒｆｕｌＳｔａｙＴＯＫＹＯ浅草ＡＮＮＥＸ　＾,東京都,台東区西浅草2-16-2,111-0035,I,上野・浅草・錦糸町・新小岩・北千住
199520,Ｈｏｕｒｓ　Ｈｏｕｓｅ高砂１　＾,東京都,葛飾区高砂7-2-3　Ｈｏｕｒｓ　Ｈｏｕｓｅ高砂1,125-0054,I,上野・浅草・錦糸町・新小岩・北千住
168999,３階戸建、一軒家貸切、９９．４０ｍ２　＾,東京都,江東区大島　7－26－3　ＴＫ　Ｃｏｕｒｔ　Ｏｊｉｍａ,136-0072,I,上野・浅草・錦糸町・新小岩・北千住
193078,ＹＵＵＲＯ　Ｂａｔｈ－Ｌｉｖｉｎｇ　Ｈｏｔｅｌ　Ｒｙｏｇｏｋｕ,東京都,墨田区両国4-30-5 両国ビル9F ,130-0026,I,上野・浅草・錦糸町・新小岩・北千住
182465,ＭＩＭＡＲＵ東京　浅草ＳＴＡＴＩＯＮ,東京都,台東区雷門2-20-4,111-0034,I,上野・浅草・錦糸町・新小岩・北千住
195093,ＡＳＡＫＵＳＡ　ＬＯＦＴ／民泊,東京都,台東区松が谷2-17-10,11-0036,I,上野・浅草・錦糸町・新小岩・北千住
169191,ＦＩＮＯＡ　Ｒｅｓｉｄｅｎｔｉａｌ　Ｓｕｉｔｅ　Ａｓａｋｕｓａ／Ｏｓｈｉａｇｅ　Ｓｋｙｔｒｅｅ／民泊,東京都,墨田区東向島2-49-4　東向島2-戸建,131-0032,I,上野・浅草・錦糸町・新小岩・北千住
194615,浅草直通・駅５分｜１５０平米の広々５ＬＤＫ！和風庭＆スカイツリー夜景の家族向け邸宅家／民泊,東京都,葛飾区東立石4-37-8　ＧｒｅａｔＶｉｅｗＨｏｕｓｅ,124-0013,I,上野・浅草・錦糸町・新小岩・北千住
171565,龍馬ザ・タワー　Ｒｙｕｍａ　ＴＨＥ　ＴＯＷＥＲ／民泊,東京都,台東区台東4-28-1　Ｒｙｕｍａ　ＴＨＥ　ＴＯＷＥＲ,110-0016,I,上野・浅草・錦糸町・新小岩・北千住
184623,ＭＩＭＡＲＵ　ＳＵＩＴＥＳ　東京浅草,東京都,台東区花川戸1-10-13,111-0033,I,上野・浅草・錦糸町・新小岩・北千住
173898,Ｔｏｋｙｏ　Ｈｏｕｓｅ　Ａｓａｋｕｓａ／民泊,東京都,台東区花川戸2-9-13,111-0033,I,上野・浅草・錦糸町・新小岩・北千住
199681,（Ｆ０３９）雅〜ＭＩＹＡＢＩ〜　＾,東京都,墨田区業平4-10-9　勝田ビル1階,130-0002,I,上野・浅草・錦糸町・新小岩・北千住
186182,寅ホテル　浅草寺　ＴＯＲＡ　ＨＯＴＥＬ　ＳＥＮＳＯＪＩ　＾,東京都,台東区千束4-46-10　Ｒｅｇｎｏｃｏｍｆｏｒｔ　Ａｓａｋｕｓａ　ＩＩＩ,110-0031,I,上野・浅草・錦糸町・新小岩・北千住
200448,一棟貸切・押上駅３分・最大１４名様・１１０ｍ２越・浅草徒歩圏内　＾,東京都,墨田区業平3-4-12,130-0002,I,上野・浅草・錦糸町・新小岩・北千住
199688,Ｐｅｎｔｈｏｕｓｅ　Ｕｅｎｏ／民泊,東京都,台東区東上野6-10-8　リードシー東上野 8階+9階,110-0015,I,上野・浅草・錦糸町・新小岩・北千住
184681,ｓｔａｙ　ｍｅ　ＴＨＥ　ＨＯＴＥＬ　浅草リバーサイド,東京都,台東区浅草7-1-8,111-0032,I,上野・浅草・錦糸町・新小岩・北千住
192288,ＫａｎｄｏＳｔａｙ　ＴＯＫＹＯテラス（旧　上野ＮＩＰＰＯＲＩテラス－寛道－）,東京都,北区田端1-25-24,114-0014,I,上野・浅草・錦糸町・新小岩・北千住
184680,ｓｔａｙｍｅ　ＴＨＥ　ＨＯＴＥＬ　上野駅前,東京都,台東区上野7-10-13,110-0005,I,上野・浅草・錦糸町・新小岩・北千住
187504,ＧＬＡＭＰＥＡＣＥ　かつしか・四ツ木,東京都,葛飾区四つ木5-3-16　四つ木ファーストビル4階,124-0011,I,上野・浅草・錦糸町・新小岩・北千住
177020,Ｔｈｅａｔｅｒ　Ｚｚｚ,東京都,墨田区石原1-18-7　セントラルマンション1Ｆ,130-0011,I,上野・浅草・錦糸町・新小岩・北千住
147,旅館浅草指月,東京都,台東区浅草1-31-11,111-0032,I,上野・浅草・錦糸町・新小岩・北千住
206,桜旅館,東京都,台東区入谷2-6-2,110-0013,I,上野・浅草・錦糸町・新小岩・北千住
1500,ツーリストホテル,東京都,台東区東上野3-18-11,110-0015,I,上野・浅草・錦糸町・新小岩・北千住
5729,ホテル　ニュー東北,東京都,台東区東上野3-14-2,110-0015,I,上野・浅草・錦糸町・新小岩・北千住
7762,吉池ホテル,東京都,台東区上野3丁目19番7号,110-0005,I,上野・浅草・錦糸町・新小岩・北千住
10647,アネックス勝太郎旅館,東京都,台東区谷中3-8-4,110-0001,I,上野・浅草・錦糸町・新小岩・北千住
16358,入谷ステーションホテル,東京都,台東区入谷1-25-1,110-0013,I,上野・浅草・錦糸町・新小岩・北千住
20064,ツクバホテル,東京都,台東区元浅草2-7-8,111-0041,I,上野・浅草・錦糸町・新小岩・北千住
31491,観光ホテル　ニューアオキ,東京都,台東区千束4-23-3,111-0031,I,上野・浅草・錦糸町・新小岩・北千住
70340,ホテル浅草＆カプセル,東京都,台東区寿4-14-9,111-0042,I,上野・浅草・錦糸町・新小岩・北千住
76490,ホテルブーゲンビリア三ノ輪,東京都,台東区竜泉3-44-4,110-0012,I,上野・浅草・錦糸町・新小岩・北千住
76814,ＳＯＨＯ浅草,東京都,台東区千束4-28-11,111-0031,I,上野・浅草・錦糸町・新小岩・北千住
79337,エースイン浅草,東京都,台東区千束3-1-10,111-0031,I,上野・浅草・錦糸町・新小岩・北千住
80873,ホテル明月,東京都,荒川区南千住7-21-10,116-0003,I,上野・浅草・錦糸町・新小岩・北千住
108338,東横ＩＮＮ浅草蔵前１,東京都,台東区駒形1-3-13,111-0043,I,上野・浅草・錦糸町・新小岩・北千住
109400,古民家改装ゲストハウス　ｔｏｃｏ．,東京都,台東区下谷2-13-22,110-0004,I,上野・浅草・錦糸町・新小岩・北千住
130043,レジデンシャルホテル　ビーコンテ浅草,東京都,台東区浅草2-4-2,111-0032,I,上野・浅草・錦糸町・新小岩・北千住
139929,ホテル日光館,東京都,台東区東上野2丁目20-5,110-0015,I,上野・浅草・錦糸町・新小岩・北千住
142565,江戸さくら,東京都,台東区下谷3-2-13,110-0004,I,上野・浅草・錦糸町・新小岩・北千住
142641,東京上野ユースホステル,東京都,台東区上野1-13-6東京新潟県人会館４階,110-0005,I,上野・浅草・錦糸町・新小岩・北千住
149367,ＩＺＡ　浅草　ゲストハウス,東京都,墨田区東駒形1-18-8,130-0005,I,上野・浅草・錦糸町・新小岩・北千住
151096,Ｓａｔｏ　ｓａｎ’ｓ　Ｒｅｓｔ,東京都,荒川区南千住1-21-2,116-0003,I,上野・浅草・錦糸町・新小岩・北千住
151353,小松旅館,東京都,台東区東上野2-2-5,110-0015,I,上野・浅草・錦糸町・新小岩・北千住
151357,エンブレムホステル西新井,東京都,足立区梅島3-33-6,121-0816,I,上野・浅草・錦糸町・新小岩・北千住
153219,ＳＨＩＴＡＭＡＣＨＩ　ＢＡＳＥ,東京都,墨田区向島5-41-3-203,131-0033,I,上野・浅草・錦糸町・新小岩・北千住
158478,ゲストハウス　かがりび,東京都,足立区千住柳町19-1,120-0032,I,上野・浅草・錦糸町・新小岩・北千住
158656,江戸東京ホステル,東京都,江戸川区中央4-1-12　ＯＫビル2階,132-0021,I,上野・浅草・錦糸町・新小岩・北千住
161269,Ｓｈｉｂａｍａｔａ　ＦＵ－ＴＥＮ　Ｂｅｄ　ａｎｄ　Ｌｏｃａｌ,東京都,葛飾区柴又7-12-19,125-0052,I,上野・浅草・錦糸町・新小岩・北千住
163019,Ｌｉｔｔｌｅ　Ｊａｐａｎ（リトルジャパン）,東京都,台東区浅草橋 3-10-8,111-0053,I,上野・浅草・錦糸町・新小岩・北千住
163041,ドミカフェＫ,東京都,台東区浅草1-14-3,111-0032,I,上野・浅草・錦糸町・新小岩・北千住
164439,ＴＯＫＹＯ　ＧＵＥＳＴ　ＨＯＵＳＥ　２０２０,東京都,荒川区東尾久2-33-14　東京ゲストハウス2020,116-0012,I,上野・浅草・錦糸町・新小岩・北千住
164440,浅草Ｂｕｔｔｏｂｉ,東京都,台東区西浅草2-12-10,111-0035,I,上野・浅草・錦糸町・新小岩・北千住
164580,Ｌａ　Ｋｒａｓｓｅ　墨田,東京都,墨田区向島1-16-8,131-0033,I,上野・浅草・錦糸町・新小岩・北千住
164763,ＫＩＫＩ　ＨＯＵＳＥ,東京都,葛飾区東立石3-23-14,124-0013,I,上野・浅草・錦糸町・新小岩・北千住
165760,ホステル蔵,東京都,台東区東上野6-6-9,110-0015,I,上野・浅草・錦糸町・新小岩・北千住
166201,Ｈｏｓｔｅｌ　Ｃｈａｐｔｅｒ　Ｔｗｏ　Ｔｏｋｙｏ,東京都,台東区雷門2-1-6,111-0034,I,上野・浅草・錦糸町・新小岩・北千住
166256,ＢＡＳＥ　ＩＮＮ　ＴＡＢＡＴＡ,東京都,北区田端新町3-5-7　安岡ビルディング3Ｆ,114-0012,I,上野・浅草・錦糸町・新小岩・北千住
166268,ＡＥＴ　ＨＯＴＥＬ,東京都,墨田区押上3-25-17,131-0045,I,上野・浅草・錦糸町・新小岩・北千住
166546,金馬伊東旅館,東京都,台東区駒形2-6-3,111-0043,I,上野・浅草・錦糸町・新小岩・北千住
166953,ホテル和箔新,東京都,台東区松が谷4-21-6,111-0036,I,上野・浅草・錦糸町・新小岩・北千住
167159,ホステルイン東京両国,東京都,墨田区石原1-38-4,130-0011,I,上野・浅草・錦糸町・新小岩・北千住
167194,ＫＩＮＧ’Ｓ　ＨＯＴＥＬ,東京都,江戸川区平井5-33-3,132-0035,I,上野・浅草・錦糸町・新小岩・北千住
167216,ＴＨＥ　ＳＯＲＡＰＩＡ　ＴＯＫＹＯ,東京都,墨田区向島5-11-11,131-0033,I,上野・浅草・錦糸町・新小岩・北千住
167511,Ｇｒｅｅｎ　ホテル,東京都,台東区東上野6-4-4,110-0015,I,上野・浅草・錦糸町・新小岩・北千住
168852,東京スカイツリーと近い、駅から徒歩１分　＾,東京都,墨田区墨田2－11－11,131-0031,I,上野・浅草・錦糸町・新小岩・北千住
168912,スカイツリー電車６分、駅より徒歩４分、設備完備　＾,東京都,墨田区墨田4－29－3,131-0031,I,上野・浅草・錦糸町・新小岩・北千住
168938,戸建貸切／東向島駅徒歩５分／フルリノベ／スカイツリー６分浅草９分／１３名収容　＾,東京都,墨田区東向島6－51－14,131-0032,I,上野・浅草・錦糸町・新小岩・北千住
169133,ＴＯＭＡＲＩＥ　Ｒｅｓｉｄｅｎｔｉａｌ　Ｓｕｉｔｅ　Ｏｓｈｉ／民泊,東京都,葛飾区四つ木1-18-4　四つ木戸建て,124-0011,I,上野・浅草・錦糸町・新小岩・北千住
169148,ＴＯＭＡＲＩＥ　Ｒｅｓｉｄｅｎｔｉａｌ　Ｓｕｉｔｅ　Ｅｄｏｇａｗａ／民泊,東京都,江戸川区篠崎町4-17-9　篠崎戸建,133-0061,I,上野・浅草・錦糸町・新小岩・北千住
169188,Ｎｏｎｏｍｕｒａ　Ｂｕｉｌｄｉｎｇ　Ａｏｔｏ／民泊,東京都,葛飾区青戸3-33-3　野々村ビル,125-0062,I,上野・浅草・錦糸町・新小岩・北千住
169194,ＣＡＳＡ　ＧＬＯＲＩＡ　Ｋａｎａｍａｃｈｉ／民泊,東京都,葛飾区金町5-5-1　カーサグロリア　金町戸建,125-0042,I,上野・浅草・錦糸町・新小岩・北千住
169208,ＴＯＭＡＲＩＥ　Ｒｅｓｉｄｅｎｃｉａｌ　Ｓｕｉｔｅ　Ｈｉｋｉ／民泊,東京都,墨田区八広5-3-3　八広戸建て,131-0041,I,上野・浅草・錦糸町・新小岩・北千住
169334,鉄筋コンクリート造、エレベーターあり、交通便利、綺麗マンション　＾,東京都,墨田区墨田4-43-11　ＫＧマンション,131-0031,I,上野・浅草・錦糸町・新小岩・北千住
169349,ＥＫ　Ｈｏｕｓｅ　天空樹　＾,東京都,墨田区京島2-23-9　ＥＫ　Ｈｏｕｓｅ　天空樹,131-0046,I,上野・浅草・錦糸町・新小岩・北千住
169389,ＫＴ　ＨＯＵＳＥ　＾,東京都,葛飾区東立石4-21-6　ＫＴ　ＨＯＵＳＥ,124-0013,I,上野・浅草・錦糸町・新小岩・北千住
169411,浅草／スカイツリー／上野／成田／羽田空港直行／駅から徒歩８分でアクセス至便　＾,東京都,葛飾区青戸4-22-24　Ｊｏｙ　ｈｏｕｓｅ　2,125-0062,I,上野・浅草・錦糸町・新小岩・北千住
169464,新宿／秋葉原／東京／ディズニーリゾート／最大１２名様入居可能　＾,東京都,葛飾区東新小岩5-21-6　Ｊｏｙ　ｈｏｕｓｅ,124-0023,I,上野・浅草・錦糸町・新小岩・北千住
169532,Ａｓａｋｕｓａ　Ｓｋｙ　Ｓｔａｙ　５０１５０２　＾,東京都,墨田区東駒形3-21-2　Ａｓａｋｕｓａ　Ｓｋｙ　Ｓｔａｙ,130-0005,I,上野・浅草・錦糸町・新小岩・北千住
169641,ＢＥＳＳＯ　ＹＯＴＳＵＧＩ／民泊,東京都,葛飾区四つ木1-13-3ハイツ吉永103　ＢＥＳＳＯ　ＹＯＴＳＵＧＩ,124-0011,I,上野・浅草・錦糸町・新小岩・北千住
169836,ＫＥＹＨＯＴＥＬ秋葉原　秋葉原徒歩６分　＾,東京都,台東区台東1-32-6　ＫＥＹ‘Ｓ　Ｈ　秋葉原,110-0016,I,上野・浅草・錦糸町・新小岩・北千住
169888,ＨＯＴＥＬ　ＬＯＴＵＳ（新築一戸建Ｍａｘ１２名）　＾,東京都,墨田区東向島5-12-7号　ＨＯＴＥＬ　ＬＯＴＵＳ,131-0032,I,上野・浅草・錦糸町・新小岩・北千住
169897,★３ＬＤＫ新築デザイナーズ一戸建てまるまる貸し切り★　＾,東京都,葛飾区高砂2-21-12　Ｌｏｃａｌ　Ｓｔａｙ　Ｔａｋａｓａｇｏ,125-0054,I,上野・浅草・錦糸町・新小岩・北千住
170076,八広４丁目戸建て／民泊,東京都,墨田区八広4-29-7　Ｙａｈｉｒｏ　4-ｃｈｏｍｅ　Ｋｏｄａｔｅ,131-0041,I,上野・浅草・錦糸町・新小岩・北千住
170077,石原２丁目戸建て／民泊,東京都,墨田区石原2-27-11　Ｉｓｈｉｈａｒａ　2-ｃｈｏｍｅ　Ｋｏｄａｔｅ,130-0011,I,上野・浅草・錦糸町・新小岩・北千住
170156,【ペット同伴可能！】一棟貸６８ｍ２！Ｗｉ－Ｆｉ　無料！成田／羽田１本★スカイツリー４駅★浅草６駅　＾,東京都,葛飾区東立石4-21-8　タカノプライベートレンタルハウス,124-0013,I,上野・浅草・錦糸町・新小岩・北千住
170207,望塔－ＢＯＵＴＯＵ－　＾,東京都,墨田区東向島1-2-6　ＢＯＵＴＯＵ,131-0032,I,上野・浅草・錦糸町・新小岩・北千住
170209,２０２１年新築　鉄筋コンクリート造　＾,東京都,台東区竜泉3-30-3　Ｈｏｔｅｌ　ｅｍｉｒ,110-0012,I,上野・浅草・錦糸町・新小岩・北千住
170474,Ａ．Ｋビル／民泊,東京都,台東区浅草4-1-11　Ａ．Ｋビル,111-0032,I,上野・浅草・錦糸町・新小岩・北千住
170505,ＶＩＬＬＥＴＴＩＮＡ浅草／民泊,東京都,台東区浅草5-2-6　ＶＩＬＬＥＴＴＩＮＡ浅草,111-0032,I,上野・浅草・錦糸町・新小岩・北千住
170536,ＬＯＦＴ　ＨＯＴＥＬ　ＴＯＫＹＯ　浅草・☆本所吾妻橋駅徒歩５分☆東京スカイツリー、浅草、秋葉　＾,東京都,墨田区本所3-23-3　ＬＯＦＴ　ＨＯＴＥＬ　ＴＯＫＹＯ　Ａｓａｋｕｓａ,130-0004,I,上野・浅草・錦糸町・新小岩・北千住
170744,ＫＯＫＯＲＯ　ＨＯＵＳＥ　＾,東京都,江東区大島2-10-25　ＫＯＫＯＲＯ　ＨＯＵＳＥ,136-0072,I,上野・浅草・錦糸町・新小岩・北千住
170750,Ｕｅｎｏ／民泊,東京都,台東区台東3-30-3　フォースクエアズ上野,110-0016,I,上野・浅草・錦糸町・新小岩・北千住
170757,ｋａｍｅａｒｉ／民泊,東京都,葛飾区亀有3-18-2　セントラルエクセル,125-0061,I,上野・浅草・錦糸町・新小岩・北千住
170832,Ｄｅｃｏｂｏｃｏ　ｈａｎａｒｅ／民泊,東京都,江東区海辺19-17　Ｄｅｃｏｂｏｃｏ　ｈａｎａｒｅ,135-0012,I,上野・浅草・錦糸町・新小岩・北千住
170904,「東京下町生活」　＾,東京都,台東区根岸3-7-8　Ｔｏｋｙｏ　Ｓｈｉｔａｍａｃｈｉ　Ｓｅｉｋａｔｓｕ,110-0003,I,上野・浅草・錦糸町・新小岩・北千住
171084,★安心一棟貸切★スカイツリー１５分♪麻雀ルーム！グループ＆ファミリーにおすすめの一棟貸し／民泊,東京都,墨田区墨田5-40-18　ＦｕｗａＦｕｗａ,131-0031,I,上野・浅草・錦糸町・新小岩・北千住
171107,【帰国後の自主隔離歓迎】ＡｉｒＳｔａｙ青砥／民泊,東京都,葛飾区青戸6-26-18　エフレム青砥,125-0062,I,上野・浅草・錦糸町・新小岩・北千住
171316,ＡｓａｋｕｓａＳｋｙＳｔａｙ　＾,東京都,墨田区東駒形3-21-2　ＡｓａｋｕｓａＳｋｙＳｔａｙ,130-0005,I,上野・浅草・錦糸町・新小岩・北千住
171325,ＦｒｏｍＳｃｒａｔｃｈ　ＴＯＫＹＯ　Ｈａｎａｒｅ　＾,東京都,江東区扇橋2-4-4　2Ｆ　ＦｒｏｍＳｃｒａｔｃｈ　ＴＯＫＹＯ　Ｈａｎａｒｅ,135-0011,I,上野・浅草・錦糸町・新小岩・北千住
171379,蒼空ホテルＳＯＬＡ　ＨＯＴＥＬ　＾,東京都,墨田区業平5-5-6　蒼空ホテル,130-0002,I,上野・浅草・錦糸町・新小岩・北千住
171384,Ｆｒｏｍ　ｓｃｒａｔｃｈ　ＴＯＫＹＯ　＾,東京都,江東区扇橋2-4-4　Ｆｒｏｍ　ｓｃｒａｔｃｈ　ＴＯＫＹＯ,135-0011,I,上野・浅草・錦糸町・新小岩・北千住
171488,【コロナ自粛隔離可能】フルリノベの新しいお部屋！和の雰囲気を楽しめます！駅徒歩４分！最大５名　＾,東京都,墨田区菊川1-11-10-1階　ＭＡＲＥ菊川,130-0024,I,上野・浅草・錦糸町・新小岩・北千住
171501,グラシアス荒川　＾,東京都,荒川区荒川3-41-1　Ｇｒａｃｉａｓ　Ａｒａｋａｗａ,116-0002,I,上野・浅草・錦糸町・新小岩・北千住
171692,【Ｋ．Ｈｏｕｓｅ】駅から徒歩２分！下町の３階建て一軒家　＾,東京都,荒川区東尾久1-1-9　Ｋ．Ｈｏｕｓｅ,116-0012,I,上野・浅草・錦糸町・新小岩・北千住
171745,Ｇｒｅｅｎ　Ｈｏｕｓｅ　１０１＿予約受付停止中／民泊,東京都,江戸川区南小岩5-20-3　1Ｆ,133-0056,I,上野・浅草・錦糸町・新小岩・北千住
172735,茶室ｒｙｏｋａｎ　ａｓａｋｕｓａ,東京都,台東区浅草3-32-12,111-0032,I,上野・浅草・錦糸町・新小岩・北千住
173125,ＨＯＴＥＬ　ＳＯＬＯＭＯＮ,東京都,江東区大島5-11-13,136-0072,I,上野・浅草・錦糸町・新小岩・北千住
173136,シエスタ１,東京都,台東区東上野1-7-7,110-0015,I,上野・浅草・錦糸町・新小岩・北千住
173171,ライトニングホテル　浅草,東京都,台東区雷門1-8-6,111-0034,I,上野・浅草・錦糸町・新小岩・北千住
173202,宿家　浅草千草町,東京都,台東区浅草5-35-3,111-0032,I,上野・浅草・錦糸町・新小岩・北千住
173203,宿家　とりごえ,東京都,台東区鳥越1-25-8,111-0025,I,上野・浅草・錦糸町・新小岩・北千住
173204,宿家　東浅草離宮,東京都,台東区東浅草2-10-1,111-0025,I,上野・浅草・錦糸町・新小岩・北千住
173378,２人の値段、完全個室、鍵付出入り自由、浅草に便利な金町駅／民泊,東京都,葛飾区水元3-21-15　フローラル金町　ｆｌｏｒａｌ　ｋａｎａｍａｈｉ,125-0032,I,上野・浅草・錦糸町・新小岩・北千住
173457,浅草・スカイツリーも近く＊両国駅３分にある、綺麗なマンション／民泊,東京都,墨田区両国4-38-6 ウイング両国,130-0026,I,上野・浅草・錦糸町・新小岩・北千住
173539,元祖銭湯民泊　　Ｊａｐａｎ＇ｓ　ｆｉｒｓｔ　ｐｕｂｌｉｃ　ｂａｔｈ　ｉｎｎ／民泊,東京都,台東区谷中2-18-7,110-0001,I,上野・浅草・錦糸町・新小岩・北千住
173704,貸切一軒宿・ＴＡＫＡＨＯＵＳＥ　Ｔｏｋｙｏ　Ｔａｋａｓａｇｏ　＾,東京都,葛飾区高砂4-6-3,125-0054,I,上野・浅草・錦糸町・新小岩・北千住
173729,ＹＯＴＵＢＡ　ＨＯＵＳＥ　＾,東京都,台東区柳橋2-8-4,111-0052,I,上野・浅草・錦糸町・新小岩・北千住
174112,閑静な住宅地の一戸建て全室個室：中国語ＯＫ・駅まで送迎可能／民泊,東京都,葛飾区西亀有1-9-7,124-0002,I,上野・浅草・錦糸町・新小岩・北千住
174127,押上駅（スカイツリー）徒歩１０分　曳舟駅徒歩５分　テレワークにも最適な一軒家／民泊,東京都,墨田区京島1-10-2,131-0046,I,上野・浅草・錦糸町・新小岩・北千住
174286,東京舎人ガーデンハウス／民泊,東京都,足立区入谷1-9-9,121-0836,I,上野・浅草・錦糸町・新小岩・北千住
174304,日暮里・千駄木・西日暮里・各駅徒歩５分以内・最大８名／民泊,東京都,台東区谷中3-15-4 谷中ハウス 101,110-0001,I,上野・浅草・錦糸町・新小岩・北千住
174445,八広スカイツリーハウス／民泊,東京都,墨田区東墨田2-27-15　リバーサイドマンション103号,131-0042,I,上野・浅草・錦糸町・新小岩・北千住
174913,ジェームス　ゲストハウス　浅草／民泊,東京都,葛飾区柴又4-13-3,125-0052,I,上野・浅草・錦糸町・新小岩・北千住
175273,浅草ＥＡＳＴテラス－寛道－／民泊,東京都,葛飾区東四つ木3-22-15,124-0014,I,上野・浅草・錦糸町・新小岩・北千住
175287,Ｒｙｕｓｅｉ＇ｓ　Ｈｏｕｓｅ／民泊,東京都,台東区入谷1-19-5 Ryusei′s House,110-0013,I,上野・浅草・錦糸町・新小岩・北千住
175318,ＡｏＳｃａｐｅ　Ｔｏｋｙｏ　＾,東京都,墨田区東向島2-20-7,131-0032,I,上野・浅草・錦糸町・新小岩・北千住
175340,ガレージホテル　堀切菖蒲園　＾,東京都,葛飾区堀切2-27-13  ガレージホテル堀切菖蒲園,124-0006,I,上野・浅草・錦糸町・新小岩・北千住
175494,浅草・合羽橋エリア　静かな環境　コンビニ・ミニスーパー至近　最寄り駅複数あり　＾,東京都,台東区松が谷3-14-4 小林ビル,111-0036,I,上野・浅草・錦糸町・新小岩・北千住
175578,Ｕｅｎｏ　Ｒｅｓｉｄｅｎｃｅ　Ｈｏｔｅｌ　Ｍａｔｓｕｍｏｔｏ　＾,東京都,台東区台東3-34-4,110-0016,I,上野・浅草・錦糸町・新小岩・北千住
175680,スターイン　＾,東京都,葛飾区青戸5-19-20　スターイン,125-0062,I,上野・浅草・錦糸町・新小岩・北千住
175710,上野御徒町　ｕ－ｈｏｍｅ／民泊,東京都,台東区台東4-28-1　第二龍馬ビル,110-0016,I,上野・浅草・錦糸町・新小岩・北千住
175854,ｍａｉｓｏｎ－ＰＨＩＬＩＰＰＥ　ＳＨＩＴＡＹＡ　＾,東京都,台東区下谷2－12－8　ｍａｉｓｏｎ－ＰＨＩＬＩＰＰＥ,110-0004,I,上野・浅草・錦糸町・新小岩・北千住
175877,浅草ＹＡＩＣＨＩの宿　＾,東京都,台東区浅草2－32－2,111-0032,I,上野・浅草・錦糸町・新小岩・北千住
175899,新築一軒家　２Ｆ３Ｆ部分貸し切り／民泊,東京都,墨田区墨田　3－36－17,131-0031,I,上野・浅草・錦糸町・新小岩・北千住
175908,馬一ＩＮＮ　＾,東京都,台東区浅草2－32－2,111-0032,I,上野・浅草・錦糸町・新小岩・北千住
176899,ＳＡＫＵＲＡ,東京都,江東区亀戸3-55-6,136-0071,I,上野・浅草・錦糸町・新小岩・北千住
177817,ＭＡＹ　ＫＡＭＥＩＤＯ,東京都,江東区亀戸7-29-9,136-0071,I,上野・浅草・錦糸町・新小岩・北千住
177959,秋葉原　旅荘中川,東京都,台東区上野5-3-7,110-0005,I,上野・浅草・錦糸町・新小岩・北千住
178556,プチグランデ雅,東京都,墨田区石原1-2-10,130-0011,I,上野・浅草・錦糸町・新小岩・北千住
179014,ＥＳＴＡＢＬＩＳＨＭＥＮＴ　Ａｓａｋｕｓａ,東京都,墨田区押上3-28-21,131-0045,I,上野・浅草・錦糸町・新小岩・北千住
179064,吉月閣　浅草５丁目,東京都,台東区浅草5-30-5,111-0032,I,上野・浅草・錦糸町・新小岩・北千住
179080,秋の旅館,東京都,台東区台東1-14-3,110-0016,I,上野・浅草・錦糸町・新小岩・北千住
179666,Ｔｈｅ　Ｈｉｄｅｏｕｔ　Ｔｏｋｙｏ,東京都,台東区下谷1-13-3,110-0004,I,上野・浅草・錦糸町・新小岩・北千住
179855,ｃｏｍｍｕｎ　ｒｙｏｇｏｋｕ,東京都,墨田区両国2-11-10,130-0026,I,上野・浅草・錦糸町・新小岩・北千住
179922,森下旅館,東京都,江東区森下4-23-4,135-0004,I,上野・浅草・錦糸町・新小岩・北千住
180060,ＴＨＥＧＲＡＴＩＡＳＨＯＴＥＬＡＳＡＫＵＳＡＲＥＳＩＤＥＮＣＥ,東京都,墨田区東駒形2-3-11,130-0005,I,上野・浅草・錦糸町・新小岩・北千住
180130,Ｃｏｚｙ　ｈｏｕｓｅ　葛飾,東京都,葛飾区小菅1-19-8,124-0001,I,上野・浅草・錦糸町・新小岩・北千住
180255,Ｔｓｕｂａｍｅ　ｈｏｔｅｌ　ａｓａｋｕｓａｂａｓｈｉ（燕　ホテル　浅草橋）,東京都,台東区柳橋2-13-1,111-0052,I,上野・浅草・錦糸町・新小岩・北千住
180262,ＳＵＮ　ＨＯＴＥＬ,東京都,足立区千住緑町2-27-7,120-0044,I,上野・浅草・錦糸町・新小岩・北千住
180319,ホテルセイルズ浅草,東京都,台東区千束2-18-1,111-0031,I,上野・浅草・錦糸町・新小岩・北千住
180320,ホテルセイルズ,東京都,台東区三ノ輪1-2-7,110-0011,I,上野・浅草・錦糸町・新小岩・北千住
180395,スマイルステイ押上,東京都,墨田区業平3-10-13,130-0002,I,上野・浅草・錦糸町・新小岩・北千住
180517,ビジネスホテルかしわ,東京都,荒川区南千住2-20-13,116-0003,I,上野・浅草・錦糸町・新小岩・北千住
180546,Ｏｎｅ　Ｇｌｏｂａｌ　Ｆａｍｉｌｙ　Ｇｕｅｓｔ　Ｒｏｏｍ（地球村家族宿）,東京都,江東区亀戸9-6-19　三富ビル401,136-0071,I,上野・浅草・錦糸町・新小岩・北千住
180598,Ｍｙ　Ｈｏｍｅ　ｉｎ　Ｔｏｋｙｏ　１Ｆ,東京都,葛飾区立石1-6-16　1Ｆ,124-0012,I,上野・浅草・錦糸町・新小岩・北千住
180599,Ｍｙ　Ｈｏｍｅ　ｉｎ　Ｔｏｋｙｏ　２Ｆ,東京都,葛飾区立石1-6-16　2Ｆ,124-0012,I,上野・浅草・錦糸町・新小岩・北千住
180600,Ｍｙ　Ｈｏｍｅ　ｉｎ　Ｔｏｋｙｏ　３Ｆ,東京都,葛飾区立石1-6-16　3Ｆ,124-0012,I,上野・浅草・錦糸町・新小岩・北千住
180605,Ｔｏｕｃｈ　ａｎｄ　Ｇｏ　Ａｚｕｍａｂａｓｈｉ,東京都,墨田区吾妻橋3-4-6,130-0001,I,上野・浅草・錦糸町・新小岩・北千住
180676,Ａｓａｋｕｓａ　ＨｏｍｅＳｕｉｔｅｓ　Ｔｏｋｙｏ,東京都,台東区西浅草2-20-10,111-0035,I,上野・浅草・錦糸町・新小岩・北千住
180800,ＣＲＥＡＲＥ両国,東京都,墨田区緑2-15-12,130-0021,I,上野・浅草・錦糸町・新小岩・北千住
181086,Ｋａｎａｅ　Ｈｏｕｓｅ,東京都,葛飾区新小岩,124-0024,I,上野・浅草・錦糸町・新小岩・北千住
181109,Ｔｈｅ　Ｂａｒｎ　Ｔｏｋｙｏ,東京都,台東区根岸3-12-16　Ｔｈｅ　Ｂａｒｎ　Ｔｏｋｙｏ,110-0003,I,上野・浅草・錦糸町・新小岩・北千住
181167,イーストスクエア東京,東京都,江東区森下2-22-6,135-0004,I,上野・浅草・錦糸町・新小岩・北千住
181254,８４６Ａｐａｒｔｍｅｎｔ,東京都,荒川区西日暮里1-45-8,116-0013,I,上野・浅草・錦糸町・新小岩・北千住
181269,キャリアハウス四つ木,東京都,葛飾区四つ木1-32-11,124-0011,I,上野・浅草・錦糸町・新小岩・北千住
181302,ＫＩＫＩ　ＨＯＵＳＥ２,東京都,葛飾区立石1-15-2,124-0012,I,上野・浅草・錦糸町・新小岩・北千住
181350,Ｎｏｍａｄ　Ｈｏｓｔｅｌ　Ｃｌａｓｓｉｃ,東京都,墨田区東駒形2-9-14,130-0005,I,上野・浅草・錦糸町・新小岩・北千住
181351,Ｎｏｍａｄ　Ｈｏｓｔｅｌ　Ｅａｓｔ,東京都,墨田区東駒形1-18-3,130-0005,I,上野・浅草・錦糸町・新小岩・北千住
181748,ＬａｃＱｕｅｒ　Ｈｏｕｓｅ　ＡＳＡＫＵＳＡ　Ｉ,東京都,台東区浅草3-41-2,111-0032,I,上野・浅草・錦糸町・新小岩・北千住
181749,ＬａｃＱｕｅｒ　Ｈｏｕｓｅ　ＡＳＡＫＵＳＡ　ＩＩ,東京都,台東区浅草3-41-2,111-0032,I,上野・浅草・錦糸町・新小岩・北千住
181783,アメリカン・ヴィンテージ・スイート,東京都,墨田区向島4-30-5 THOビル2階,131-0033,I,上野・浅草・錦糸町・新小岩・北千住
182106,東和宿泊,東京都,荒川区町屋3-23-18,116-0001,I,上野・浅草・錦糸町・新小岩・北千住
182639,ドッツ東京,東京都,台東区北上野2-1-17,110-0014,I,上野・浅草・錦糸町・新小岩・北千住
182674,Ｃａｌｍ浅草雷門,東京都,墨田区吾妻橋1-15-7,130-0001,I,上野・浅草・錦糸町・新小岩・北千住
182676,Ｈｏｔｅｌ　Ｃｉｅｌ　Ｈｉｌｌｓ,東京都,墨田区業平4-2-12,130-0002,I,上野・浅草・錦糸町・新小岩・北千住
182756,ｈａｍａｃａ　ｈｏｕｓｅ　Ｋａｍｅｉｄｏ,東京都,江東区亀戸6丁目5-1,136-0071,I,上野・浅草・錦糸町・新小岩・北千住
182822,ＨＯＴＥＬ　ＥＭＩＲ,東京都,台東区竜泉3-30-3,110-0012,I,上野・浅草・錦糸町・新小岩・北千住
182877,Ｇｒｅｅｎ　Ｓｅａ　Ｏｓｈｉａｇｅ,東京都,墨田区業平4-12-7,136-0031,I,上野・浅草・錦糸町・新小岩・北千住
182878,ｈａｍａｃａ　ｈｏｕｓｅ　Ｔａｍａｎｏｉ,東京都,墨田区墨田3-6-14,136-0031,I,上野・浅草・錦糸町・新小岩・北千住
182881,和箔　新,東京都,台東区松が谷4-21-6,111-0036,I,上野・浅草・錦糸町・新小岩・北千住
183092,東京ヴィラ　リバーサイド平井,東京都,江戸川区平井5-39-5,132-0035,I,上野・浅草・錦糸町・新小岩・北千住
183125,ＩＫＯＩ　ＨＯＴＥＬ　ＴＯＫＹＯ,東京都,台東区千束2-35-2,111-0031,I,上野・浅草・錦糸町・新小岩・北千住
183432,Ｍｒ．金太郎ホテル　浅草サウス,東京都,台東区三筋2-4-10,111-0055,I,上野・浅草・錦糸町・新小岩・北千住
183720,ＹＡＮＡＫＡ　ＳＯＷ,東京都,台東区谷中5-2-14,110-0001,I,上野・浅草・錦糸町・新小岩・北千住
183722,セレンディピティ錦糸町,東京都,墨田区錦糸1-6-9,130-0013,I,上野・浅草・錦糸町・新小岩・北千住
183796,浅草ザ・アパートメント,東京都,台東区寿2-3-8ボニータ・カーサ田原町,111-0042,I,上野・浅草・錦糸町・新小岩・北千住
183935,浅草九倶楽部ホテル,東京都,台東区浅草2-16-2,111-0032,I,上野・浅草・錦糸町・新小岩・北千住
184958,ｈｏｔｅｌ　ａｉｍａ　＾,東京都,台東区東上野2-19-7　ｈｏｔｅｌ　ａｉｍａ,110-0015,I,上野・浅草・錦糸町・新小岩・北千住
184961,ＣｏｍｆｙＨｏｍｅ小岩／民泊,東京都,江戸川区北小岩6-24-2　ＣｏｍｆｙＨｏｍｅ　Ｋｏｉｗａ,133-0051,I,上野・浅草・錦糸町・新小岩・北千住
184992,浅草ＳＡＫＵＲＡ－ＲＹＯＫＡＮ　＾,東京都,墨田区横川1-8-7　浅草　ＳＡＫＵＲＡ-ＲＹＯＫＡＮ,130-0003,I,上野・浅草・錦糸町・新小岩・北千住
185042,ＡＯＴＯＩＮＮ　＾,東京都,葛飾区青戸2-8-4　ＡＯＴＯＩＮＮ,125-0062,I,上野・浅草・錦糸町・新小岩・北千住
185045,星河客舎　＾,東京都,墨田区八広6-21-8　星河客舎,131-0041,I,上野・浅草・錦糸町・新小岩・北千住
185053,ｗｉｎｄ　ｈｏｕｓｅ　＾,東京都,台東区下谷3-8-1号　ｗｉｎｄ　ｈｏｕｓｅ,110-0004,I,上野・浅草・錦糸町・新小岩・北千住
185100,ザ・バレル亀戸ゲストハウス　＾,東京都,江東区亀戸5-11-2　ザ・バレル亀戸ビル201・301・302　Ｔｈｅ　Ｂａｒｒｅｌ　Ｋａｍｅｉｄｏ　Ｇｕｅｓｔ　Ｈｏｕｓｅ,136-0071,I,上野・浅草・錦糸町・新小岩・北千住
185294,日当たり良好！　ｗｉ－ｆｉ完備！広々とした９５ｍ２！マンスリーＯＫ　＾,東京都,葛飾区東立石2-10-4　Ｊｏｙ　Ｈｏｕｓｅ3,124-0013,I,上野・浅草・錦糸町・新小岩・北千住
185434,ＨＷ．ＨＩＬＬＳ　森下／民泊,東京都,墨田区千歳3-5-11　ＨＷ．ＨＩＬＬＳ　ＭＯＲＩＳＨＩＴＡ　1001,130-0025,I,上野・浅草・錦糸町・新小岩・北千住
185478,１９６ｍ２戸建貸切５Ｂｅｄ　Ｒｏｏｍ／東向島徒歩８分　浅草やスカイツリーも近い★　＾,東京都,墨田区東向島6-57-19　Ｈｏｔｅｌ　ｂｅ　ｈｏｍｅ　Ｔｏｋｙｏ,131-0032,I,上野・浅草・錦糸町・新小岩・北千住
185657,３階建て３ＬＤＫ・１１２ｍ２　＾,東京都,墨田区向島4-13-27　ＨＯＴＥＬ　Ｌａ　ｅｓｔ　Ｍａｉｓｏｎ　ＳＵＭＩＤＡ,131-0033,I,上野・浅草・錦糸町・新小岩・北千住
185734,ジェイズバックパッカーズ　＾,東京都,葛飾区高砂1-23-7　Ｊ＇ｓ　Ｂａｃｋｐａｃｋｅｒｓ,125-0054,I,上野・浅草・錦糸町・新小岩・北千住
185841,錦糸町ハウス／民泊,東京都,墨田区江東橋4-16-10　ハミング錦糸町303,130-0022,I,上野・浅草・錦糸町・新小岩・北千住
186180,花築・浅草和心ホテル　＾,東京都,台東区花川戸2-7-2　花築・浅草和心ホテル,111-0033,I,上野・浅草・錦糸町・新小岩・北千住
186212,【Ｃｒｏｗｎ　海辺】　＾,東京都,江東区海辺15-6　Ｃｒｏｗｎ　Ｕｍｉｂｅ,135-0012,I,上野・浅草・錦糸町・新小岩・北千住
186276,ＣＲＯＷＮ大島　＾,東京都,江東区大島7-37-3　ＣＲＯＷＮ　Ｏｊｉｍａ,136-0072,I,上野・浅草・錦糸町・新小岩・北千住
186434,七福神ハウス／民泊,東京都,台東区寿3-14-9　スカイテラス浅草,111-0042,I,上野・浅草・錦糸町・新小岩・北千住
186579,★ＯＰＥＮＳＡＬＥ★リノベーション済／浅草２０分／スカイツリー１８分　＾,東京都,葛飾区堀切4-58-7　ＨＯＴＥＬ　Ｆｌａｇ　Ｔｏｋｙｏ,124-0006,I,上野・浅草・錦糸町・新小岩・北千住
186709,悠悠之家　新小岩民宿／民泊,東京都,葛飾区新小岩4-9-5　悠悠之家　新小岩民宿,124-0024,I,上野・浅草・錦糸町・新小岩・北千住
186855,浅草ホテル　＾,東京都,台東区寿二-7-8号　Ａｓａｋｕｓａ　Ｈｏｔｅｌ,111-0042,I,上野・浅草・錦糸町・新小岩・北千住
186877,ｓｋｙｔｒｅｅ　ｈｏｕｓｅ　＾,東京都,墨田区京島2-3-7　ｓｋｙｔｒｅｅｈｏｕｓｅ,131-0046,I,上野・浅草・錦糸町・新小岩・北千住
187067,ＡＥ　Ｈｏｔｅｌ　上野東京,東京都,台東区下谷1-7-4,110-0004,I,上野・浅草・錦糸町・新小岩・北千住
187607,八鎌倉,東京都,葛飾区鎌倉4-32-14,125-0053,I,上野・浅草・錦糸町・新小岩・北千住
187942,Ｇｕｅｓｔ　Ｈｏｕｓｅ　Ｔｏｋｙｏ　Ｓａｍｕｒａｉ,東京都,台東区西浅草3-16-10,111-0035,I,上野・浅草・錦糸町・新小岩・北千住
188029,ＦＬホテル　浅草,東京都,台東区松が谷2-30-1,111-0036,I,上野・浅草・錦糸町・新小岩・北千住
188168,浅草吉居ＡＳＡＫＵＳＡ　ＹＯＳＨＩＩ　ＨＯＴＥＬ,東京都,台東区浅草3-42-4,111-0032,I,上野・浅草・錦糸町・新小岩・北千住
189204,ＳＨＩＴＡＭＡＣＨＩ　ＰＬＡＣＥ　ＴＯＫＹＯ,東京都,墨田区押上1-25-4,131-0045,I,上野・浅草・錦糸町・新小岩・北千住
189331,イルニード／民泊,東京都,墨田区東駒形2-7-3　イルニード,130-0005,I,上野・浅草・錦糸町・新小岩・北千住
189431,スカイツリーイン　＾,東京都,墨田区東向島2-34-2　Ｓｋｙ　Ｔｒｅｅ　Ｉｎｎ,131-0032,I,上野・浅草・錦糸町・新小岩・北千住
189748,ラッキー青戸／民泊,東京都,葛飾区青戸3-41-7　ラッキー青戸,125-0062,I,上野・浅草・錦糸町・新小岩・北千住
189866,東四つ木／最大８人／スカイツリーまで１０分／無料Ｗｉ－Ｆｉ／民泊,東京都,葛飾区東四つ木3-49-1　スカイビル,124-0014,I,上野・浅草・錦糸町・新小岩・北千住
190070,枕木　Ｒａｉｌｗａｙ　Ｓｃｅｎｅｒｙ　Ｔｅｒｒａｃｅ／民泊,東京都,北区田端6-8-2,114-0014,I,上野・浅草・錦糸町・新小岩・北千住
190111,ＦＩＮＯＡ　Ｔａｔｅｉｓｈｉ　ｒｅｓｉｄｅｎｓｉａｌ　ｓｕｉｔｅ／民泊,東京都,葛飾区立石8-14-2　ＦＩＮＯＡ　Ｔａｔｅｉｓｈｉ　ｒｅｓｉｄｅｎｓｉａｌ　ｓｕｉｔｅ,124-0012,I,上野・浅草・錦糸町・新小岩・北千住
190534,立石４丁目ＨＯＵＳＥ　＾,東京都,葛飾区立石4-2-13　立石4-ＨＯＵＳＥ,124-0012,I,上野・浅草・錦糸町・新小岩・北千住
190605,ＡＫＡＲＩＹＡ　ＡＳＡＫＵＳＡ（燈屋浅草）　＾,東京都,墨田区本所3-16-6　Ｈｏｒｉｚｏｎ　Ｂｌｅｕ　Ａｓａｋｕｓａ,130-0004,I,上野・浅草・錦糸町・新小岩・北千住
190607,ＨＯＴＥＬ　Ｇｒａｎｄ　Ｓｔａｒ　Ｔｏｋｙｏ　＾,東京都,墨田区東向島6-57-4　ＨＯＴＥＬ　Ｇｒａｎｄ　Ｓｔａｒ　Ｔｏｋｙｏ,131-0032,I,上野・浅草・錦糸町・新小岩・北千住
190916,新築戸建貸切／京成立石駅徒歩７分／家族滞在／スカイツリー７分浅草１０分／１０名迄／羽田・成田空港　＾,東京都,葛飾区東立石4-25-14　ＴＯＫＹＯ　ＳＴＡＹ　-　ＴＡＴＥＩＳＨＩ,124-0013,I,上野・浅草・錦糸町・新小岩・北千住
191010,ＲＥ　東京ホテル　＾,東京都,葛飾区立石8-20-14　ＲＥ　Ｔｏｋｙｏ　Ｈｏｔｅｌ,124-0012,I,上野・浅草・錦糸町・新小岩・北千住
191076,Ｈａｐｐｙ　Ｈｏｕｓｅ　西小岩／民泊,東京都,江戸川区西小岩5-14-5　メゾン西五-街,133-0057,I,上野・浅草・錦糸町・新小岩・北千住
191110,星田ハウス／民泊,東京都,墨田区立花4-8-17　星田ハウス,131-0043,I,上野・浅草・錦糸町・新小岩・北千住
191471,Ｂｏｃｃｈｉ　Ｈｏｓｔｅｌ　　　ＰＡＴ　Ｈｏｕｓｅ,東京都,台東区日本堤2-2-2,111-0021,I,上野・浅草・錦糸町・新小岩・北千住
191735,Ｈｏｔｅｌ　Ｙｏｓｈｉｎａｇａ　Ｙｏｔｓｕｇｉ,東京都,葛飾区四つ木1-13-3　吉永ハイツ102号室,124-0011,I,上野・浅草・錦糸町・新小岩・北千住
191736,Ｌｕｃｋｙ　Ｈｏｒｉｋｉｒｉ,東京都,葛飾区堀切4-11-4　第二富士マンション201,124-0006,I,上野・浅草・錦糸町・新小岩・北千住
191771,ＯＨＷＡ　ｈｏｓｔｅｌ　ｍｉｎｏｗａ　ｓｔａｔｉｏｎ,東京都,台東区三ノ輪1-8-4,110-0011,I,上野・浅草・錦糸町・新小岩・北千住
192624,ＵＭＩＢＥ　ＡＰＡＲＴＭＥＮＴ,東京都,江東区海辺16-10,135-0012,I,上野・浅草・錦糸町・新小岩・北千住
192895,ホステルイン東京浅草ＥＡＳＴ,東京都,墨田区東駒形3-7-6,130-0005,I,上野・浅草・錦糸町・新小岩・北千住
193129,Ｆｌｏｗｅｒ　Ｔｅａ　Ｈｏｔｅｌ,東京都,葛飾区お花茶屋3-24-2,124-0003,I,上野・浅草・錦糸町・新小岩・北千住
193434,淺草千の森,東京都,台東区浅草6-3-9,111-0032,I,上野・浅草・錦糸町・新小岩・北千住
194099,キングスフラット平井３０１／民泊,東京都,江戸川区平井5-33-3　キングスフラット平井301,132-0035,I,上野・浅草・錦糸町・新小岩・北千住
194124,短期・長期・トラベル・ビジネス亀有ステイ／民泊,東京都,葛飾区亀有2-67-11　エルスタンザ亀有310,125-0061,I,上野・浅草・錦糸町・新小岩・北千住
194168,ＪＩ千住別荘／民泊,東京都,足立区千住仲町25-4　Ｊｌ　Ｓｅｎｊｕ　Ｂｅｓｓｏ,120-0036,I,上野・浅草・錦糸町・新小岩・北千住
194174,花の郷　北小岩／民泊,東京都,江戸川区北小岩5-4-18　Ｈａｎａ　ｎｏ　Ｓａｔｏ　Ｋｉｔａｋｏｉｗａ,133-0051,I,上野・浅草・錦糸町・新小岩・北千住
194367,ＦＩＮＯＡ　Ｒｅｓｉｄｅｎｔｉａｌ　Ｓｕｉｔｅ　Ｈｉｇａｓｈｉｋａｎａｍａｃｈｉ／民泊,東京都,葛飾区東金町2-1-4　東金町戸建,125-0041,I,上野・浅草・錦糸町・新小岩・北千住
194473,東京雅麗館／民泊,東京都,足立区千住曙町11-3,120-0023,I,上野・浅草・錦糸町・新小岩・北千住
194594,浅草寺まで徒歩８分の広くて静かな民泊／民泊,東京都,台東区寿3-16-15　新未ビル,111-0042,I,上野・浅草・錦糸町・新小岩・北千住
194739,貸切ヴィラ　＾,東京都,墨田区八広6-30-2　ｌｉｎａ　ｈｏｔｅｌ　ｓｋｙｔｒｅｅ,131-0041,I,上野・浅草・錦糸町・新小岩・北千住
195021,浅草　原田屋／民泊,東京都,台東区日本堤2-2-14　Ａｓａｋｕｓａ　Ｈａｒａｄａｙａ,111-0021,I,上野・浅草・錦糸町・新小岩・北千住
195043,墨田区立川２丁目戸建て／民泊,東京都,墨田区立川2-6-11,130-0023,I,上野・浅草・錦糸町・新小岩・北千住
195113,ＭＩＤＬＡＮＤ　ＨＯＴＥＬ　＾,東京都,台東区台東1-23-2,110-0016,I,上野・浅草・錦糸町・新小岩・北千住
195233,亀のや　＾,東京都,足立区中川4-40-21　Ｋａｍｅｎｏｙａ,120-0002,I,上野・浅草・錦糸町・新小岩・北千住
195730,金町駅徒歩６分｜駐車場有｜アクセス良好｜１１名貸切｜　｜ＷＩＦＩ有｜人気の下町｜ベビー用品完備／民泊,東京都,葛飾区金町2-27-10,125-0042,I,上野・浅草・錦糸町・新小岩・北千住
196159,ＭＫＧ　ＨＯＴＥＬ　Ａｓａｋｕｓａ,東京都,台東区駒形2-4-9,111-0043,I,上野・浅草・錦糸町・新小岩・北千住
197576,ＨＯＴＥＬ　ＴＯＫＩ　季,東京都,台東区東上野2-15-2,110-0015,I,上野・浅草・錦糸町・新小岩・北千住
197734,ＬＡＫＵ　ＨＯＴＥＬ　ＡＳＡＫＵＳＡ,東京都,台東区寿3-18-5,111-0042,I,上野・浅草・錦糸町・新小岩・北千住
197846,９ＳＴＡＹ蔵前,東京都,台東区三筋2-6-6 麻生ビル,111-0055,I,上野・浅草・錦糸町・新小岩・北千住
197864,小美玉ホーム　新小岩,東京都,江戸川区松島4-24-9,132-0032,I,上野・浅草・錦糸町・新小岩・北千住
197946,ステイマスターホテル,東京都,足立区南花畑2-2-3　サニーＳ２ビル３Ｆ,121-0062,I,上野・浅草・錦糸町・新小岩・北千住
198425,Ｌｉｎｋｓ　Ｈｏｔｅｌ　上野,東京都,台東区東上野5-11-9,110-0015,I,上野・浅草・錦糸町・新小岩・北千住
198635,東京こそ　ＴＯＫＹＯＫＯＳＯ,東京都,台東区三筋1-2-10,111-0055,I,上野・浅草・錦糸町・新小岩・北千住
198711,ＡＨＡＩ　ホテル２,東京都,葛飾区新小岩1-21-11,124-0024,I,上野・浅草・錦糸町・新小岩・北千住
199032,ＹＯＬＯ　ホテル,東京都,墨田区菊川2-5-6　須藤ビル　1F,130-0024,I,上野・浅草・錦糸町・新小岩・北千住
199163,ＨＵＢＥＸ　ＡＫＩＨＡＢＡＲＡ,東京都,台東区上野5-5-1,110-0005,I,上野・浅草・錦糸町・新小岩・北千住
199197,水のかたち,東京都,足立区関原2-17-2,123-0852,I,上野・浅草・錦糸町・新小岩・北千住
199440,ＳＴＡＴＩＯＮ　ＳＩＤＥ　１１３,東京都,葛飾区四つ木1-1-3,124-0011,I,上野・浅草・錦糸町・新小岩・北千住
199441,ＴＤ　ＳＴＡＹ　ＴＯＫＹＯ,東京都,墨田区江東橋4-20-5,130-0022,I,上野・浅草・錦糸町・新小岩・北千住
199491,ＩＮＡ　ＨＯＵＳＥ　小岩２０２／民泊,東京都,江戸川区西小岩1-18-14　ベルハイムＡ　202,133-0057,I,上野・浅草・錦糸町・新小岩・北千住
199492,ＩＮＡ　ＨＯＵＳＥ　小岩１０２／民泊,東京都,江戸川区西小岩1-18-14　ベルハイムＡ　102,133-0057,I,上野・浅草・錦糸町・新小岩・北千住
199837,浅草・スカイツリー近く｜最大１５名｜ファミリー・グループ最適　＾,東京都,葛飾区立石3-11-8 Ｓｔａｙ　Ｋａｙｕｈａ,124-0012,I,上野・浅草・錦糸町・新小岩・北千住
200530,ベット３台【駅徒歩７分】３９ｍ２１ＬＤＫ【セルフチェックイン】／民泊,東京都,江戸川区東瑞江3-45-5,132-0014,I,上野・浅草・錦糸町・新小岩・北千住
201739,Ｋ　Ｖｉｌｌａｇｅ　Ｔｏｋｙｏ,東京都,葛飾区お花茶屋1-25-2-201,124-0003,I,上野・浅草・錦糸町・新小岩・北千住
201826,ブリス亀有,東京都,葛飾区亀有5-5-11,125-0061,I,上野・浅草・錦糸町・新小岩・北千住
201883,ＫＯＫＯ　ＨＯＴＥＬ　Ｒｅｓｉｄｅｎｃｅ　東京押上,東京都,墨田区押上1-40-11,131-0045,I,上野・浅草・錦糸町・新小岩・北千住
163253,ＨＯＴＥＬ　ＧＲＡＮＳＫＹ【大人専用１８禁・ハピホテ提携】,東京都,墨田区江東橋4-5-16,130-0022,I,上野・浅草・錦糸町・新小岩・北千住
163255,ＨＯＴＥＬ　ＬＯＨＡＳ【大人専用１８禁・ハピホテ提携】,東京都,墨田区江東橋4-7-11,130-0022,I,上野・浅草・錦糸町・新小岩・北千住
163284,ＨＯＴＥＬ５５５【大人専用１８禁・ハピホテ提携】,東京都,墨田区江東橋4-12-9,130-0022,I,上野・浅草・錦糸町・新小岩・北千住
163427,ＨＯＴＥＬ　ＥＸＥ【大人専用１８禁・ハピホテ提携】,東京都,台東区根岸1-7-2,110-0003,I,上野・浅草・錦糸町・新小岩・北千住
163474,ホテルパピオン【大人専用１８禁・ハピホテ提携】,東京都,荒川区西日暮里5-15-5,116-0013,I,上野・浅草・錦糸町・新小岩・北千住
201923,Ｍｉｎｎ奥浅草,東京都,台東区浅草3-34-11 懐石瓢庵,111-0032,I,上野・浅草・錦糸町・新小岩・北千住
1694,Ｈｏｔｅｌ　Ｒｅｓｉｄｅｎｃｅ　ｕｎｉｔｏ　ＫＩＫＵＫＡＷＡ,東京都,墨田区菊川2-3-8,130-0024,I,上野・浅草・錦糸町・新小岩・北千住
4809,ホテル東華,東京都,江戸川区平井3-11-8　TOKAビル,132-0035,I,上野・浅草・錦糸町・新小岩・北千住
9139,ビジネスホテル　トキワ,東京都,江東区森下3-7-2,135-0004,I,上野・浅草・錦糸町・新小岩・北千住
18311,ビジネスホテル　やなぎや＜東京都＞,東京都,台東区東上野2-19-4,110-0015,I,上野・浅草・錦糸町・新小岩・北千住
41398,ファミリー＆バックパック東京ホステル,東京都,台東区竜泉3-12-5,110-0012,I,上野・浅草・錦糸町・新小岩・北千住
62682,旅館　会津屋本店,東京都,台東区清川2-17-2,111-0022,I,上野・浅草・錦糸町・新小岩・北千住
136122,浅草ホテル旅籠,東京都,台東区駒形2-6-8,111-0043,I,上野・浅草・錦糸町・新小岩・北千住
151278,ｈａｎａｒｅ,東京都,台東区谷中3-10-25　HAGISO,110-0001,I,上野・浅草・錦糸町・新小岩・北千住
158884,浅草千束ハウス,東京都,台東区千束4-28-5,111-0031,I,上野・浅草・錦糸町・新小岩・北千住
178287,ＬＣＨＯＴＥＬ＆ＳＴＡＹ　２Ａ,東京都,葛飾区四つ木5-24-9,124-0011,I,上野・浅草・錦糸町・新小岩・北千住
178897,ＡＲＣＳＥＮＳ,東京都,墨田区石原1-13-4,130-0011,I,上野・浅草・錦糸町・新小岩・北千住
179870,東京ひかりゲストハウス,東京都,台東区蔵前2-1-29,111-0051,I,上野・浅草・錦糸町・新小岩・北千住
180381,ホステルイン東京蔵前,東京都,台東区蔵前3-19-10,111-0051,I,上野・浅草・錦糸町・新小岩・北千住
181354,ＨＡＲＭＯＮＩＡ　東京堀切,東京都,葛飾区堀切4-9-4　ほりぐちビル,124-0006,I,上野・浅草・錦糸町・新小岩・北千住
184409,準備中,東京都,台東区,111-0032,I,上野・浅草・錦糸町・新小岩・北千住
196401,ＱｉＱｉ　ｈｏｕｓｅ　Ｅｌｅｇａｎｃｅ,東京都,墨田区八広4-21-8,131-0041,I,上野・浅草・錦糸町・新小岩・北千住
196702,Ｔｏｋｙｏ　Ｓｕｍｉｄａ　ｋａｎｅｇａｆｕｃｈｉ　Ｍｏｍｅｎｔ　Ｖｉｌｌａ,東京都,墨田区墨田2-13-5,131-0031,I,上野・浅草・錦糸町・新小岩・北千住
201827,ｉｌｌｉ　Ｓｅｎ　Ｏｓｈｉａｇｅ,東京都,墨田区業平1-21-10 JU SKY CRYSTAL押上 3-8F,130-0002,I,上野・浅草・錦糸町・新小岩・北千住
163216,ＨＯＴＥＬ　ＳＣＨＡＬＬ【大人専用１８禁・ハピホテ提携】,東京都,台東区根岸1-3-9,110-0003,I,上野・浅草・錦糸町・新小岩・北千住
163232,ホテル　ＣＯＬＯＲＥ【大人専用１８禁・ハピホテ提携】,東京都,墨田区江東橋4-8-6,130-0022,I,上野・浅草・錦糸町・新小岩・北千住
163266,ＡＳＩＡＮ　ＲＥＳＯＲＴ　ＨＯＴＥＬ　ＶＯＧＵＥ【大人専用１８禁・ハピホテ提携】,東京都,足立区鹿浜2-15-20,123-0864,I,上野・浅草・錦糸町・新小岩・北千住
163340,ホテルＫＡＨＮＩ【大人専用１８禁・ハピホテ提携】,東京都,台東区根岸2-14-7,110-0003,I,上野・浅草・錦糸町・新小岩・北千住
163424,ホテル　ニューシーズ鶯谷【大人専用１８禁・ハピホテ提携】,東京都,台東区根岸2-4-12,110-0003,I,上野・浅草・錦糸町・新小岩・北千住
163446,ホテルカリフォルニア雷門【大人専用１８禁・ハピホテ提携】,東京都,台東区雷門2-13-9,111-0034,I,上野・浅草・錦糸町・新小岩・北千住
163447,ホテル　ヴォーグ【大人専用１８禁・ハピホテ提携】,東京都,台東区根岸2-13-4,110-0003,I,上野・浅草・錦糸町・新小岩・北千住
111-0053","I","上野・浅草・錦糸町・新小岩・北千住","","","","","","","","","","","","",""
"29183","ホテル　ニューパーク","東京都","台東区東上野2-19-5","110-0015","I","上野・浅草・錦糸町・新小岩・北千住","","","","","","","","","","","","",""
"137085","ＴＨＥ　ＧＡＴＥ　ＨＯＴＥＬ（ザ・ゲートホテル）　雷門　ｂｙ　ＨＵＬＩＣ","東京都","台東区雷門2-16-11","111-0034","I","上野・浅草・錦糸町・新小岩・北千住","","","","","","","","","","","","",""
"1031","パールホテル両国","東京都","墨田区横網1-2-24","130-0015","I","上野・浅草・錦糸町・新小岩・北千住","","","","","","","","","","","","",""
"16330","ホテルマイステイズ亀戸","東京都","江東区亀戸6-32-1","136-0071","I","上野・浅草・錦糸町・新小岩・北千住","","","","","","","","","","","","",""
"4977","ホテル　丸谷","東京都","台東区上野6-7-6","110-0005","I","上野・浅草・錦糸町・新小岩・北千住","","","","","","","","","","","","",""
"166056","ホテルルートインＧｒａｎｄ東京浅草橋","東京都","台東区浅草橋2-29-14","111-0053","I","上野・浅草・錦糸町・新小岩・北千住","","","","","","","","","","","","",""
"178936","Ｓｍａｒｔ　Ｓｔａｙ　ＳＨＩＺＵＫＵ　上野駅前","東京都","台東区上野2-13-11","110-0005","I","上野・浅草・錦糸町・新小岩・北千住","","","","","","","","","","","","",""
"67423","ホテル　アクセラ","東京都","台東区日本提1-40-12","111-0021","I","上野・浅草・錦糸町・新小岩・北千住","","","","","","","","","","","","",""
"106147","スーパーホテル上野・御徒町","東京都","台東区上野5-23-12","110-0005","I","上野・浅草・錦糸町・新小岩・北千住","","","","","","","","","","","","",""
"5071","アパホテル〈東京大島〉","東京都","江東区大島1-8-7","136-0072","I","上野・浅草・錦糸町・新小岩・北千住","","","","","","","","","","","","",""
"1583","両国リバーホテル","東京都","墨田区両国2-13-8","130-0026","I","上野・浅草・錦糸町・新小岩・北千住","","","","","","","","","","","","",""
"151189","アパホテル〈京成上野駅前〉","東京都","台東区上野2-14-26","110-0005","I","上野・浅草・錦糸町・新小岩・北千住","","","","","","","","","","","","",""
"187462","天然温泉　凌天の湯　御宿　野乃浅草別邸（ドーミーイン・御宿野乃　ホテルズグループ）","東京都","台東区浅草2-7-26","111-0032","I","上野・浅草・錦糸町・新小岩・北千住","","","","","","","","","","","","",""
"183014","京成リッチモンドホテル東京錦糸町","東京都","墨田区江東橋3-2-7","130-0022","I","上野・浅草・錦糸町・新小岩・北千住","","","","","","","","","","","","",""
"165754","変なホテル東京　浅草橋","東京都","台東区浅草橋1-10-5","111-0053","I","上野・浅草・錦糸町・新小岩・北千住","","","","","","","","","","","","",""
"151067","アパホテル〈上野駅北〉","東京都","台東区上野7-12-11","110-0005","I","上野・浅草・錦糸町・新小岩・北千住","","","","","","","","","","","","",""
"184763","アパホテル〈浅草　蔵前北〉","東京都","台東区駒形2-4-10","111-0043","I","上野・浅草・錦糸町・新小岩・北千住","","","","","","","","","","","","",""
"149093","くれたけイン東京船堀","東京都","江戸川区船堀1-7-19","134-0091","I","上野・浅草・錦糸町・新小岩・北千住","","","","","","","","","","","","",""
"819","展望大浴場あさひ湯　ドーミーインＥＸＰＲＥＳＳ浅草（ドーミーイン・御宿野乃　ホテルズグループ）","東京都","台東区花川戸1-3-4","111-0033","I","上野・浅草・錦糸町・新小岩・北千住","","","","","","","","","","","","",""
"167943","アパホテル〈浅草駅前〉","東京都","台東区駒形1-12-16","111-0043","I","上野・浅草・錦糸町・新小岩・北千住","","","","","","","","","","","","",""
"40799","ホテル　ニューウエノ","東京都","台東区上野7-2-5","110-0005","I","上野・浅草・錦糸町・新小岩・北千住","","","","","","","","","","","","",""
"107870","三井ガーデンホテル上野","東京都","台東区　東上野3-19-7","110-0015","I","上野・浅草・錦糸町・新小岩・北千住","","","","","","","","","","","","",""
"177547","プロスタイル旅館　東京浅草","東京都","台東区花川戸2-12-11","111-0033","I","上野・浅草・錦糸町・新小岩・北千住","","","","","","","","","","","","",""
"1127","ホテル　セレッソ","東京都","台東区根岸2-6-1","110-0003","I","上野・浅草・錦糸町・新小岩・北千住","","","","","","","","","","","","",""
"68219","サウナ＆カプセルホテル　北欧","東京都","台東区上野7-2-16","110-0005","I","上野・浅草・錦糸町・新小岩・北千住","","","","","","","","","","","","",""
"1452","浅草橋ビジネスホテル","東京都","台東区浅草橋1-11-9","111-0053","I","上野・浅草・錦糸町・新小岩・北千住","","","","","","","","","","","","",""
"162742","上野アーバンホテル","東京都","台東区上野7-8-21","110-0005","I","上野・浅草・錦糸町・新小岩・北千住","","","","","","","","","","","","",""
"15431","スカイハートホテル京成小岩駅前","東京都","江戸川区北小岩6-11-4","133-0051","I","上野・浅草・錦糸町・新小岩・北千住","","","","","","","","","","","","",""
"193411","ザ・ワンファイブ東京亀戸","東京都","江東区亀戸2-27-12","136-0071","I","上野・浅草・錦糸町・新小岩・北千住","","","","","","","","","","","","",""
"147970","アパホテル〈浅草橋駅北〉","東京都","台東区浅草橋3-1-10","111-0053","I","上野・浅草・錦糸町・新小岩・北千住","","","","","","","","","","","","",""
"184098","アパホテル〈浅草　新御徒町駅前〉","東京都","台東区元浅草1-6-11","111-0041","I","上野・浅草・錦糸町・新小岩・北千住","","","","","","","","","","","","",""
"151138","グランカスタマ上野店","東京都","台東区上野6-8-20","110-0005","I","上野・浅草・錦糸町・新小岩・北千住","","","","","","","","","","","","",""
"70768","ホテルサンルート浅草","東京都","台東区雷門1-8-5","111-0034","I","上野・浅草・錦糸町・新小岩・北千住","","","","","","","","","","","","",""
"5891","アートホテル日暮里　ラングウッド","東京都","荒川区東日暮里5-50-5","116-0014","I","上野・浅草・錦糸町・新小岩・北千住","","","","","","","","","","","","",""
"181173","ＴＨＥ　ＧＡＴＥ　ＨＯＴＥＬ（ザ・ゲートホテル）　両国　ｂｙ　ＨＵＬＩＣ","東京都","墨田区横網1-2-13","130-0015","I","上野・浅草・錦糸町・新小岩・北千住","","","","","","","","","","","","",""
"70688","ホテル　ラ　フィレンツェ","東京都","足立区西保木間4-14-22","121-0812","I","上野・浅草・錦糸町・新小岩・北千住","","","","","","","","","","","","",""
"164549","アパホテル〈浅草　雷門〉","東京都","台東区雷門2-14-1","111-0034","I","上野・浅草・錦糸町・新小岩・北千住","","","","","","","","","","","","",""
"7810","センチュリオンホテル上野","東京都","台東区上野2-3-4","110-0005","I","上野・浅草・錦糸町・新小岩・北千住","","","","","","","","","","","","",""
"67299","ホテル丸忠　ＣＬＡＳＳＩＣＯ","東京都","台東区清川2-37-7","111-0022","I","上野・浅草・錦糸町・新小岩・北千住","","","","","","","","","","","","",""
"168315","イチホテル浅草橋","東京都","台東区浅草橋1-26-6","111-0053","I","上野・浅草・錦糸町・新小岩・北千住","","","","","","","","","","","","",""
"137441","サウナセンター　稲荷町","東京都","台東区東上野6-2-8","1100015","I","上野・浅草・錦糸町・新小岩・北千住","","","","","","","","","","","","",""
"147711","徒士の湯　ドーミーイン上野・御徒町（ドーミーイン・御宿野乃　ホテルズグループ）","東京都","台東区上野6-7-22","110-0005","I","上野・浅草・錦糸町・新小岩・北千住","","","","","","","","","","","","",""
"41615","つるや旅館＜東京都＞","東京都","墨田区吾妻橋2-18-2","130-0001","I","上野・浅草・錦糸町・新小岩・北千住","","","","","","","","","","","","",""
"78114","上野ステーションホステル　オリエンタル　１","東京都","台東区上野6-9-9","110-0005","I","上野・浅草・錦糸町・新小岩・北千住","","","","","","","","","","","","",""
"54521","サウナ＆カプセル　ニューウイング","東京都","墨田区江東橋2-6-11","130-0022","I","上野・浅草・錦糸町・新小岩・北千住","","","","","","","","","","","","",""
"107894","Ｔａｂｉｓｔ　ホテルマーキュリー　浅草橋","東京都","台東区浅草橋2-1-9","111-0053","I","上野・浅草・錦糸町・新小岩・北千住","","","","","","","","","","","","",""
"182421","トーセイホテルココネ浅草","東京都","台東区浅草三丁目26番10号","111-0032","I","上野・浅草・錦糸町・新小岩・北千住","","","","","","","","","","","","",""
"179670","カプセルホテル　サウナセンター","東京都","台東区下谷2-4-7","110-0004","I","上野・浅草・錦糸町・新小岩・北千住","","","","","","","","","","","","",""
"173020","変なホテルプレミア東京　浅草田原町","東京都","台東区寿３丁目１９－８","111-0042","I","上野・浅草・錦糸町・新小岩・北千住","","","","","","","","","","","","",""
"104823","ＴＨＥ　ＮＥＬＬ　ＵＥＮＯ　ＯＫＡＣＨＩＭＡＣＨＩ","東京都","台東区東上野2-15-9","110-0015","I","上野・浅草・錦糸町・新小岩・北千住","","","","","","","","","","","","",""
"842","両国ビューホテル","東京都","墨田区両国2-19-1","130-0026","I","上野・浅草・錦糸町・新小岩・北千住","","","","","","","","","","","","",""
"67236","ハセベ町屋イン","東京都","荒川区町屋1-3-8","116-0001","I","上野・浅草・錦糸町・新小岩・北千住","","","","","","","","","","","","",""
"43759","ホテル　ヒカリ","東京都","台東区清川2-39-3","111-0022","I","上野・浅草・錦糸町・新小岩・北千住","","","","","","","","","","","","",""
"171906","ホテルトレンド浅草田原町","東京都","台東区寿1-18-3","111-0042","I","上野・浅草・錦糸町・新小岩・北千住","","","","","","","","","","","","",""
"197396","東横ＩＮＮ三ノ輪駅（２０２５年１１月１０日オープン）","東京都","台東区竜泉2-18-5","110-0012","I","上野・浅草・錦糸町・新小岩・北千住","","","","","","","","","","","","",""
"80891","カプセルイン錦糸町","東京都","墨田区錦糸2-6-3","130-0013","I","上野・浅草・錦糸町・新小岩・北千住","","","","","","","","","","","","",""
"76363","上野ステーションホステル　オリエンタル　２","東京都","台東区上野6-9-7","110-0005","I","上野・浅草・錦糸町・新小岩・北千住","","","","","","","","","","","","",""
"78182","サイプレスイン東京","東京都","葛飾区西新小岩1-2-5","124-0025","I","上野・浅草・錦糸町・新小岩・北千住","","","","","","","","","","","","",""
"167899","ホテルツーリストイン上野御徒町","東京都","台東区三筋2-20-4","111-0055","I","上野・浅草・錦糸町・新小岩・北千住","","","","","","","","","","","","",""
"28560","ホテルマイステイズ日暮里","東京都","荒川区東日暮里5-43-7","116-0014","I","上野・浅草・錦糸町・新小岩・北千住","","","","","","","","","","","","",""
"129490","ホテルサンルート“ステラ”上野","東京都","台東区上野7-7-1","110-0005","I","上野・浅草・錦糸町・新小岩・北千住","","","","","","","","","","","","",""
"171999","アパホテル〈上野　稲荷町駅北〉","東京都","台東区東上野5-10-8","110-0015","I","上野・浅草・錦糸町・新小岩・北千住","","","","","","","","","","","","",""
"180540","ＨＯＴＥＬ　ＴＡＢＡＲＤ　ＴＯＫＹＯ","東京都","墨田区江東橋4-14-5","130-0022","I","上野・浅草・錦糸町・新小岩・北千住","","","","","","","","","","","","",""
"182672","ネストホテルオルト蔵前駅前","東京都","台東区蔵前3丁目1-1","111-0051","I","上野・浅草・錦糸町・新小岩・北千住","","","","","","","","","","","","",""
"171907","ホテルトレンド東武浅草駅北","東京都","台東区花川戸1-15-4","111-0033","I","上野・浅草・錦糸町・新小岩・北千住","","","","","","","","","","","","",""
"38608","ホテル丸忠　ＣＥＮＴＲＯ（チェントロ）　（旧：ホテル丸忠）","東京都","荒川区南千住3-2-13","116-0003","I","上野・浅草・錦糸町・新小岩・北千住","","","","","","","","","","","","",""
"147625","スパ＆カプセルホテル　グランパーク・イン北千住","東京都","足立区千住仲町40-9","120-0036","I","上野・浅草・錦糸町・新小岩・北千住","","","","","","","","","","","","",""
"2465","ビジネスホテル　サンパレス＜東京都＞","東京都","荒川区南千住2-32-3","116-0003","I","上野・浅草・錦糸町・新小岩・北千住","","","","","","","","","","","","",""
"178476","ＫＡＩＫＡ　ＴＯＫＹＯ　ｂｙ　ＴＨＥ　ＳＨＡＲＥ　ＨＯＴＥＬＳ","東京都","墨田区本所2-16-5","130-0004","I","上野・浅草・錦糸町・新小岩・北千住","","","","","","","","","","","","",""
"184277","アパホテル〈浅草　蔵前駅前〉","東京都","台東区蔵前2-4-4","111-0051","I","上野・浅草・錦糸町・新小岩・北千住","","","","","","","","","","","","",""
"177986","浅草ビューホテル　アネックス　六区","東京都","台東区浅草2丁目９番10号","111-0032","I","上野・浅草・錦糸町・新小岩・北千住","","","","","","","","","","","","",""
"5627","ホテルマイステイズ上野イースト","東京都","台東区東上野5-5-6","110-0015","I","上野・浅草・錦糸町・新小岩・北千住","","","","","","","","","","","","",""
"80713","ホテルマイステイズ浅草橋","東京都","台東区浅草橋1-5-5　","111-0053","I","上野・浅草・錦糸町・新小岩・北千住","","","","","","","","","","","","",""
"9108","ホテル　エドアイト","東京都","江東区森下3-5-23","135-0004","I","上野・浅草・錦糸町・新小岩・北千住","","","","","","","","","","","","",""
"183041","アパホテル〈浅草　雷門南〉","東京都","台東区雷門2-9-1","111-0034","I","上野・浅草・錦糸町・新小岩・北千住","","","","","","","","","","","","",""
"167665","ベストウェスタンホテルフィーノ東京秋葉原","東京都","台東区上野5-1-6","110-0005","I","上野・浅草・錦糸町・新小岩・北千住","","","","","","","","","","","","",""
"178930","ホテルリソル上野","東京都","台東区上野7-2-9","110-0005","I","上野・浅草・錦糸町・新小岩・北千住","","","","","","","","","","","","",""
"162901","センチュリオンホテル＆スパ上野駅前","東京都","台東区上野6-8-16","110-0005","I","上野・浅草・錦糸町・新小岩・北千住","","","","","","","","","","","","",""
"198427","Ｌｕｍｉ　Ｈｏｔｅｌ　Ｔｏｋｙｏ　Ｓｈｉｎｋｏｉｗａ","東京都","葛飾区新小岩1-28-7","124-0024","I","上野・浅草・錦糸町・新小岩・北千住","","","","","","","","","","","","",""
"168247","ｈｏｔｅｌ　ｎｅｏｒｏｕｇｅ（ホテル　ネオルージュ）","東京都","台東区千束4-23-4","111-0031","I","上野・浅草・錦糸町・新小岩・北千住","","","","","","","","","","","","",""
"145411","１泊１９８０円ホテルＴｏｋｙｏ","東京都","台東区下谷3-10-10","110-0004","I","上野・浅草・錦糸町・新小岩・北千住","","","","","","","","","","","","",""
"141929","ＨＯＴＥＬ　ＧＲＡＰＨＹ　ＮＥＺＵ（ホテルグラフィー根津）","東京都","台東区池之端4-5-10","110-0008","I","上野・浅草・錦糸町・新小岩・北千住","","","","","","","","","","","","",""
"29338","エコノミーホテルほていや","東京都","台東区日本堤1-23-9 吉野通り前","111-0021","I","上野・浅草・錦糸町・新小岩・北千住","","","","","","","","","","","","",""
"187618","＆Ｈｅｒｅ　ＴＯＫＹＯ　ＵＥＮＯ","東京都","台東区上野2-11-18","110-0005","I","上野・浅草・錦糸町・新小岩・北千住","","","","","","","","","","","","",""
"164762","ＳＡＫＵＲＡ　ＳＫＹ　ＨＯＴＥＬ（桜スカイホテル）","東京都","墨田区江東橋4-9-3","130-0022","I","上野・浅草・錦糸町・新小岩・北千住","","","","","","","","","","","","",""
"164721","ＫＯＫＯ　ＨＯＴＥＬ　上野駅前","東京都","台東区東上野2-18-4","110-0015","I","上野・浅草・錦糸町・新小岩・北千住","","","","","","","","","","","","",""
"137984","アゴーラプレイス　東京浅草","東京都","台東区寿2-2-9","111-0042","I","上野・浅草・錦糸町・新小岩・北千住","","","","","","","","","","","","",""
"182345","上野アーバンホテルアネックス","東京都","台東区上野7-8-19","110-0005","I","上野・浅草・錦糸町・新小岩・北千住","","","","","","","","","","","","",""
"136139","リッチモンドホテル浅草","東京都","台東区浅草2丁目7番１０号","111-0032","I","上野・浅草・錦糸町・新小岩・北千住","","","","","","","","","","","","",""
"178223","Ｔａｂｉｓｔ　東京シティビューホテル","東京都","北区田端1-24-22","114-0014","I","上野・浅草・錦糸町・新小岩・北千住","","","","","","","","","","","","",""
"149438","東京ツーリストイン","東京都","台東区根岸2-14-10","110-0003","I","上野・浅草・錦糸町・新小岩・北千住","","","","","","","","","","","","",""
"182336","ＴＨＥ　ＫＡＮＺＡＳＨＩ　ＴＯＫＹＯ　ＡＳＡＫＵＳＡ（ザ　カンザシ　東京　浅草）","東京都","台東区浅草2-27-10","111-0032","I","上野・浅草・錦糸町・新小岩・北千住","","","","","","","","","","","","",""
"29159","ホテル　アカイ","東京都","葛飾区青戸3-41-13","125-0062","I","上野・浅草・錦糸町・新小岩・北千住","","","","","","","","","","","","",""
"25835","ホテル　パークアベニュー＜東京都＞","東京都","墨田区錦糸4-16-11","130-0013","I","上野・浅草・錦糸町・新小岩・北千住","","","","","","","","","","","","",""
"177706","ｈｏｔｅｌ　ＭＯＮｄａｙ　秋葉原浅草橋","東京都","台東区浅草橋2-29-12","111-0053","I","上野・浅草・錦糸町・新小岩・北千住","","","","","","","","","","","","",""
"75300","カプセルホテル　レインボー総武線・葛飾区・新小岩店","東京都","葛飾区新小岩1-49-1","124-0024","I","上野・浅草・錦糸町・新小岩・北千住","","","","","","","","","","","","",""
"826","浅草橋ベルモントホテル","東京都","台東区柳橋1-2-8","111-0052","I","上野・浅草・錦糸町・新小岩・北千住","","","","","","","","","","","","",""
"184911","ベッセルイン浅草　つくばエクスプレス（上野・浅草・雷門・スカイツリー）","東京都","台東区千束1-15-1","111-0031","I","上野・浅草・錦糸町・新小岩・北千住","","","","","","","","","","","","",""
"15314","ベッセルイン上野入谷駅前（上野・入谷・鶯谷）","東京都","台東区入谷1-25-6","110-0013","I","上野・浅草・錦糸町・新小岩・北千住","","","","","","","","","","","","",""
"28894","ホテルマイステイズ上野入谷口","東京都","台東区東上野5-5-13","110-0015","I","上野・浅草・錦糸町・新小岩・北千住","","","","","","","","","","","","",""
"153681","ホテルトレンド浅草","東京都","台東区浅草1-12-9","111-0032","I","上野・浅草・錦糸町・新小岩・北千住","","","","","","","","","","","","",""
"136277","東横ＩＮＮアキバ浅草橋駅東口","東京都","台東区柳橋2-14-4","111-0052","I","上野・浅草・錦糸町・新小岩・北千住","","","","","","","","","","","","",""
"177707","ｈｏｔｅｌ　ＭＯＮｄａｙ　浅草","東京都","台東区浅草2-26-7","111-0032","I","上野・浅草・錦糸町・新小岩・北千住","","","","","","","","","","","","",""
"172477","ホテルリブマックス東京綾瀬駅前","東京都","足立区綾瀬3-16-1","120-0005","I","上野・浅草・錦糸町・新小岩・北千住","","","","","","","","","","","","",""
"166527","ホテルグレイスリー浅草","東京都","台東区雷門2-10-2","111-0034","I","上野・浅草・錦糸町・新小岩・北千住","","","","","","","","","","","","",""
"177708","ｈｏｔｅｌ　ＭＯＮｄａｙ　Ｐｒｅｍｉｕｍ　上野御徒町","東京都","台東区台東3-41-7","110-0016","I","上野・浅草・錦糸町・新小岩・北千住","","","","","","","","","","","","",""
"145045","Ｔａｂｉｓｔ　アーバンステイズ浅草","東京都","墨田区吾妻橋１－８－９","1300001","I","上野・浅草・錦糸町・新小岩・北千住","","","","","","","","","","","","",""
"170213","Ｒａｋｕｔｅｎ　ＳＴＡＹ　東京浅草","東京都","墨田区吾妻橋2-16-6","130-0001","I","上野・浅草・錦糸町・新小岩・北千住","","","","","","","","","","","","",""
"111251","ホテル観月荘　上野","東京都","台東区上野2-14-28","110-0005","I","上野・浅草・錦糸町・新小岩・北千住","","","","","","","","","","","","",""
"166275","ホテルトレンド浅草ＡＮＮＥＸ","東京都","台東区浅草1-12-7","111-0032","I","上野・浅草・錦糸町・新小岩・北千住","","","","","","","","","","","","",""
"177072","ホテルブリリオ浅草橋","東京都","台東区柳橋2-16-16","111-0052","I","上野・浅草・錦糸町・新小岩・北千住","","","","","","","","","","","","",""
"28096","ホテルマイステイズ浅草","東京都","墨田区本所1-21-11","130-0004","I","上野・浅草・錦糸町・新小岩・北千住","","","","","","","","","","","","",""
"163073","相鉄フレッサイン　上野御徒町","東京都","台東区上野1-20-8","110-0005","I","上野・浅草・錦糸町・新小岩・北千住","","","","","","","","","","","","",""
"18248","ビジネスホテル福千","東京都","荒川区南千住5-33-19","116-0003","I","上野・浅草・錦糸町・新小岩・北千住","","","","","","","","","","","","",""
"15007","ホテル柳橋","東京都","台東区柳橋1-3-12","111-0052","I","上野・浅草・錦糸町・新小岩・北千住","","","","","","","","","","","","",""
"52125","サウナ&カプセルホテルニュー小岩３１０","東京都","江戸川区西小岩1-19-24","133-0057","I","上野・浅草・錦糸町・新小岩・北千住","","","","","","","","","","","","",""
"80757","住友不動産ホテル　ヴィラフォンテーヌ東京上野御徒町","東京都","台東区小島2-4-4","111-0056","I","上野・浅草・錦糸町・新小岩・北千住","","","","","","","","","","","","",""
"4958","ビジネスホテル矢野","東京都","江東区森下3-7-7","135-0004","I","上野・浅草・錦糸町・新小岩・北千住","","","","","","","","","","","","",""
"172209","Ｈｏｔｅｌ　Ｃｏｍｆａｃｔ","東京都","台東区下谷1-3-11","110-0004","I","上野・浅草・錦糸町・新小岩・北千住","","","","","","","","","","","","",""
"162860","ＯＮＥ＠Ｔｏｋｙｏ　ｂｙ　ｉｎｓｏｍｎｉａ","東京都","墨田区押上1-19-3","131-0045","I","上野・浅草・錦糸町・新小岩・北千住","","","","","","","","","","","","",""
"173211","東京ＳＡ旅館","東京都","台東区清川2-15-11","111-0022","I","上野・浅草・錦糸町・新小岩・北千住","","","","","","","","","","","","",""
"151373","ＭｙＣＵＢＥ　ｂｙ　ＭＹＳＴＡＹＳ浅草蔵前（マイキューブバイマイステイズ）","東京都","台東区蔵前2-6-7","111-0051","I","上野・浅草・錦糸町・新小岩・北千住","","","","","","","","","","","","",""
"179075","浅草東武ホテル","東京都","台東区浅草1-1-15","111-0032","I","上野・浅草・錦糸町・新小岩・北千住","","","","","","","","","","","","",""
"166409","ＨＯＴＥＬ　ＥＭＩＴ　ＵＥＮＯ（ホテルエミット上野）","東京都","台東区東上野4-1-1","110-0015","I","上野・浅草・錦糸町・新小岩・北千住","","","","","","","","","","","","",""
"179102","トーセイホテルココネ上野御徒町","東京都","台東区上野3-23-9","110-0005","I","上野・浅草・錦糸町・新小岩・北千住","","","","","","","","","","","","",""
"192794","カプセルホテル鈴森屋","東京都","墨田区江東橋4-6-5","130-0022","I","上野・浅草・錦糸町・新小岩・北千住","","","","","","","","","","","","",""
"1462","リフレフォーラム","東京都","江東区大島7-37","1360072","I","上野・浅草・錦糸町・新小岩・北千住","","","","","","","","","","","","",""
"134909","ビジネスホテル元春","東京都","墨田区錦糸2-4-11","130-0013","I","上野・浅草・錦糸町・新小岩・北千住","","","","","","","","","","","","",""
"188708","Ｈｏｔｅｌ　Ｐｒｅｌｅ　ホテルプレール","東京都","台東区松が谷3-10-8","111-0036","I","上野・浅草・錦糸町・新小岩・北千住","","","","","","","","","","","","",""
"158597","ＫＯＫＯ　ＨＯＴＥＬ　浅草駒形","東京都","台東区駒形2-7-5","111-0043","I","上野・浅草・錦糸町・新小岩・北千住","","","","","","","","","","","","",""
"163090","サクラホテル日暮里","東京都","文京区千駄木3-43-15","113-0022","I","上野・浅草・錦糸町・新小岩・北千住","","","","","","","","","","","","",""
"137351","サウナカプセルホテル　コア２１","東京都","江戸川区船堀１丁目７－９","134-0091","I","上野・浅草・錦糸町・新小岩・北千住","","","","","","","","","","","","",""
"28559","ホテルマイステイズ上野稲荷町","東京都","台東区松ヶ谷1-5-7","111-0036","I","上野・浅草・錦糸町・新小岩・北千住","","","","","","","","","","","","",""
"178663","ザ・ツーリストホテル＆カフェ秋葉原","東京都","台東区台東1-6-6","110-0016","I","上野・浅草・錦糸町・新小岩・北千住","","","","","","","","","","","","",""
"167967","ホテル庵浅草","東京都","台東区西浅草2-10-6","111-0035","I","上野・浅草・錦糸町・新小岩・北千住","","","","","","","","","","","","",""
"184995","マーベラス小岩　＾","東京都","江戸川区南小岩8-14-12　マーベラス小岩","133-0056","I","上野・浅草・錦糸町・新小岩・北千住","","","","","","","","","","","","",""
"187274","ＴＨＥ　ｓｋＭ　ＴＯＫＹＯ　ＨＯＴＥＬ＆ＤＩＮＩＮＧ","東京都","墨田区江東橋4-25-5","130-0022","I","上野・浅草・錦糸町・新小岩・北千住","","","","","","","","","","","","",""
"196580","黄金湯　お宿","東京都","墨田区太平4-14-6","130-0012","I","上野・浅草・錦糸町・新小岩・北千住","","","","","","","","","","","","",""
"73903","ＷＥＢホテル東京浅草橋","東京都","台東区柳橋1-30-3","111-0052","I","上野・浅草・錦糸町・新小岩・北千住","","","","","","","","","","","","",""
"151416","ホテルリブマックス浅草スカイフロント","東京都","墨田区業平1-10-4","130-0002","I","上野・浅草・錦糸町・新小岩・北千住","","","","","","","","","","","","",""
"147026","フォーポイント　フレックス　ｂｙ　シェラトン　東京上野","東京都","台東区上野7-12-9","110-0005","I","上野・浅草・錦糸町・新小岩・北千住","","","","","","","","","","","","",""
"129375","東横ＩＮＮ上野田原町駅","東京都","台東区寿３－１９－５","111-0042","I","上野・浅草・錦糸町・新小岩・北千住","","","","","","","","","","","","",""
"181987","Ｍｉｎｎ秋葉原","東京都","台東区台東1-22-3","110-0016","I","上野・浅草・錦糸町・新小岩・北千住","","","","","","","","","","","","",""
"181673","ＴＨＥ　ＬＩＧＨＴ　ＩＮＮ（ザ　ライト　イン）","東京都","荒川区東尾久1-34-6","116-0012","I","上野・浅草・錦糸町・新小岩・北千住","","","","","","","","","","","","",""
"74548","ホテル　ひかり","東京都","台東区千束４丁目１３－５","111-0031","I","上野・浅草・錦糸町・新小岩・北千住","","","","","","","","","","","","",""
"191995","Ｂ／Ｃ　ＡＰＡＲＴＭＥＮＴ　浅草花園通　レンタカー／サウナ付きホテル","東京都","台東区浅草5-32-3","111-0032","I","上野・浅草・錦糸町・新小岩・北千住","","","","","","","","","","","","",""
"179635","ＣＯＣＯＳＨＵＫＵ　浅草蔵前","東京都","台東区蔵前4-3-5","111-0051","I","上野・浅草・錦糸町・新小岩・北千住","","","","","","","","","","","","",""
"194938","みかみ浅草橋ホテル　＾","東京都","台東区浅草橋1-10-10　ティーラビル1～6階","111-0053","I","上野・浅草・錦糸町・新小岩・北千住","","","","","","","","","","","","",""
"187225","ｆａｖ　東京両国","東京都","墨田区両国1-9-10","130-0026","I","上野・浅草・錦糸町・新小岩・北千住","","","","","","","","","","","","",""
"167560","ホテルリブマックス浅草橋駅北口","東京都","台東区柳橋2-7-2","111-0052","I","上野・浅草・錦糸町・新小岩・北千住","","","","","","","","","","","","",""
"176793","ＫＩＮ　ＨＯＴＥＬ","東京都","台東区松が谷2-3-2","111-0036","I","上野・浅草・錦糸町・新小岩・北千住","","","","","","","","","","","","",""
"188307","ホテルプラスホステル東京浅草２","東京都","台東区花川戸1-7-10","111-0033","I","上野・浅草・錦糸町・新小岩・北千住","","","","","","","","","","","","",""
"181669","浅草雷門　竹乃宿","東京都","台東区雷門1-11-2","111-0034","I","上野・浅草・錦糸町・新小岩・北千住","","","","","","","","","","","","",""
"167156","ランドーレジデンス東京スイーツ","東京都","荒川区荒川4-37-1","116-0002","I","上野・浅草・錦糸町・新小岩・北千住","","","","","","","","","","","","",""
"70216","サクラホステル浅草","東京都","台東区浅草2-24-2","111-0032","I","上野・浅草・錦糸町・新小岩・北千住","","","","","","","","","","","","",""
"183145","浅草楓","東京都","台東区浅草1-31-5","111-0032","I","上野・浅草・錦糸町・新小岩・北千住","","","","","","","","","","","","",""
"151122","山中旅館","東京都","台東区池之端4-23-1","110-0008","I","上野・浅草・錦糸町・新小岩・北千住","","","","","","","","","","","","",""
"188071","ＥＬＥ　Ｈｏｔｅｌ　東上野","東京都","台東区東上野6-7-10","110-0015","I","上野・浅草・錦糸町・新小岩・北千住","","","","","","","","","","","","",""
"164462","ＨＯＴＥＬ　ｏｗｌ　ＴＯＫＹＯ","東京都","荒川区東日暮里6-59-3","116-0014","I","上野・浅草・錦糸町・新小岩・北千住","","","","","","","","","","","","",""
"181706","ＭＯＮｄａｙ　Ａｐａｒｔ　Ｐｒｅｍｉｕｍ　秋葉原浅草橋ステーション","東京都","台東区浅草橋1-5-2","111-0053","I","上野・浅草・錦糸町・新小岩・北千住","","","","","","","","","","","","",""
"176730","ホテル泊屋　上野","東京都","台東区東上野4-20-4","110-0015","I","上野・浅草・錦糸町・新小岩・北千住","","","","","","","","","","","","",""
"187309","ホテルプラスホステル東京秋葉原","東京都","台東区浅草橋4-11-6","111-0053","I","上野・浅草・錦糸町・新小岩・北千住","","","","","","","","","","","","",""
"184699","ｆａｖ　東京西日暮里","東京都","荒川区西日暮里5-31-6","116-0013","I","上野・浅草・錦糸町・新小岩・北千住","","","","","","","","","","","","",""
"5589","ビジネスホテル　福田屋＜台東区＞","東京都","台東区清川1-35-11","111-0022","I","上野・浅草・錦糸町・新小岩・北千住","","","","","","","","","","","","",""
"1680","上野東金屋ホテル","東京都","台東区東上野3-17-5","110-0015","I","上野・浅草・錦糸町・新小岩・北千住","","","","","","","","","","","","",""
"191670","ホップイン東京浅草","東京都","台東区花川戸1-7-8","111-0033","I","上野・浅草・錦糸町・新小岩・北千住","","","","","","","","","","","","",""
"166963","レジデンスコンドミニアム　カラハーイ","東京都","荒川区西日暮里1-29-20","116-0013","I","上野・浅草・錦糸町・新小岩・北千住","","","","","","","","","","","","",""
"177049","ホテル東京トリップ＜ＨＯＴＥＬ　ＴＯＫＹＯ　ＴＲＩＰ＞","東京都","荒川区西日暮里5-18-14","116-0013","I","上野・浅草・錦糸町・新小岩・北千住","","","","","","","","","","","","",""
"164563","Ｎｕｉ．ＨＯＳＴＥＬ　＆　ＢＡＲ　ＬＯＵＮＧＥ","東京都","台東区蔵前2-14-13","111-0051","I","上野・浅草・錦糸町・新小岩・北千住","","","","","","","","","","","","",""
"5636","ビジネスホテル　レガート","東京都","江東区森下3-17-12","135-0004","I","上野・浅草・錦糸町・新小岩・北千住","","","","","","","","","","","","",""
"197309","リヴシティ錦糸町参番館","東京都","墨田区江東橋1-2-4","130-0022","I","上野・浅草・錦糸町・新小岩・北千住","","","","","","","","","","","","",""
"183767","宿家　梟","東京都","台東区浅草5-45-9","111-0032","I","上野・浅草・錦糸町・新小岩・北千住","","","","","","","","","","","","",""
"178599","Ｓｔａｙ　ＳＡＫＵＲＡ　Ｔｏｋｙｏ　浅草　江戸乃舞","東京都","台東区千束1丁目6-3","111-0031","I","上野・浅草・錦糸町・新小岩・北千住","","","","","","","","","","","","",""
"167381","ホテルリブマックス上野駅前","東京都","台東区東上野4-12-2","110-0015","I","上野・浅草・錦糸町・新小岩・北千住","","","","","","","","","","","","",""
"179472","ＩＫＩＤＡＮＥ　Ｒｅｓｉｄｅｎｔｉａｌ　Ｈｏｔｅｌ　墨田京島","東京都","墨田区京島3-32-10","131-0046","I","上野・浅草・錦糸町・新小岩・北千住","","","","","","","","","","","","",""
"176625","ＰＬＡＹＳＩＳ　ＡＳＡＫＵＳＡ","東京都","墨田区東駒形1-12-2","130-0005","I","上野・浅草・錦糸町・新小岩・北千住","","","","","","","","","","","","",""
"178598","Ｓｔａｙ　ＳＡＫＵＲＡ　Ｔｏｋｙｏ　浅草　横綱　Ｈｏｔｅｌ","東京都","台東区浅草3-30-5","111-0032","I","上野・浅草・錦糸町・新小岩・北千住","","","","","","","","","","","","",""
"178477","ランダバウト東京","東京都","台東区根岸3-4-5","110-0003","I","上野・浅草・錦糸町・新小岩・北千住","","","","","","","","","","","","",""
"188306","ホテルプラスホステル東京浅草１","東京都","台東区雷門2-13-1","111-0034","I","上野・浅草・錦糸町・新小岩・北千住","","","","","","","","","","","","",""
"167602","イチホテル上野新御徒町","東京都","台東区台東4-23-11","110-0016","I","上野・浅草・錦糸町・新小岩・北千住","","","","","","","","","","","","",""
"180412","Ｇｌａｍｐｉｎｇ　Ｔｏｋｙｏ　Ａｓａｋｕｓａ","東京都","台東区浅草2-24-8","111-0032","I","上野・浅草・錦糸町・新小岩・北千住","","","","","","","","","","","","",""
"108362","東横ＩＮＮ鶯谷駅前","東京都","台東区根岸１－２－１７","110-0003","I","上野・浅草・錦糸町・新小岩・北千住","","","","","","","","","","","","",""
"176662","グリッズ　東京　上野駅前　ホテル＆ホステル","東京都","台東区上野7-10-4","110-0005","I","上野・浅草・錦糸町・新小岩・北千住","","","","","","","","","","","","",""
"169703","マーベラス錦糸町　＾","東京都","墨田区錦糸4-2-6　マーベラス錦糸町","130-0013","I","上野・浅草・錦糸町・新小岩・北千住","","","","","","","","","","","","",""
"135394","ホテルリブマックスＢＵＤＧＥＴ日暮里","東京都","台東区谷中3-2-12","110-0001","I","上野・浅草・錦糸町・新小岩・北千住","","","","","","","","","","","","",""
"170775","マーベラス両国　＾","東京都","墨田区横網2-15-7　マーベラス両国","130-0013","I","上野・浅草・錦糸町・新小岩・北千住","","","","","","","","","","","","",""
"178188","ＨＯＴＥＬ　ＴＡＶＩＮＯＳ　Ａｓａｋｕｓａ（ホテルタビノス浅草）","東京都","台東区 浅草2丁目18番8号","111-0032","I","上野・浅草・錦糸町・新小岩・北千住","","","","","","","","","","","","",""
"187265","ファーイーストビレッジホテル東京浅草","東京都","台東区浅草1-11-6","111-0032","I","上野・浅草・錦糸町・新小岩・北千住","","","","","","","","","","","","",""
"189264","ＳＡＫＥ　Ｂａｒ　Ｈｏｔｅｌ　浅草","東京都","台東区駒形1-6-7","111-0043","I","上野・浅草・錦糸町・新小岩・北千住","","","","","","","","","","","","",""
"191671","ホップイン東京上野","東京都","台東区上野6-7-19","110-0005","I","上野・浅草・錦糸町・新小岩・北千住","","","","","","","","","","","","",""
"196628","ラポール東向島","東京都","墨田区東向島4-41-1","131-0032","I","上野・浅草・錦糸町・新小岩・北千住","","","","","","","","","","","","",""
"166310","ホテルリブマックス浅草橋駅前","東京都","台東区浅草橋1-1-14","111-0053","I","上野・浅草・錦糸町・新小岩・北千住","","","","","","","","","","","","",""
"167914","ホテル　アマネク　浅草駅前","東京都","台東区駒形2-7-2","111-0043","I","上野・浅草・錦糸町・新小岩・北千住","","","","","","","","","","","","",""
"197744","９ＳＴＡＹ菊川","東京都","墨田区菊川2-3-8","130-0024","I","上野・浅草・錦糸町・新小岩・北千住","","","","","","","","","","","","",""
"1837","ホテル　サン・モリシタ","東京都","江東区森下3-6-2","135-0004","I","上野・浅草・錦糸町・新小岩・北千住","","","","","","","","","","","","",""
"129987","パレスジャパン","東京都","台東区清川2-31-6","111-0022","I","上野・浅草・錦糸町・新小岩・北千住","","","","","","","","","","","","",""
"182099","アーバンステイ押上","東京都","墨田区文花1-10-1","131-0044","I","上野・浅草・錦糸町・新小岩・北千住","","","","","","","","","","","","",""